:020000040100F9
:10000000D80D002105100001713D0001F10F000124
:10001000F10F0001F10F0001F10F000100000000DD
:10002000000000000000000000000000A910000116
:10003000F10F000100000000F10F0001F10F0001BD
:10004000CD110001CD110001CD110001CD11000134
:10005000CD110001CD110001CD110001CD11000124
:10006000CD110001CD110001CD110001CD11000114
:10007000CD110001CD110001CD110001CD11000104
:10008000CD110001CD110001CD110001151B0001A2
:10009000CD110001CD110001CD110001CD110001E4
:1000A000CD110001CD110001CD110001CD110001D4
:1000B000CD110001CD110001000000000000000082
:1000C0000000000000000000000000000000000030
:1000D0000000000000000000000000000000000020
:1000E0000000000000000000000000000000000010
:1000F0000000000000000000000000000000000000
:1001000000000000000000000000000000000000EF
:1001100000000000000000000000000000000000DF
:1001200000000000000000000000000000000000CF
:1001300000000000000000000000000000000000BF
:1001400000000000000000000000000000000000AF
:10015000000000000000000000000000000000009F
:10016000000000000000000000000000000000008F
:10017000000000000000000000000000000000007F
:10018000000000000000000000000000000000006F
:10019000000000000000000000000000000000005F
:1001A000000000000000000000000000000000004F
:1001B000000000000000000000000000000000003F
:1001C000000000000000000000000000000000002F
:1001D000000000000000000000000000000000001F
:1001E000000000000000000000000000000000000F
:1001F00000000000000000000000000000000000FF
:10020000DEE61E284CBBCE8F023500003C0000000D
:10021000405100000100000000000001000000014A
:10022000FFFF02910000000000000000000000003D
:1002300000000000000000000000000030B44FF09B
:10024000000310F8014B11F8015B013A84EA050440
:1002500043EA0403F5D1A3F101034FEAD37030BCA4
:10026000704700BF4FF0000310F8012B013943EA3B
:100270000203F9D1A3F101034FEAD370704700BF25
:1002800030B411F8014B12F8015B6C4000F8014BDF
:10029000013BF6D130BC70472DE9F04F90E8F00FEC
:1002A00000F140004FF0040E59E0F0B4826BC36BD4
:1002B00004680525242687593C444FEA724787EA9B
:1002C000F24787EA92273C4442684FEAF21787EAEE
:1002D000B24787EAD2073C4440F8044B032D08BFDD
:1002E0006FF01B0687593A444FEA734787EAF34792
:1002F00087EA93273A4443684FEAF31787EAB347FC
:1003000087EAD3073A4440F8042B87593B444FEA25
:10031000744787EAF44787EA94273B4444684FEAE6
:10032000F41787EAB44787EAD4073B4440F8043B14
:10033000013DC0D1A0F13C00076A3C444FEA72473E
:1003400087EAF24787EA92273C4402684FEAF217AD
:1003500087EAB24787EAD2073C44C463F0BC4FF057
:10036000020288EA781C8CEAF84C0BEBBC1C8AEA87
:10037000090303EA080383EA0A039C4450F8043B98
:100380009C4451F8043B9C44674444EA050B0BEA47
:10039000060B04EA05034BEA030BE34484EAF42367
:1003A00083EA34530BEBB30B87EA771C8CEAF74CE8
:1003B0000AEBBC1C89EA080303EA070383EA090382
:1003C0009C4450F8043B9C4451F8043B9C446644D4
:1003D0004BEA040A0AEA050A0BEA04034AEA030A9A
:1003E000E2448BEAFB2383EA3B530AEBB30A86EA37
:1003F000761C8CEAF64C09EBBC1C88EA070303EA7E
:10040000060383EA08039C4450F8043B9C4451F8DB
:10041000043B9C4465444AEA0B0909EA04090AEAD8
:100420000B0349EA0309E1448AEAFA2383EA3A53CF
:1004300009EBB30985EA751C8CEAF54C08EBBC1C8A
:1004400087EA060303EA050383EA07039C4450F89E
:10045000043B9C4451F8043B9C44644449EA0A0828
:1004600008EA0B0809EA0A0348EA0308E04489EAB3
:10047000F92383EA395308EBB30884EA741C8CEA45
:10048000F44C07EBBC1C86EA050303EA040383EA89
:1004900006039C4450F8043B9C4451F8043B9C44A4
:1004A000E34448EA090707EA0A0708EA090347EAB2
:1004B0000307674488EAF82383EA385307EBB30756
:1004C0008BEA7B1C8CEAFB4C06EBBC1C85EA040324
:1004D00003EA0B0383EA05039C4450F8043B9C4465
:1004E00051F8043B9C44E24447EA080606EA090640
:1004F00007EA080346EA0306664487EAF72383EA25
:10050000375306EBB3068AEA7A1C8CEAFA4C05EB01
:10051000BC1C84EA0B0303EA0A0383EA04039C4439
:1005200050F8043B9C4451F8043B9C44E14446EAA7
:10053000070505EA080506EA070345EA03056544D9
:1005400086EAF62383EA365305EBB30589EA791C7C
:100550008CEAF94C04EBBC1C8BEA0A0303EA09039E
:1005600083EA0B039C4450F8043B9C4451F8043B41
:100570009C44E04445EA060404EA070405EA06034D
:1005800044EA0304644485EAF52383EA355304EB23
:10059000B304013A7FF4E5AEA0F14000BEF1010ED4
:1005A0007FF483AEA0F1400C9CE80F0000194919BC
:1005B0009219DB19ACE80F009CE80F004044494455
:1005C00052445B44ACE80F00BDE8F08F2DE9F043E6
:1005D00085B0304803F0C8FE30B92F4803F060FA08
:1005E000002005B0BDE8F0834FF408414FF0807063
:1005F00003F004FE28B1294803F052FA01F038FF55
:10060000EEE701F02FFF054601F03AFFE8B903F0ED
:1006100031FE04460146284603F01EFE10B921466D
:100620001F4805E01B4801F04FFF014618B11D4867
:1006300003F036FAE2E72946284603F00DFE10B132
:1006400001F068FFFEE72946EAE74FF45E311648FD
:1006500003F0D4FD014608B11448E9E70446DFF889
:100660005090DFF8508001AF59F8046B98E807000C
:100670002E4487E807000C223946304603F0B2FECC
:1006800000B91EB90134072CEED10026304601F026
:1006900025FDA5E748450001C8480001E0480001E4
:1006A0000E49000138490001008800015749000146
:1006B000E8460001A0460001B2F5802F2DE9F04187
:1006C0000CD2042A20D83F4940F21A223E4803F0B7
:1006D000FDF940F21A213B4803F0EFF90823D21A42
:1006E000CC1D114424F0070421F00701091B172930
:1006F0004FEAD1060AD8334940F22322324803F0A8
:10070000E5F940F22321E6E70423E8E70025046049
:1007100031462046A660E56003F06FF9B6F5004F5C
:100720002CBF08230423421D92000833D11DDB088F
:1007300003EBD103B3424FEAD10739D80130294640
:10074000A2F1100204F11000B8BF2A4603F042FEE5
:100750003A462946204603F04CF92B462A462946BC
:10076000204603F01DF9A6EB070820462946012282
:1007700003F027F94246394603F03BF93B462A4647
:100780003946204603F00CF93146204603F031F992
:1007900043462A463146204603F002F931462046B8
:1007A000012203F00EF93946BDE8F04103F034B9F7
:1007B00004494FF40E72044803F088F94FF40E71A7
:1007C00089E700BF794900019C490001014B1B6882
:1007D000184700BF28000021014B1860704700BF78
:1007E0002800002130B585B004460D4610220021B6
:1007F000684603F0EFFD02238DF80230044B2A46D1
:1008000021466846019302F065FE05B030BD00BF89
:10081000CD0700012DE9F0471646028B044610076C
:1008200012D4022902F007025BD1204603F05BF9E3
:1008300088B10138042800F21081DFE810F052007E
:100840000E017400B300E00001290CBF42F0100259
:1008500042F02002228386F31188BFF36F8FBDE838
:10086000F08703F00701481F01281ED80020062941
:100870002768C4E9000014D1394603E0608B0130D9
:10088000608309680029F9D123F0070343F00201CE
:100890002046218303F027F990B341F02001218302
:1008A0002EE023F0070399B2F2E7042930D123F0B8
:1008B000070399B22046218303F015F910B141F0E6
:1008C00020012183238B03F00709914540F0CE805E
:1008D000228BD10640F1F48022F01003238302F032
:1008E0000702D4F81480238BB8F1000FB9DA002185
:1008F000276823F00703C4E9001143F001032383B1
:10090000238B03F00709914500F0E380002536E0D2
:100910007B4940F21B127B4803F0D8F840F21B11D0
:10092000774803F0CAF842B175494FF4AB72754885
:1009300003F0CCF84FF4AB71F2E7236843B9704988
:1009400040F257126F4803F0C1F840F25711E7E741
:1009500023691D6845B96A494FF4AD72694803F0CF
:10096000B5F84FF4AD71DBE7174690464FF0060936
:10097000238B23F0070343F006039BB22383A26873
:10098000002A76D1002F40F0A880002DA0D043F09F
:100990000803238386F31188BFF36F8F20465A49DB
:1009A000A84781E0022A08D0554940F25D12554817
:1009B00003F08CF840F25D11B2E7678B47B1504904
:1009C0004FF4AF724F4803F081F84FF4AF71A7E7CF
:1009D00023695D6845B94A4940F26112494803F00C
:1009E00075F840F261119BE7238BB84623F00703AB
:1009F00043F004039BB24FF004092383BFE7012AAD
:100A000008D03F494FF4B2723E4803F05FF84FF40C
:100A1000B27185E7236843B9394940F26512394814
:100A200003F054F840F265117AE723699D6845B9EF
:100A300033494FF4B472334803F048F84FF4B471BB
:100A40006EE70027238BB84623F0070343F0050326
:100A50009BB24FF00509238391E7294940F26B12BD
:100A6000284803F033F840F26B1159E700273D4660
:100A700085E743F00803238386F31188BFF36F8F64
:100A8000A16889B30E6879B343464A462046D1F837
:100A900004A0D0471EB1336831461E46F3E7334603
:100AA000FAE7002D7FF47AAFEFF31186202383F36A
:100AB0001288BFF36F8F238B23F00803238307E78C
:100AC00093067FF5C8AE22F02003238302F00702CD
:100AD000ABE6002F3FF4FCAE002543F00803238370
:100AE00086F31188BFF36F8F002FDAD03E68394646
:100AF00043464A46204603F022F83746F4E700BF53
:100B0000B44900019C4900016B3B000170B50546EA
:100B10000E4603F004F8041E14DBEFF311822023C9
:100B200083F31288BFF36F8F4FF6FF716B8B2C8BA3
:100B30008B4204F0070407D182F31188BFF36F8F53
:100B40006FF00A04204670BD022C0CD101336B8378
:100B500082F31188BFF36F8F002322463146284667
:100B600002F0EDFFEEE7062C11D8DFE804F0041EDA
:100B7000101004250400002333606B6893B9C5E9A5
:100B8000006604BB02212846FFF744FEDAE710495D
:100B900010484FF4E47202F099FF4FF4E4710C48EE
:100BA00002F08BFF1E606E60EBE782F31188BFF3EB
:100BB0006F8F6FF00404C5E782F31188BFF36F8F66
:100BC0006FF08504BEE782F31188BFF36F8FB9E73A
:100BD000B44900019C49000108B54268034602F08F
:100BE0000302032A816002D02AB1002000E00068DD
:100BF00000225A6008BD04490448452202F066FFFD
:100C00004521014802F059FFD94900019C490001E2
:100C10002DE9F7430D46DDE90A9790461E46044646
:100C200010B96FF00D003DE00029FAD0002AF8D08D
:100C30008B680846DB6898470368B6FBF3F203FB52
:100C40001262002AEDD1B9FBF3F203FB1292002AE3
:100C5000E7D1002FE5D0B7FBF3F103FB11710029B9
:100C6000DFD1C4E90086C4E905972161A160E56090
:100C700003686A4663620C9BC4E907314379CDE996
:100C800000612846094984F8283003F067F9019A81
:100C9000002AC6D0D4E905310B449A422CBF00206B
:100CA0006FF00D0003B0BDE8F08300BFE93B000129
:100CB00008B5044802F0F4FE034802F0F1FE0020FB
:100CC00008BD00BFFF490001354A000108B50348CF
:100CD000034A0021121A03F03DF808BD500000211C
:100CE000D8010021074808B5074A0849121A03F03D
:100CF00033F8BDE808400648064A0749121A03F0CF
:100D00002BB800BF28000021500000211451000121
:100D10000000002128000021EC50000130BFFFF747
:100D2000FDBF00BF154B9A6A12F0007F9A6A14BF8C
:100D30001E201D2012F0807F9A6A18BF1F2012F417
:100D4000801F9A6A18BF022012F4002F9A6A18BFF7
:100D5000212012F4802F9A6A18BF222012F4003F3B
:100D60009A6A18BF232012F4803F9A6A18BF242081
:100D70006FEA02426FEA12429A62704700ED00E0A9
:100D800010B5164B9A6A9C6A12F4805F14BF172242
:100D9000162214F4006F9C6A18BF1822A40509D506
:100DA0009A6B9A6A120404D518B19A6A22F4004226
:100DB0009A621922094B986A10F4806F986A18BFDA
:100DC0001A2210F4807F986A40F47F4098624FF0B6
:100DD00000030CBF10461B200B7010BD00ED00E09F
:100DE00010B51E4B0246986A9C6A10F0100F14BF93
:100DF0001120102014F0080F9C6A18BF1220A407BD
:100E000009D5586B986A000604D51AB19A6A22F07F
:100E100080029A621320114B9A6A12F0010F9A6AAB
:100E200018BF1420D40602D49B6A9A070ED50B4B28
:100E30009B6ADB060AD50A490A4840F22D1202F0E5
:100E400045FE40F22D11064802F037FE034A936A30
:100E500043F0FF03936200230B7010BD00ED00E030
:100E6000634A00019C490001F0B5564B04465B689B
:100E700000258BB0C3F3080385F31188BFF36F8F90
:100E800002F07F40B0F17F4F08D102F00C0008283B
:100E900004D012074CBF0C46012554B94A4940F210
:100EA00014424A4802F012FE40F21441464802F051
:100EB00004FE0022033B8DF80720032B7BD8DFE8DC
:100EC00003F00272765D3F4AD36A13F0020372D1D7
:100ED000D16A00291ADBD36A5B005BD55369A1692B
:100EE00043F480735361BFF34F8FBFF36F8F536928
:100EF00031F8021C23F480735361BFF34F8FBFF3AB
:100F00006F8F4DF60273994220D123689DF8072018
:100F1000D2B9224602AE04F1200734461068516867
:100F2000083203C4BA422646F7D1099A002D44D0AC
:100F3000C2F3080121B96FEA52226FEA42220992F4
:100F4000184602A902F00AFF0BB0F0BD936ADBB2AB
:100F500033B101200DF10701FFF742FF0346D5E74A
:100F6000936A13F47F4F05D001200DF10701FFF7BD
:100F700007FFF3E7936AB3F5803F02D3FFF7D2FE92
:100F8000ECE7114940F2ED22104802F09FFD40F2DB
:100F9000ED218BE70C494FF43C720C4802F096FDB2
:100FA0004FF43C7182E700200DF10701D4E70020E7
:100FB0000DF10701DBE70023A8E722F4FF7222F01E
:100FC0000102BCE700ED00E0634A00019C4900011A
:100FD000064B5A6942F010025A615A6942F4806223
:100FE0005A615A6922F008025A61704700ED00E028
:100FF000EFF30880EFF3098101B57246FFF734FF84
:1010000001BD00BF002080F31488BFF36F8F002064
:1010100080F30A8880F30B880F4880F3088801F07A
:1010200041FB00200D490860BFF34F8F00F01AF814
:10103000202080F311880A484FF40061401880F3A3
:101040000988EFF314800221084380F31488BFF36A
:101050006F8F02F099FE0000D80D002194ED00E0A2
:10106000D801002172B6002383F313884FF0FF30BC
:101070000C4A03F120010133102B42F82100F8D172
:1010800000234FF0FF30074A03F160010133102BBA
:1010900042F82100F8D162B6BFF34F8FBFF36F8FD4
:1010A000704700BF00E100E01EF0040F0CBFEFF33B
:1010B0000880EFF30980816911F8021C0229FFD032
:1010C00001B5724602F050FE01BD00BF40B20028DB
:1010D00007DB01234109034A00F01F00834042F867
:1010E0002130704700E100E0054B420953F822200F
:1010F000012300F01F0003FA00F01040704700BF0A
:1011000000E100E00131072908B508D90D490E4872
:101110006B2202F0DBFC6B210A4802F0CEFC40B2ED
:101120000028ACBF00F16040084B4FEA4111C9B242
:10113000ABBF00F5614000F00F0080F800131954B8
:1011400008BD00BF954A00019C49000114ED00E074
:10115000044B054A23F07F039360BFF34F8FBFF327
:101160006F8F70470000000100ED00E0154680B56C
:1011700006460C46002282F30B880A4FA7F58068CA
:1011800088F30B8887F309880020044988472046A4
:1011900029461A46B04702488047FEE79F3D0001B6
:1011A000AD3D0001D80D00211022014B1A6170479E
:1011B00000ED00E0002320210348C21801331E2B5C
:1011C00082F80013F9D1704700E100E008B5EFF3B1
:1011D0000583064A103B02EBC30152F8330049680D
:1011E0008847BDE8084002F0CABD00BF6445000161
:1011F00008B5024B1B689847002008BDF800002185
:10120000034B044A1860937843F0020393707047CD
:10121000F80000212C00002108B50649064821F0FD
:101220000701C1F1045202F58032FFF745FA0020B0
:1012300008BD00BFDF0D0021FC000021064AD2F8E6
:10124000AC3123F00043C2F8AC310022034BC3F8A9
:101250004C21D3F84C31704700200141006001411E
:1012600073B5354BD3E84F3F00233449CDE9003304
:10127000334BD3F80445BFF35F8FD1F80465BFF358
:101280005F8FD3F804259442F3D16B4622460121A7
:101290002B4802F0B6FD324605460F21274801AB28
:1012A00002F0AFFDE0B1019B0DB9009302E0009A9E
:1012B0009342FAD3009B22481C44013CD0F84C35A1
:1012C00024F07F449C421F4932D0FFF7B7FFC0F89B
:1012D0004C451D4B009A9A4218D901230B7001E02E
:1012E000002DE7D1194AD2F8AC3143F00043C2F8DF
:1012F000AC31134BD3F84C2132B90121144A51605F
:10130000D3F84C3103B1116001230DE0BFF35F8FBF
:10131000D0F80435E41A24F07F440E4B033C9C4281
:10132000DBD900230B7000230B4A137002B070BD91
:101330000B78002BF7D0D5E7D40100210010014134
:1013400000600141D2010021FEFF7F000020014129
:1013500000B00041FBFF7F00D3010021F8B51E491A
:101360000023C1E8423F52BB1C4B1D783DB305230F
:101370001B4E1C4F34780134B4FBF3F303EB8303AF
:10138000E41A02F037FF184A137823B157F82430D3
:10139000C01A072813D9154BD3F8141141B10021F5
:1013A000C3F81411D3F8143134700CB9012313703D
:1013B000347802F01FFF47F824002846F8BD0C4A95
:1013C0000025D2F8AC3123F00043C2F8AC31012241
:1013D000084B5A60F1E700BFD4010021D30100217E
:1013E000D101002108010021D0010021005000415D
:1013F0000020014100B000410122024BC3F840250A
:10140000704700BF000008415023142213B5234C3D
:101410000021C4F80C35224B0846C3F820214FF4B4
:101420000062204BC3F8BC254FF48062C3F8382516
:101430000DF1070201F0A4F900280ADA1A491B4845
:1014400040F23B2202F042FB40F23B21164802F000
:1014500034FB9DF80710164802F059FF9DF807105D
:10146000144802F054FF9DF80710134802F04FFF94
:101470009DF80710204602F04AFF9DF8070001F092
:101480009DF94FF400220D4BC3F844230022C3F80A
:101490004C21D3F84C3102B010BD00BF00B0004168
:1014A0000030204100200141CC4A00019C4900014C
:1014B0004C610141282001412C2101410060014182
:1014C00048B1054B054A1B68B3FBF2F35843044B84
:1014D00043F00103184770473C00002140420F00D1
:1014E000E0460001BFF34F8F0549064BCA6802F47E
:1014F000E0621343CB60BFF34F8F00BFFDE700BF37
:1015000000ED00E00400FA0508B54FF0FF323F237C
:101510000348C0E9002301F02DF9002008BD00BFF9
:101520001C010021402373B50B4C0093041B0B4698
:101530000D460A49A41061430646094A094802F0CB
:1015400091FC011E05DA30462B4602B0BDE8704022
:10155000184702B070BD00BF38010021B76DDBB67F
:10156000D33E000110450001C9B2012908B508D9D0
:10157000084909487E2202F0A9FA7E21054802F0B6
:101580009CFA0C22036901FB0233186C00F007007F
:1015900008BD00BFF64A00019C49000170B5C9B200
:1015A000012903690AD9184918484FF4E87202F072
:1015B0008DFA4FF4E871144802F07FFAEFF31185C9
:1015C000202484F31288BFF36F8F0C2606FB0134AE
:1015D000246C14F0C00408D0A24206D085F3118810
:1015E000BFF36F8F4FF0FF3070BD012271430B448A
:1015F0001A6485F31188BFF36F8F43680B445B68EF
:1016000098470020F0E700BFF64A00019C4900011E
:10161000084B70B5C31A0D4607499B100446594341
:1016200040220648FFF7BAFF2B4601462046BDE898
:101630007040184738010021B76DDBB61045000136
:10164000F8B50022012105460520FFF75BFD104893
:1016500001F0C8F80446B8B901F0E4F82F690D4963
:10166000384602F08FFA031E09DB01263E642D691D
:10167000084905F11C0002F085FA031E02DA1C4637
:101680002046F8BDEE64FBE76FF00404F8E700BF06
:10169000191700010447000110B5EFF3118420234E
:1016A00083F31288BFF36F8F074A136823F0020198
:1016B000DB07116002D4012001F0FEF884F31188E9
:1016C000BFF36F8F10BD00BF880100210C22104BAB
:1016D000014602FB0033002030B4D3E90E52986378
:1016E000EFF31180202484F31288BFF36F8F1C6CFA
:1016F00004F0C00444F002041C6480F31188BFF3BA
:101700006F8F1DB12B4630BC0248184730BC704764
:101710003801002110450001012808B506D007282E
:1017200008D090B90E4B1B6C5B0717D1BDE8084081
:10173000FFF7CCBF0B4940F2FA220B4802F0C6F982
:1017400040F2FA21074802F0B8F906494FF4417215
:10175000054802F0BBF94FF44171F3E708BD00BF43
:1017600038010021F64A00019C49000110B4EFF352
:101770001182202383F31288BFF36F8F174801680B
:1017800041F002040460C80707D482F31188BFF354
:101790006F8F012010BC01F065B81149D1F80C041D
:1017A000D1F80C14C907F0D5EFF3118083F3128838
:1017B000BFF36F8F0B490B6C03F0C00343F00203C0
:1017C0000B6480F31188BFF36F8F82F31188BFF32E
:1017D0006F8F002010BCFFF779BF00BF8801002188
:1017E00000500041380100212DE9F843012206464E
:1017F0003D49D1E8EF3FC1E8E02F0028F9D19BB97E
:101800003A493B484B60CB608A60FFF77FF900287C
:101810000ADA384940F2A322374802F057F940F279
:10182000A321344802F049F96EB3731E012B52D83C
:10183000012E06D1314BD3F81C3403F00303022BE5
:1018400021D002F09CFD0546F8B92D4B1B78E3B181
:1018500002220746294BC3F808234FF00008274C03
:10186000DFF8A090D4F81824D4F81834D20315D592
:1018700003F00303022B01D0012E0FD135B387F300
:101880001188BFF36F8FBDE8F883EFF31187202332
:1018900083F31288BFF36F8F0125DEE7384602F02D
:1018A0008DFAD4F81835DBB2012BDBD1D4F8042142
:1018B000002AD7D0C4F80481D4F804210222C4F845
:1018C00018252022C9F88021A360CBE702220B4B08
:1018D000C3F80423D7E7074940F2B522064802F0CF
:1018E000F5F840F2B5219CE73401002124010021E4
:1018F00054010021F64A00019C49000100500041BA
:10190000D701002100E100E008B5074802F02CFDF6
:1019100038B10648FFF774FC0448FEF75DFF00206D
:1019200008BD6FF01200FBE72C45000131190001E2
:101930000A2838B50446074D04D1AB680D21284666
:101940005B689847AB6803485B68E1B298472046FC
:1019500038BD00BF2C450001024B0B600123136012
:10196000704700BF8C0100210048704728470001E4
:1019700010B502F0F3FC034C206002F0ECFC606058
:10198000002010BD8C010021F8B50E4619463046E6
:1019900017461C4602F017FBC8B106F1807646EAEE
:1019A000040515F0030512D154B124F00304A54237
:1019B00006EB050006D1074AD2F80034DB07FBD559
:1019C0000020F8BD795901F045F90435EFE76FF0D3
:1019D0001500F6E70000084108B5036802465909FA
:1019E00013D0012906D14FF6FF7103F01F03D94030
:1019F000C80711D40A490B484FF4747202F066F814
:101A00004FF47471064802F058F84FF0FF31D94096
:101A1000C907EFD5044800E00448136008BD00BFC3
:101A2000684B00019C49000100058C4100088C4175
:101A30002DE9F04F9346824640F2FF17DFF8CC9035
:101A400085B000EB8106B24503D1002005B0BDE8AA
:101A5000F08FDAF80030C3F3C322082AC3F3080476
:101A60004DD82B491B0EBC4208BF4FF0FF348D5C94
:101A7000032B47D8DFE803F002093336CBF80C45D7
:101A8000631C32D10AF1040ADDE7CBF81445621C6D
:101A9000F8D00021DAF8003003A803F40042002A4D
:101AA00016BF002188464FF001080193009103946E
:101AB000FFF792FF039C019B00EB8400D0F80042EB
:101AC000C3F3412C00992B0243EA8C030B4304EA35
:101AD0000904234343EA4803C0F80032D2E7CBF8B5
:101AE0000845CDE7CBF81045D1E703A80394FFF7ED
:101AF00073FF0121039B01FA03F38360CAE76FF0D0
:101B00001500A3E76FF08500A0E700BFF0F0FCFF31
:101B10009B4B0001684620F007018D4601B5134B31
:101B2000D3F80423D20517D5D3F82021A2B1EFF3BF
:101B30001182202181F31288BFF36F8FD3F8201117
:101B400031B10021C3F82011D3F820110121D9604F
:101B500082F31188BFF36F8F044BD3F8583102F032
:101B60000EF9BDE801408546704700BF00300141D5
:101B70002DE9F04104460D46476802F000FC88B1AB
:101B80004FF02008EFF31186314688F31288BFF337
:101B90006F8F606802F092FA30BB86F31188BFF352
:101BA0006F8FEFE71D4B1B78002BE9D04FF020081B
:101BB0006426606802F082FA50B9012002F06CFBE2
:101BC000013EF6D1F4E786F31188BFF36F8FEFE79C
:101BD000EFF31186314688F31288BFF36F8F606888
:101BE00002F06CFA0028EED0FB6900201D706368DB
:101BF000FA691B68C3F844250122C3F84825C3F8D5
:101C00002001D3F82041C3F85801D3F858019A6055
:101C100081F31188BFF36F8FBDE8F081D7010021F8
:101C20000D4B1868010A0006BFF35F8F0B4BD3F80A
:101C30000435181841F10001B3F5801F0AD2084B92
:101C4000D3E90023904271EB030303D210F18070BB
:101C500041F10001704700BFA8010021006001416F
:101C6000680000212DE9F74302F0FAF82E4BD3F873
:101C7000042390070BD5D3F8042142B10022C3F806
:101C800004212A4AD3F80431136801331360264A29
:101C9000D2F80433D90326D5254BD3E8EF1F21F022
:101CA0000100C3E8E40F002CF7D1CB0702D4D2F82F
:101CB0004031C3B100251C4CC4F84051D4F8403128
:101CC000FFF7AEFFEFF31182202383F31288BFF3F7
:101CD0006F8F184BD3E90267B042B94106D282F345
:101CE0001188BFF36F8F03B0BDE8F0834FF0FF386A
:101CF000D3E900104FF0FF391D60C3E902894FF4AA
:101D00008033C4F84833C4F84051D4F8403182F3EA
:101D10001188BFF36F8F0029E5D0009032463B4613
:101D200028468847DFE700BF00600141A801002185
:101D3000A0010021500000212DE9F74F4FF00108CC
:101D400008FA00F8144606461D466FEA0802DFF856
:101D500030A1DAE8EF3F03EA0201CAE8E01F0028F9
:101D6000F7D14FF48037DFF81C91B740C9F80873FA
:101D7000BFF35F8FBFF36F8F08EA03030093FFF792
:101D80004FFFA04271EB05034BD23F4B201A65EB8E
:101D90000101984271F1000156D23C4B03EB06134E
:101DA000D3E902239D4208BF944243D04FF0000B79
:101DB00024F07F4EF446032006F150039B009BB2B3
:101DC00003F1824303F5B033C9F84873C3F800B098
:101DD0001A6806F5A872019201992CF07F4249F821
:101DE00021206FF00202C9F84473D9F80415521A81
:101DF0006244DFF89CC022F07F4262451AD91A681B
:101E00005AB1D9F80415A1EB0E0222F07F42B2F5C7
:101E1000000F0FD9C3F800B01A6800EB010C0130B5
:101E2000DAE71C4BD3E8EF1F41EA0801C3E8E21FE1
:101E3000002AF7D1154918483301C850002301EB97
:101E40000612C2E902455360009BABB1DAE8EF3FEE
:101E500043EA0803CAE8E23F002AF7D1094BC3F876
:101E600004730C4BD3E8AF3FF340DB0742BF4FF4A2
:101E700080020A4BC3F8002103B0BDE8F08F00BF19
:101E8000A4010021006001410100800050000021F8
:101E9000FDFF7F00A0010021211F000100E100E003
:101EA00070B54FF0FF3000254FF0FF31174C184B45
:101EB0000226C4F80833C4F84833164BC4F8085552
:101EC000C3E902014FF480334FF48002C4F80433B5
:101ED000114B0121C4F804631620C3F880212A465F
:101EE000FFF710F91620FFF7F1F801230B4AA36062
:101EF0002846236013604FF480720023FFF71CFF15
:101F00003046FFF771FC284670BD00BF00600141FC
:101F100003000F005000002100E100E0A4010021B7
:101F2000F8B5144922F07F45D1E90063921B140AE9
:101F300022F0FF02921943F10003C1E90023A5F545
:101F40000011B1F5400F0AD20B4909684FEA112C74
:101F500009064E1909494CF10007C1E9006712F55D
:101F6000807243F10003FFF7E7FE2046BDE8F8402A
:101F700000F088BF60000021A80100216800002156
:101F800030B5024600240B490B4D0B6805EB0310DE
:101F9000D0F80808C0B218B904B10B60002007E0FF
:101FA0000133072B4FF00104F0D96FF01B000B60D9
:101FB000136030BDAC01002100000841F7B5434D6E
:101FC0000646D5F820320C46B3F5006F174608D008
:101FD0003F494048212201F079FD21213C4801F090
:101FE0006CFD01A8FFF7CCFF002867D1D5F82022AF
:101FF000B6FBF2F302FB1363002B61D1D5F820226C
:10200000B4FBF2F302FB1343002B59D1D5F8202285
:10201000D5F824325343A34252D3002C50D0019B15
:10202000072B07D92C4977222A4801F04FFD772149
:102030002948D4E7D5F82012B6FBF1F201FB126271
:1020400032B125497822234801F040FD7821EFE79D
:10205000D5F82022D5F824124A43944206D91E49C5
:1020600079221C4801F032FD7921E1E7D5F82012F0
:10207000B4FBF1F201FB124232B117497B22154841
:1020800001F024FD7B21D3E71B0103F1824101F51F
:102090000021C1F80068C1F80448C1F80878D1F8F7
:1020A000002896420FD1D1F8042894420BD1D1F8E0
:1020B0000838DBB29F4218BF6FF00D0003B0F0BDCF
:1020C0006FF01500FAE76FF00D00F7E70000FF0171
:1020D000B24B00019C490001DE4B000130B50446C3
:1020E000816985B04C4801F0DBFC0121204600F0FD
:1020F00069FA28B9494805B0BDE8304001F0D0BCC4
:1021000000226846464B474DC3F80025D3F80C150E
:102110000091D3F814150191D3F808150291D3F862
:102120001035039350F8043B591C1DD059090CD0AD
:10213000012967D03C493D484FF4747201F0C6FC58
:102140004FF47471384801F0B8FC4FF0FF31D940BA
:10215000C907EFD5364901EB8303D3F800122940B4
:1021600041F00201C3F800120132042ADAD14FF023
:10217000FF32304BC3F80823BFF36F8F72B60023D2
:102180002D4903F120000133102B41F82020F8D114
:1021900000234FF0FF30284A03F160010133102B78
:1021A00042F82100F8D14FF0E02300221A61D3F861
:1021B000042D03F5506342F000725A605A6A22F40B
:1021C000E0225A62EFF31482920707D5EFF31482EC
:1021D00022F0020282F31488BFF36F8FBFF34F8F98
:1021E000BFF36F8FA2699A60A269002383F30B8803
:1021F00083F30A88116881F3088883F309880F4BF9
:10220000506898474FF6FF7103F01F03D940C90784
:1022100090D50B499FE700BF104C0001224C0001F4
:1022200000300141F0F0FCFF684B00019C490001C7
:1022300000058C410050004100E100E00100002158
:1022400000088C411FB50446074A01AB07CA83E862
:1022500007000C221946204602F0C4F800280CBFE3
:102260002046002004B010BDAC46000170B5054604
:102270000024054E56F8040B2844FFF7E3FF10B97D
:102280000134072CF6D170BD784700012DE9F04FDD
:10229000814685B010460E4614461F46D568D2F8D2
:1022A0001080FFF7CFFF40B91FB945215D4801F00D
:1022B0008EFC002005B0BDE8F08FA069484504D031
:1022C000002FF6D145215848F1E727B9B0422CD06C
:1022D00045215648EBE73046FFF7C8FF8442E8D176
:1022E000226A534B9A42E4D12D19E2D218EB06032D
:1022F000DFD2A642DDD89C42DBD2013DAE42D8D827
:102300009D42D6D218EB0908E3693BD24B4539D33D
:10231000434537D23344A3EB09035B684B4536D2C0
:10232000002FC6D145214348C1E7FFF79FFF8442F4
:1023300002D045214048BAE7226A3D4B9A420FD16C
:102340002D192CBF4FF0010A4FF0000A49213B48DC
:1023500001F03DFCBAF1000F07D045213848A6E74F
:102360004521384801F033FCA3E718EB0903F4D208
:10237000A145F2D89C42F0D2013DAE42EDD89D423B
:10238000C0D3EAE7002F94D145212F488FE743457A
:10239000C6D2D4F81090DFF8B4A009EB060505F119
:1023A000050B0DF104089AE8070088E807000C22E5
:1023B0004146284602F016F800B91DBB0135AB4571
:1023C000F1D1002F7FF475AF452121486FE7002F31
:1023D0007FF46FAF45211F4869E705F110024946B8
:1023E000304601F01DFF024628B1002F7FF461AF97
:1023F00045211948B6E71FB94921184801F0E7FB04
:10240000012057E7EA68A3699A42E0D101F001FF91
:1024100002460028E1D0002F7FF44BAF4521104841
:10242000A0E700BF574C00017A4C0001B04C0001FE
:10243000FFFF0291B94D0001E04C0001364D000153
:102440005A4D00010C4D00018A4D0001B8460001B3
:10245000E94D00011D4E0001764E0001A54E000120
:10246000534E0001014BD3F8A805704700800001CE
:102470004FF00053014A1A60704700BF15FCBA259F
:102480004FF0005318680D4B984210D003F11C53C5
:10249000A3F58B13A3F6CC5398420AD0084B98426D
:1024A00009D0084B98420CBF04200220704700203E
:1024B0007047032070470120704700BFB6B3B4B522
:1024C0005DCE03F1EC49F2B610B54FF00054104B5D
:1024D000226801469A42ADF5107D16D14FF45E3365
:1024E0000022CDE90132E36810AA009305A84FF459
:1024F0000073FEF78DFB28B9D4E90112012305A86A
:1025000001F0E4FB0DF5107D10BD6FF00D00F9E753
:10251000B6B3B4B54FF00053014A1A60704700BF1C
:102520005DCE03F12DE9F043224885B001F0A6FE0F
:10253000002604461F4B204FD3F83880DFF87C90EC
:10254000B04503D8002005B0BDE8F083636A97E882
:1025500007001D6801AB83E807000C2219462846D6
:1025600001F040FF78B975B122692B699A420AD10E
:10257000AB69A2699A4206D8E2699A4203D96369B3
:102580006A6993430CD0256A75B10D4801F088FA49
:10259000002383F31188BFF36F8F0423184602DFF3
:1025A000E36801361C44CBE7484601F079FA636AD8
:1025B0001D60F5E700020001C4460001F94E00016C
:1025C000D04E00012DE9F04F87B00646009198B338
:1025D00001F054FE00270446B36BBB424ED94FF0C6
:1025E0000008DFF8ACA04FF000095AF8043BDFF810
:1025F000A4B05BF8045B01931D44274B93E80700EC
:1026000003AB83E8070019460C22284601F0EAFED6
:10261000019B00B9A5B909F10109B9F1070FE8D18A
:102620001E4B08F101089845DDD3009B13B1002231
:10263000636A1A60236A3BB3002007B0BDE8F08FDD
:102640002B6A174A9342EBD1AE42E9D0696B05F190
:102650003C038842E4D025691A6995420AD19A69F7
:10266000A569954206D8E569954203D962695D6915
:10267000AA4305D0DA6801301344EAE70120DCE719
:10268000009A0AB1626A1360E36801371C44A3E749
:10269000E850000194470001D0460001010000000D
:1026A000FFFF02910022D30003F1FF7303F5803393
:1026B000D3F80013013107D0D3F800130132D3F857
:1026C0000433202A0B60EED1224BD3E94C32072B86
:1026D00026D1023A032A204B28D9D3F80024D10767
:1026E00032D41C4BD3F83021072A19D1D3F8343116
:1026F000023B032B02D8194AD35C8BB17F23184AC3
:102700001849C2F818310023C1F8043EC1F8083E48
:10271000C2F82431C2F82C3102F57F22C2F8103100
:10272000114B1A68114BC3F84425704710498A5C55
:10273000002AD2D0D3F80024D207CED50022C3F885
:102740001421C3F81821C8E76FF00102C3F8002470
:10275000C7E700BF0000FF01005000412C4F0001FF
:1027600000200041000008410080FF01006000419E
:10277000304F0001014B1860704700BFB0010021CD
:1027800010B50B4B1446186850B90A490A484FF463
:10279000F37201F09BF94FF4F371064801F08DF9E3
:1027A00001F07CFD0028A4BF2070002010BD00BFF8
:1027B000B0010021344F00019C4900010123024A6D
:1027C0008340C2F80435704700F00041014B0020FF
:1027D0001B681847B4010021014B1B68184700BF54
:1027E000B401002110B50C4C237993B90123237156
:1027F0000A4B0028206018BF184600F0A5F850B911
:1028000023680748002B08BF1846BDE8104000F0B9
:1028100023B96FF0770010BDB4010021CD2700016E
:10282000D927000108B50C4B1A7942B90B490C485D
:10283000B12201F04BF9B121084801F03EF91B68C3
:1028400043B10520FEF750FC20B9BDE80840052043
:10285000FEF73CBC08BD00BFB4010021714F000170
:102860009C49000108B5114B1B7953B9104940F23E
:102870000512104801F02AF940F205110C4801F048
:102880001CF950B101280CD009494FF49272094843
:1028900001F01CF94FF49271F0E7BDE8084000F038
:1028A000EDB8BDE8084000F061B800BFB4010021F8
:1028B000714F00019C49000108B5114B1B7953B9B8
:1028C000104940F22B12104801F000F940F22B1190
:1028D0000C4801F0F2F828B1012807D1BDE8084002
:1028E00000F070B8BDE8084000F01AB905494FF48F
:1028F000A572054801F0EAF84FF4A571E8E700BFBA
:10290000B4010021714F00019C49000138B5012339
:102910000C4C42F21075C4F8083363600023C4F80D
:102920000031D4F80031D4F80C24D4F80C34D2039C
:1029300006D5DB0704D5012001F0AEFC013DF2D144
:1029400038BD00BF00500041064B0246187930B92F
:102950001A6001221A71044BC3F8142570476FF0F6
:1029600077007047BC0100210050004108B51149B3
:102970000B7943B910491148772201F0A7F8772164
:102980000D4801F09AF800220D4BC3F80021D3F84E
:10299000002101221A60096811B1C3F8042308BD9F
:1029A000D3F80021002AFBD00022C3F80021D3F87D
:1029B0000031F4E7BC010021AE4F00019C49000149
:1029C0000050004108B5084B1B7943B90749084836
:1029D000892201F07BF88921044801F06EF8BDE8F6
:1029E0000840FFF793BF00BFBC010021AE4F0001BC
:1029F0009C490001094BD3F80423D2070DD5D3F825
:102A0000002152B10022C3F80021D3F80021012295
:102A1000C3F80823024B1B68184770470050004159
:102A2000BC01002138B502230A4C42F21075C4F8EB
:102A300008330123E3600023C4F80431D4F80431DF
:102A4000D4F81834DB0304D5012001F025FC013D46
:102A5000F6D138BD00500041064B0246187930B916
:102A60001A6001221A71044BC3F8182570476FF0E1
:102A700077007047C40100210050004110B5244C7C
:102A8000237943B923492448E52201F01FF8E521C1
:102A9000204801F012F8214BD3F81814D3F8182469
:102AA000C90319D502F00302022A04D0012A01D079
:102AB000FFF7B8FF0122194BC3F818250022C3F80D
:102AC0000421D3F8042101229A6022688AB9D3F83C
:102AD0000421002AFBD014E0D3F81424D207E9D54E
:102AE000D3F81C2402F00302013A012AE0D822683C
:102AF0001AB10222C3F8042310BDD3F80421002A1E
:102B0000FBD00022C3F80421D3F80431F4E700BF5E
:102B1000C4010021F14F00019C4900010050004117
:102B200008B5094B1B7953B9084909484FF491720C
:102B300000F0CCFF4FF49171044800F0BEFFBDE8F7
:102B40000840FFF76FBF00BFC4010021F14F000133
:102B50009C490001F8B501261F4C204FD4F80453BE
:102B600005F0820505B9F8BDB5FA85F0C0F11F0082
:102B7000830003F580739BB203F1824303F5A04306
:102B8000196806FA00F225EA02050029EAD00021B8
:102B9000012819601B68C4F8082311D1D4F818342F
:102BA000D4F8183403F00303012B02D03B68984794
:102BB000D8E70222C4F81825C4F80423A360D1E79B
:102BC000074908484FF4F57200F080FF4FF4F571A3
:102BD000034800F072FF00BF00500041C401002113
:102BE000F14F00019C490001044AD2F80834DB0788
:102BF000FBD50160BFF35F8F704700BF0000084145
:102C000008B500F17F43B3F5802F05D2C0F30A0366
:102C10005BB16FF00C0016E00B490C48D12200F0BC
:102C200055FFD121084800F048FF0222084BC3F8A5
:102C300004254FF0FF320260D3F80024D207FBD501
:102C40000020C3F8040508BD345000019C49000170
:102C500000000841F8B50D460121044601F064FB6F
:102C600050B9104940F27F120F4800F02FFF40F298
:102C70007F110C4800F021FF14F0030708D0094928
:102C80004FF4C072084800F021FF4FF4C071F0E724
:102C9000064E2046C6F804152946FFF7A5FFC6F8DC
:102CA0000475F8BD345000019C4900010000084142
:102CB00010B5436904463BB90020E26840425378AE
:102CC00043F00103537010BD98470028F4D000F181
:102CD000FF03FE2B08D906490648212200F0F6FE24
:102CE0002121034800F0E9FEE36840421870E4E760
:102CF000705000019C49000138B50446EFF311857E
:102D0000202383F31288BFF36F8F01F07AFA042C2B
:102D100008D107490748872200F0D8FE87210448D8
:102D200000F0CBFE85F31188BFF36F8F38BD00BF75
:102D3000935000019C49000138B50A4B53F82040DC
:102D4000013053F82050A54200D838BD606830B13A
:102D5000037EDB0701D4FFF7ABFF0834F3E72368FA
:102D60009847FAE7B0470001012208B5094B032054
:102D70001A70FFF7E1FFFEF747FB01F01DFB04208F
:102D8000FFF7DAFFFDF722FC034A137B23F0010370
:102D9000137308BDD70100217000002108B5002081
:102DA000FFF7CAFF1E4B03F5006282F3088883F326
:102DB0000A88E0231B4C84F822300023E377237633
:102DC0006376A37684F82030626A42F4E02262627D
:102DD00084F82330FEF7FCF8FEF7E6F94FF0FF33F6
:102DE000114AA362E362114B93420AD91049114878
:102DF000CC2200F06BFECC210D4800F05EFE1C33AF
:102E0000F2E7FCD3FEF7F8FA0120FFF795FF022066
:102E1000FFF792FF002308481A461946FEF7A6F965
:102E2000D801002100ED00E06445000110450001DB
:102E3000B55000019C490001692D0001024B186842
:102E4000984208BF002070474000002130B570B1A3
:102E50000B4B5B6898420AD0036843B1D3E9042165
:102E6000D0E90445121941EB0501C3E90421D0E979
:102E7000003213605A600023C0E9003330BD00BF48
:102E8000400000212DE9F047EFF31185202383F363
:102E90001288BFF36F8FDFF89C900026C9F80000FE
:102EA0000027FFF7CBFFDFF89080D9F80030D8E992
:102EB00000ECD91750B1D0E90442A34271EB020AE9
:102EC00019DAE41A62EB0102C0E90442002413EBB0
:102ED0000E034CEB01012046C8E90031C9F800405F
:102EE00001F053FA214601F084F985F31188BFF30C
:102EF0006F8FBDE8F08714EB0E024CEBE473C0E972
:102F00000467C8E90023FFF7A1FF85F31188BFF329
:102F10006F8F83689847EFF31185202383F312881E
:102F2000BFF36F8FD9F800301B1BC9F80030FFF7D3
:102F300085FFBAE7CC010021F00000213F2A2DE9EE
:102F4000F041904652D905460C46A2F1400626F0C3
:102F50003F064036274F0E44236840341BBA2B648B
:102F600054F83C3C39461BBA6B6454F8383C28464C
:102F70001BBAAB6454F8343C1BBAEB6454F8303CD5
:102F80001BBA2B6554F82C3C1BBA6B6554F8283CD3
:102F90001BBAAB6554F8243C1BBAEB6554F8203CD3
:102FA0001BBA2B6654F81C3C1BBA6B6654F8183CD1
:102FB0001BBAAB6654F8143C1BBAEB6654F8103CD1
:102FC0001BBA2B6754F80C3C1BBA6B6754F8083CCF
:102FD0001BBAAB6754F8043C1BBAEB67FDF75CF90E
:102FE000B442B9D108F03F00BDE8F0811046BDE819
:102FF000F08100BFC84700010A4610B514681A499D
:1030000024BA0464546824BA4464946824BA846476
:10301000D46824BAC464146924BA0465546924BA0F
:103020004465946924BA8465D46924BAC465146A71
:1030300024BA0466546A24BA4466946A24BA84663C
:10304000D46A24BAC466146B24BA0467546B24BAD5
:103050004467946B24BA8467D26B12BAC267FDF7D7
:103060001BF9002010BD00BFC84700012DE9F04149
:103070000027B54CB54BB2B0CDE90043B44BB54ECB
:103080000293B54B1446CDE90363B44B0546059353
:10309000B34B3097069303F17453A3F52303A3F6C0
:1030A000924331920793002A40F0848080224FF0AF
:1030B0003A0C01236E460DEB02078DF880200020AC
:1030C0004FEA9C0203F1800E012A06EB0E0146F83E
:1030D0000E0024D0022A486021D0032A88601ED026
:1030E000042AC8601BD0052A086118D0062A486146
:1030F00015D0072A886112D0082AC8610FD0092A82
:1031000008620CD00A2A486209D00B2A886206D0CD
:103110000C2AC86203D00E2A086308BF48631CF05B
:10312000030F16D02CF0030C6344002103F1C802F6
:103130006A443A2B02F8481C0BD003F1C9026A44D6
:10314000392B02F8481C04D0CA330DEB030202F8F5
:10315000481C0023620F62F30703620D62F30F2322
:10316000620B62F317436209394662F31F6330460C
:10317000E400CDF8BB308DF8BF40FFF73DFFDDE93F
:103180000001DDE9022306BA14BA18BA09BADDE96A
:10319000042312BA69602A6119BADDE9062312BA5A
:1031A0001BBA2E60AC60E8606961AA61EB6132B065
:1031B000BDE8F0816E4630468846FFF7BFFE241A10
:1031C00008EB0403002800F0F580421E022A53D9C0
:1031D00058F8042020928208012A00F0E6805968FD
:1031E000022A219100F0BE809968032A229100F002
:1031F000E780D968042A239100F0E7801969052A3D
:10320000249100F0E7805969062A259100F0E780B3
:103210009969072A269100F0E780D969082A279141
:1032200000F0E780196A092A289100F0ED80596AB8
:103230000A2A299100F0B180996A0B2A2A9100F09C
:10324000F480D96A0C2A2B9100F00381196B0D2AA6
:103250002C9100F00981596B0E2A2D9106D00F2A6E
:10326000996B18BFDA6B2E9118BF2F9220F00307CD
:1032700082073B4400F0DE80197807F1C8026A44F7
:1032800002F8481C7A1C90420FD9591C0978C832A0
:1032900002376A44B84202F8481C06D99B7807F105
:1032A000C8020DEB020707F8483C8021431C00F1DF
:1032B000C8026A44382B309002F8481C6AD93F2B68
:1032C0002CD80022C8336B443E2803F8482C25D064
:1032D00000F1CA030DEB03013D2801F8482C1DD075
:1032E00000F1CB036B443C2803F8482C16D000F1C6
:1032F000CC036B443B2803F8482C0FD000F1CD03DE
:103300006B443A2803F8482C08D000F1CE036B44F4
:10331000382803F8482C01D18DF8BF2020AF39465A
:103320003046FFF769FE3A2803463CD8319CC3F18A
:103330003A02022A7FF6F9AE5A1C3B2AC3F13B0C33
:1033400088BF4FF0010CBAE667E6096A85AE67BB35
:1033500072F36E3C3AF54FA57F520E518C68059B77
:10336000ABD9831F082854D008273B4419467A1C40
:1033700011F801CB07F1C8046C44904204F848CC22
:1033800084D8802100F1C8030DEB03023090431C68
:1033900002F8481C319C20AFC9E7282800F088803B
:1033A00028273B44E2E7319CD3E6042826D00427B3
:1033B0003B44DBE78022012330908DF88020E9E751
:1033C0000C282CD00C273B44D0E710283BD01027EA
:1033D0003B44CBE7142841D014273B44C6E71828C8
:1033E00047D018273B44C1E71C2849D01C273B4441
:1033F000BCE7202850D020273B44B7E78022052394
:1034000030908DF88420C5E724283FD024273B4402
:10341000ACE78022092330908DF88820BAE780221B
:103420000D2330908DF88C20B4E72C283AD02C272F
:103430003B449BE7802100F1C8026A443090431C62
:1034400002F8481C3BE78022112330908DF8902031
:10345000A0E7302832D030273B4487E7802215236D
:1034600030908DF8942095E734282DD034273B44B4
:103470007CE718218022192330918DF8982089E764
:1034800080221D2330908DF89C2083E78022252305
:1034900030908DF8A4207DE78022212330908DF894
:1034A000A02077E780222D2330908DF8AC2071E7A3
:1034B0008022292330908DF8A8206BE780223123C9
:1034C00030908DF8B02065E78022352330908DF85C
:1034D000B4205FE72DE9F04F43688DB01546804674
:1034E000029383789A0740F10D8100240E78002E14
:1034F00000F00A81252E0BD04B1C0393013441466A
:103500003046029B98470028C0F2F6800399EDE709
:103510004E788B1C252E0393F0D00027B946BB466E
:10352000BBF11F0F38D8A6F12003102B0AD8DFE813
:1035300003F02A0909300909092109090928092D77
:1035400009091F00A6F13003092B33D92A2E37D1E0
:103550001BF0400F55F8043B40F08280002BA7BFC2
:103560004BF0200B9946C3F100094BF0280B01E00A
:103570004BF0010B039B13F8016B0393002ECFD18B
:1035800030E04BF0020B4BF0040BF3E74BF0080B71
:10359000F0E74BF0100BEDE7BBF17F0F19D8A6F168
:1035A0003003092BD2D81BF0400F03D00A2101FBB6
:1035B0000737DFE70A214BF0200B01FB0939D9E778
:1035C0002E2E06D11BF0400F40F09E804BF0400B9A
:1035D000D0E76C2E31D02BD8682E36D06A2E3CD056
:1035E0004C2E3AD0002F46F02003B8BF2BF04002FB
:1035F000A3F16501BCBF00271FFA82FB022901D994
:10360000612B2FD107350727DFF8ACA225F007057E
:1036100008351BF0080F66D00AEB070B56465E45CF
:1036200063D1A4EB0A0AA9EB070906EB0A026FE1D2
:10363000742E9FD07A2E9DD0D4E71BF0800F18BF38
:103640004BF4007B4BF0800B94E71BF4807F18BF9A
:103650004BF4007B4BF4807B8CE74BF4207B89E7B9
:103660001F4687E7A6F16301122900F2F080DFE828
:1036700011F013004F00EE00EE00EE00EE004F00E0
:10368000EE00EE00EE00EE00EE00FE00E900EE00BF
:10369000EE001B00EE00AF0055F8043B01270DF1D2
:1036A000180A8DF81830B4E755F804AB834BBAF11B
:1036B000000F08BF9A461BF0400F504614BF394612
:1036C0004FF0FF3100F09EFE0746A2E74146202062
:1036D000029B984700280FDB013EB742F6D34C44CB
:1036E000B146A41B98E74E46F7E7414616F8010B92
:1036F000029B9847002892DA98F8023043F00403BE
:1037000088F802304FF0FF3420460DB0BDE8F08F4E
:103710001BF0800F34D01BF4007F2CD0073525F030
:103720000705AA4669685AF8080B2BF0100500290E
:10373000ADB237DA404245F4806561EB41010DF1ED
:10374000180B0A235A4600F069FEA0EB0B03019305
:103750006B0662D5019B25F001019F4289B240F3BF
:10376000A180002E00F0998015F0100240F09C809E
:10377000BB460D4623E0AA465AF8040BC117D4E70E
:10378000AA461BF4807F5AF8041B01D10846F5E7CE
:103790001BF4007F19BF48B241F3C01108B241F3D6
:1037A000C031C2E750EA0103C9D11BF0400FC6D0B7
:1037B000002FC4D12BF01102BB46019795B240F205
:1037C000064115EA01021CBF0BF1010B00222CE09F
:1037D0002BF010020A231FFA82FB1BF0800C49D049
:1037E0001BF4007115BF0735AA4625F007055AF8E6
:1037F000040B1EBFAA4669685AF8080B50EA010577
:1038000045D12BF016051BF0400FADB242D0002F72
:1038100040D12BF01702019795B215F0100248D055
:10382000019B002E42D103F1010B29075AD4EB076B
:1038300006D5D9456FDDA9EB0B030199CB465F187F
:103840005B4649E04BF0100B10237826C5E7782B38
:1038500004D1C6F1780343F01003BEE741462520AA
:10386000029B98470028FFF647AF023447E608233B
:103870000026B2E7AA461BF480715AF8040BBDD0AB
:103880001BF400711ABFC0B2614680B2B6E72BF0DC
:10389000060295B20DF1180B54E725F01105BB4651
:1038A000ADB28CE70D46B8E73B460D4603F1020B7F
:1038B000BBE7DDF804B082E7DD500001D65000011F
:1038C000CDE9043241462020029B98470028FFF6AC
:1038D00013AF049B059A01339945F1DCA4EB0B016E
:1038E0009B46CC180AB341463020029B98470028DB
:1038F000FFF602AF8EB901342744391B019B994270
:1039000024DC1D4655BB019AA9EB0B095546224400
:103910001446914433E0019F92E702344146304619
:10392000029B98470028E7DAE6E640F206410D429E
:10393000E2D015F0020F04F10104414614BF2B2020
:10394000202015F4806F18BF2D20E9E74146302074
:10395000029B013498470028CFDACDE606AB013D43
:103960004146585D029B98470028CBDAC4E64146A1
:103970002020029B013498470028FFF6BDAEA9EB3A
:103980000403002BF3DCC1E57047836800EBC10141
:10399000B3F5004F2CBF51F8220031F812007047E8
:1039A00000EBC1018068B0F5004F2CBF41F8223018
:1039B00021F812307047012208B5FFF7E6FFD0402A
:1039C00008BD836800EBC101B3F5004F08D34B6815
:1039D0001AB143F001034B60704723F00103FAE78B
:1039E0004B881AB143F001034B80704723F0010369
:1039F000FAE753000122FFF7D3BF8368481CB3F5F1
:103A0000004F34BF042308230833A0EBD300B0FADF
:103A100080F0C0F11F0070472DE9F0410D46866827
:103A20000446FFF7C8FFB6F5004F014601D3012851
:103A300032D02046FFF7E1FF04EB80010E6996B912
:103A40000122E36882401343E36002220D612B46AA
:103A500029462046FFF7A4FF032229462046BDE859
:103A6000F041FFF79DBF022231462046FFF78DFF50
:103A70000746034629462046FFF792FF03223346B6
:103A800029462046FFF78CFF39462B462046FFF794
:103A900087FF02223146E1E7BDE8F0810020704750
:103AA0000FB407B504A951F8040B0191FCF79AFE75
:103AB00003B05DF804EB04B07047002383F3118872
:103AC000BFF36F8F0423184602DF70470FB407B5AA
:103AD00004A951F8040B0191FCF784FE03B05DF8D2
:103AE00004EB04B07047038B13F0070305D10368A0
:103AF000002B0CBF002003207047022B05D1408B08
:103B0000B0FA80F0400980007047012B05D10368AE
:103B1000002B0CBF0020052070470020704710B517
:103B20000C4600B111B96FF0150010BD081D00F072
:103B30003CF80028F9D1A368032BF6D9F3E72DE967
:103B4000F0410D4607461946281D90461E46FDF7D2
:103B500043F8044638B13346424629463846A4461F
:103B6000BDE8F0416047BDE8F08110B4EFF3118289
:103B7000202484F31288BFF36F8F416110BC0121B0
:103B8000FCF748BE38B50C46054658B151B10B6834
:103B900043B14B6833B11C22002100F01BFC002014
:103BA0002C6138BD6FF01500FBE7034658B1426841
:103BB00002F00302012A03D0032A04D1026812B1E1
:103BC0000020986070476FF01500704770470FB481
:103BD00007B504A951F8040B0191FCF703FE03B0EB
:103BE0005DF804EB04B0704743680A689A428FBFDF
:103BF00000234A6801209B1888BF18464B60704715
:103C0000F0B58368044685B0002B3CD0D0E904674A
:103C1000016A33448B4215D98269934235D8C06812
:103C200001AA394400F096F9002835D1DDE90112E6
:103C3000E06883689B6863B3984768BB236A029A0D
:103C400013442362626AA368B3FBF2F502FB1535E5
:103C50003DB12068551B2A4694F82810184400F0FE
:103C6000B9FBA368E06822683E442B4481684D6834
:103C70003146A84758B9E369ABB92369A268134430
:103C800023610023A360002001E06FF0210005B054
:103C9000F0BD6FF05700FAE70028F8DBD2E7135CBD
:103CA000DB4313540130A36822688342F7D8E068ED
:103CB00081680D683146A8470028E8D13246E3699B
:103CC000A168206898470028D7D0E0E72DE9F047A1
:103CD000894616469846044698B382680369134499
:103CE00082693344934230D80025D4E90170A6EBB1
:103CF000050A3F1ABA4515D2B54209D22368524681
:103D0000184409EB050100F058FBA3685344A36075
:103D1000B8F1000F1CD0A068A8B12046BDE8F0475C
:103D2000FFF76EBF23683A46184409EB050100F01F
:103D300044FB63682046A360FFF762FF18B93D4467
:103D4000D3E76FF00D00BDE8F0876FF00B00FAE7E6
:103D50004046F8E700F03EBB00F02FBB012801D140
:103D6000EFF30583FEF7C8BF01460068FFF7F6BF13
:103D700008B5FCF7D3FFBDE8084000F000B8704775
:103D800000210120FFF7EABF08B5FDF7E1F9FCF7D4
:103D90009DFFFCF7A7FFFDF70DFAFEF7FFFF61B6E9
:103DA00062B680F31188BFF36F8F7047EFF3118015
:103DB000202383F31288BFF36F8F704710B504463A
:103DC000FDF74EFA72B6002383F31188BFF36F8FAD
:103DD000FDF7C4FA50B1BFF34F8F20BF00BF00BF43
:103DE00000BF00BF00BF00BF00BF00BF84F3118849
:103DF000BFF36F8F62B610BD08B5FDF7F9F900206B
:103E000008BDF0B5D0F80473064617F002001CBFD9
:103E1000C2F1807018604FF0000518BF01204FF00C
:103E2000010C4FF4803E0CFA05F40C4214D00EFA4B
:103E300005F43C4210D005F5A87456F82440A41AA5
:103E400034F07F4408BF4FF0807408B91C6002E072
:103E50001868A042FAD801200135042DE3D1F0BD45
:103E6000FDF7ECB9F8B5069F0469C9B2EFF3118606
:103E7000202585F31288BFF36F8F0C2569430C440E
:103E8000256C05F0070CBCF1010F0BD1276486F3FC
:103E90001188BFF36F8FC4E90E2343685B589847BE
:103EA0000020F8BD05F0C005AF4286F31188BFF3CE
:103EB0006F8F0CBF6FF077004FF0FF30F1E713B555
:103EC00080240094FFF7CEFF02B010BD6FF0850094
:103ED000704710B41C240069CBB203FB040000211E
:103EE00010BC1047FEF71CBEFEF7C8BD8022FDF7D0
:103EF00055BBF7B51C460023164682682360A360B5
:103F00000D465369694601AA9847019B5A1E0192C2
:103F10001BB96FF0150003B0F0BD0098A2684768A8
:103F20002168676085B9B31AD0F800C0634528BF1F
:103F3000634603FB07111A442160A26002689A429B
:103F400006D808300090E0E76B1AB3FBF7F3EBE715
:103F50000020E0E713460022FFF7CBBF2DE9F04732
:103F60000024836886B0884691465B6902AA01A94D
:103F70009847A2462546029BAB4202D806B0BDE850
:103F8000F0870026019F07EBC5077B6804933A681A
:103F90000AEB0603B24202D89A460135EBE74946DE
:103FA0000394059303A8C0470028E7D0049B01367B
:103FB0001C44ECE710B50C4600F0CAF90023C4E934
:103FC0000003184610BD38B505460C4600F0C0F990
:103FD000002D07DBA84205D9401B84428CBF00207E
:103FE000012038BD0020FCE770B50C46154600F0F6
:103FF000B2F9294606462046FFF7E5FFC8B1B4FBF3
:10400000F6F306FB1343A3B9B5FBF6F306FB135314
:104010007BB9AE4201D9002070BD00F09CF9064684
:1040200004F180742046FEF7EBFDAD1B3444F9D15A
:10403000F1E76FF01500EFE770B50D461946284619
:1040400016461C46FFF7BFFF40B12CB12246304652
:1040500005F1807100F0B1F9002070BD6FF015001E
:10406000FBE730B543681360057A446804EBC50488
:10407000A34202D36FF0010030BD5C798C4201D0C5
:104080000833F0E70020F7E743681B68D3F88004A3
:10409000C3F88004704742681368D3F8100150B128
:1040A0000020126A12780A70C3F81001D3F81021A8
:1040B00001221A6070474FF0FF30704702680346D4
:1040C000D2F8580140B95B68DB0706D4D2F820016A
:1040D000003818BF012070470120704713B501AAAE
:1040E0000446FFF7BEFF002805DB019B2268197913
:1040F0001868FDF79DFC02B010BD2DE9F0410546A2
:10410000002201211320FCF7FDFF1320FCF7DEFF46
:104110006C680121E068FFF7E1FF6B6819682369AB
:10412000C1F82435A27D637D207D1343228B024399
:104130001343C1F86C356E68D6E9004313F00103F0
:104140003DD00027D5F8108004F10C01C4F8A0710F
:1041500008F10802C4F88C7004F5907000F0B8F80B
:1041600000282ADB98F80800FEF728FB0823C4F88B
:104170000035F369C4F844350123C4F84875A360D9
:10418000D4F85831002BFBD00021C4F800156D681D
:10419000E8682C68FFF7A2FF0823C4F800352A7AE4
:1041A00052B92B6AC4F834350123C4F83835C4F841
:1041B0001021D4F8102123600020BDE8F0810822EE
:1041C000C4F80025F269C4F84425C4F84835012331
:1041D000A360D4F82031002BFBD00023C4F8203199
:1041E000D4F820310123E3604FF48073C4F8043322
:1041F000C6E7704708B5FDF713FD08BD0222FDF7BD
:10420000DDBE002008B5FDF76DF9002070470020E5
:10421000704708B5FFF7F9FF08B9FFF7F8FF08BDC9
:1042200030B589B0154601230A460146684600F0BC
:104230000EF8044640B9202269462846FBF7FEFFE7
:10424000002808BF6FF06404204609B030BD08B5EF
:10425000FEF70CFF002008BD70B5054608460C4669
:10426000FEF704F82146024601232846BDE87040C7
:10427000FEF70CB84FF000535868704703465A6B6E
:1042800000233C309A4200D17047C1680133084492
:10429000F8E703460020184700F062B8024610B560
:1042A000116891B1B1FA81F3C3F11F00012383407A
:1042B00021EA0303D2E8EF4F8C4204D1C2E8EC3F7D
:1042C000BCF1000FF6D1EBD110BD6FF00B00FBE796
:1042D00070B5D0F880300646002B0C46154613DB2F
:1042E000D1F88030002B0FDB00210846FEF748FA9A
:1042F00048B92B7843F00043C6F880302B7843F060
:104300000043C4F8803070BD6FF01500FBE741F04A
:104310000041C0F880100020704708B5FEF76AFB26
:10432000BDE80840FEF716BC034603F17F42B2F534
:10433000802F08460AD351B103F17E4000F50040BA
:10434000B0F5607F2CBF002001207047012070472E
:104350004FF4802070474FF4006070478020704712
:1043600008B1FDF7ADB8704740B1C368587810F098
:1043700001001EBF1878B0FA80F040097047EFF3D3
:104380000580003818BF0120704708B50246FEF7C7
:1043900055FD70B1D0E904319B1A61EBE272B3F1C3
:1043A000004F72F1000104DA002AACBF1846002069
:1043B00008BD6FF00040FBE770470A44431E91427E
:1043C00000D1704710B511F8014B914203F8014F2D
:1043D000F9D110BD02440346934200D1704703F85F
:1043E000011BF9E70139024410B5904201D10020C8
:1043F00005E0037811F8014FA34201D0181B10BD4E
:104400000130F2E70246014410B58A42134603D058
:104410001C780132002CF8D1181A10BDF0B5C3F188
:104420003707044603F01F031046FFB2082BE6B21D
:1044300032D0102B3DD06508A40845EAC17544EA86
:1044400081748A082D1942EB5102290941EA02714F
:104450006D1842EB1212290A41EA02616D1842EB13
:104460001222290C41EA02416D1842EB1242AD18AA
:1044700042F10002EC0844EA4274D10804EB8402E1
:10448000A6EB4205EDB2092D0CD90134A5F10A05C0
:1044900041F10001EDB212E0E40806F0070544EA3C
:1044A0004174C908303554EA010200F8015BBDD1FE
:1044B000F0BD240906F00F0544EA01740909092D2D
:1044C00084BFED19EDB2EDE7091500010000000011
:1044D0000000000010450001000000002C45000114
:1044E0000919000100000000A11E000100000000E9
:1044F0001912000100000000000000004845000102
:104500002525000100000000B10C000100000000A2
:10451000334B0001104700016C46000148000021A8
:10452000380100214116000100000000A44B0001E9
:1045300030470001884600014C0000219401002111
:10454000FB400001000000004E4B00010000000095
:10455000544600014A0000210000000071190001CA
:104560000000000000000000813D0001000000008C
:10457000813D000100000000813D000100000000BD
:10458000813D000100000000813D00011B4300014E
:104590009342000100000000813D00010000000086
:1045A000813D000100000000813D0001000000008D
:1045B000813D000100000000813D0001000000007D
:1045C000813D000100000000813D0001000000006D
:1045D000813D000100000000813D0001000000005D
:1045E000813D000100000000813D0001000000004D
:1045F000813D000100000000813D0001000000003D
:10460000813D000100000000813D0001000000002C
:10461000813D000100000000651C00010000000059
:10462000813D000100000000813D0001000000000C
:10463000813D000100000000813D000100000000FC
:10464000813D000100000000813D000100000000EC
:10465000813D00013940000189190001E93F000155
:1046600069190001B53F000159190001CD3E000153
:10467000ED3E0001BF3E0001000000006915000191
:10468000000000000000000097400001711B0001C5
:0C46900089400001C24E00010300000040
:1046A000DEE61E284CBBCE8F02350000DEE61E285B
:1046B0004CBBCE8F02350000DEE61E288384518677
:1046C00002350100DEE61E28EAAC45B802350000DE
:1046D000DEE61E284CBBCE8F023500000000000035
:1046E0000338FDD870470000000000000002000001
:1046F000000400000006000000080000000E00009A
:104700000010000025150001111600010000000036
:104710006D17000199160001424B0001E93E0001AE
:10472000E53E0001484B00010400000000FF0000CE
:10473000003001410100000000000000544700016A
:104740000000D6010000000000000000D60100219A
:10475000D501002100300141604700010100000047
:104760006847000104000000210000000B00000267
:10477000200600010A0600030000000000020000FD
:10478000000400000006000000080000000E000009
:104790000010000000000000000200000004000003
:1047A0000006000000080000000E000000100000DD
:1047B000C8440001D0440001E8440001F044000175
:1047C0000845000110450001982F8A429144377135
:1047D000CFFBC0B5A5DBB5E95BC25639F111F15984
:1047E000A4823F92D55E1CAB98AA07D8015B8312C6
:1047F000BE853124C37D0C55745DBE72FEB1DE8072
:10480000A706DC9B74F19BC1C1699BE48647BEEFA0
:10481000C69DC10FCCA10C246F2CE92DAA84744A2B
:10482000DCA9B05CDA88F97652513E986DC631A8A1
:10483000C82703B0C77F59BFF30BE0C64791A7D580
:104840005163CA0667292914850AB72738211B2E08
:10485000FC6D2C4D130D385354730A65BB0A6A76F0
:104860002EC9C281852C7292A1E8BFA24B661AA8FC
:10487000708B4BC2A3516CC719E892D1240699D60C
:1048800085350EF470A06A1016C1A419086C371E85
:104890004C774827B5BCB034B30C1C394AAAD84E63
:1048A0004FCA9C5BF36F2E68EE828F746F63A5789E
:1048B0001478C8840802C78CFAFFBE90EB6C50A431
:1048C000F7A3F9BEF27871C6466C6173682064651F
:1048D00076696365206E6F742072656164790A0081
:1048E0004661696C656420746F2070726F746563D3
:1048F000742062306E20666C6173682C2063616E78
:1049000063656C20737461727475700A0D00556E66
:1049100061626C6520746F2066696E642076616CDC
:104920006964206669726D7761726520696E73696A
:1049300064652025700A0D004661696C6564207409
:104940006F207472616E7366657220696D61676550
:104950003A2025640A0D004661696C656420746F15
:104960002070726F746563742061707020666C6172
:1049700073683A2025640A0D00574553545F544F1D
:10498000504449522F7A65706879722F6C69622F92
:10499000686561702F686561702E630041535345EF
:1049A0005254494F4E204641494C20402025733AED
:1049B00025640A00574553545F544F504449522FC1
:1049C0007A65706879722F6C69622F7574696C737F
:1049D0002F6F6E6F66662E6300574553545F544FBA
:1049E000504449522F7A65706879722F6C69622F32
:1049F0007574696C732F6E6F746966792E63002A03
:104A00002A2A20426F6F74696E67206E52462043D7
:104A10006F6E6E6563742053444B2076332E322EB6
:104A200039392D3766653361333661653962362031
:104A30002A2A2A0A002A2A2A205573696E67205AD0
:104A40006570687972204F532076342E332E3939B1
:104A50002D396261396338643139333461202A2A4F
:104A60002A0A00574553545F544F504449522F7AF5
:104A700065706879722F617263682F61726D2F6340
:104A80006F72652F636F727465785F6D2F666175E5
:104A90006C742E6300574553545F544F5044495231
:104AA0002F7A65706879722F617263682F61726DF9
:104AB0002F636F72652F636F727465785F6D2F69F6
:104AC00072715F6D616E6167652E63005745535467
:104AD0005F544F504449522F7A65706879722F7332
:104AE0006F632F6E6F726469632F6E726635332F3A
:104AF000736F632E6300574553545F544F504449BE
:104B0000522F7A65706879722F6472697665727354
:104B10002F636C6F636B5F636F6E74726F6C2F6368
:104B20006C6F636B5F636F6E74726F6C5F6E7266D7
:104B30002E6300636C6F636B40343130303530303E
:104B400030006866636C6B006C66636C6B00666C4F
:104B50006173682D636F6E74726F6C6C6572403434
:104B60003130383030303000574553545F544F5057
:104B70004449522F6D6F64756C65732F68616C2F9B
:104B80006E6F726469632F6E7266782F68616C2F26
:104B90006E72665F6770696F2E6800000102030421
:104BA0000506070B75617274403431303133303093
:104BB0003000574553545F544F504449522F6E7242
:104BC000662F6C69622F6670726F746563742F66EE
:104BD00070726F746563745F61636C2E6300574518
:104BE00053545F544F504449522F6D6F64756C6538
:104BF000732F68616C2F6E6F726469632F6E7266BB
:104C0000782F68616C2F6E72665F61636C2E68002E
:104C1000426F6F74696E67202830782578292E0DD1
:104C20000A004661696C656420746F2070726F764B
:104C300069646520657874204150497320746F2041
:104C4000696D6167652C20626F6F742061626F729D
:104C50007465642E0D0A0025633A20496E76616CF6
:104C60006964206669726D7761726520696E666F2E
:104C700020666F726D61742E0A0025633A205468B5
:104C800065206669726D7761726520646F65736E09
:104C900027742062656C6F6E672061742064657391
:104CA00074696E6174696F6E20616464722E0A00AB
:104CB00025633A2073726320616E642064737420EC
:104CC0006D75737420626520657175616C20666F07
:104CD00072206C6F63616C2063616C6C732E0A00D0
:104CE00025633A204669726D7761726520696E6648
:104CF0006F20646F65736E277420706F696E742007
:104D0000746F20697473656C662E0A0025633A20FF
:104D10004669726D776172652068617320626565AE
:104D20006E20696E76616C6964617465643A2030E6
:104D30007825782E0A0025633A20547279696E67C7
:104D400020746F20676574204669726D77617265A3
:104D50002076657273696F6E0A0025633A20466992
:104D6000726D7761726520696E666F206973206E5F
:104D70006F742077697468696E207369676E656403
:104D800020726567696F6E2E0A0025633A20426FB4
:104D90006F742061646472657373206973206E6F31
:104DA000742077697468696E207369676E65642022
:104DB000726567696F6E2E0A0025633A205265732B
:104DC00065742068616E646C6572206973206E6F13
:104DD000742077697468696E207369676E656420F2
:104DE000726567696F6E2E0A0025633A20436F75FE
:104DF0006C64206E6F742066696E642076616C69E5
:104E000064206669726D776172652076616C696491
:104E10006174696F6E20696E666F2E0A0025633AB1
:104E20002056616C69646174696F6E20696E666F8B
:104E300020646F65736E27742062656C6F6E6720E7
:104E4000746F2074686973206669726D776172652A
:104E50002E0A0025633A20626C5F63727970746F6A
:104E60005F696E697428292072657475726E656455
:104E70002025642E0A0025633A204669726D776109
:104E800072652076616C69646174696F6E20666119
:104E9000696C65642077697468206572726F72202E
:104EA00025642E0A0025633A204669726D77617287
:104EB0006520686173682076657269666965642E2D
:104EC0000A00626C5F76616C69646174696F6E0080
:104ED0004552524F523A2043616E6E6F7420667590
:104EE0006C66696C6C204558545F4150492072656E
:104EF00071756573742E0D0A005741524E494E4725
:104F00003A204F7074696F6E616C204558545F4150
:104F100050492072657175657374206E6F742066D8
:104F2000756C66696C6C65642E0D0A0000000001EA
:104F300001000000574553545F544F504449522FCD
:104F40006D6F64756C65732F68616C2F6E6F726422
:104F500069632F6E7266782F68656C706572732F47
:104F60006E7266785F677070695F647070692E63D7
:104F700000574553545F544F504449522F6D6F644E
:104F8000756C65732F68616C2F6E6F726469632F27
:104F90006E7266782F647269766572732F737263AE
:104FA0002F6E7266785F636C6F636B2E630057457C
:104FB00053545F544F504449522F6D6F64756C6564
:104FC000732F68616C2F6E6F726469632F6E7266E7
:104FD000782F647269766572732F7372632F6E72A5
:104FE00066785F636C6F636B5F6866636C6B2E6380
:104FF00000574553545F544F504449522F6D6F64CE
:10500000756C65732F68616C2F6E6F726469632FA6
:105010006E7266782F647269766572732F7372632D
:105020002F6E7266785F636C6F636B5F6C66636C28
:105030006B2E6300574553545F544F504449522FD1
:105040006D6F64756C65732F68616C2F6E6F726421
:1050500069632F6E7266782F647269766572732F3A
:105060007372632F6E7266785F6E766D632E630067
:10507000574553545F544F504449522F7A657068D6
:1050800079722F6B65726E656C2F646576696365E6
:105090002E6300574553545F544F504449522F7A62
:1050A00065706879722F6B65726E656C2F666174BE
:1050B000616C2E6300574553545F544F504449521E
:1050C0002F7A65706879722F6B65726E656C2F69C7
:1050D0006E69742E6300286E756C6C29002A666CEC
:1050E0006F61742A00000000000000012DE9F04308
:1050F000DFF818C0064F86464FF004584FF4803949
:10510000A7EB0C0770460047BDE8F08300000021C4
:10511000280000219D3A000100000000F93D000137
:1051200000000000000000000090D00340000021BB
:1051300040000021000000000000000015E015E024
:1085A800008800010088000101000000FFFFFA5068
:1085B800C03E178B66CAB4764818BDC458E133CCA0
:1088000088AD0021DD3603011B9B0301C93603013E
:10881000C9360301C9360301C9360301000000004F
:1088200000000000000000000000000039380301D3
:10883000C936030100000000D9370301C93603011E
:10884000A9390301A9390301A9390301A939030190
:10885000A9390301A9390301A9390301A939030180
:108860001FA30301A9390301A9390301A939030190
:1088700035A30301A9390301A9390301A93903016A
:10888000A939030105A30301A9390301A93903018A
:10889000A9390301A9390301A9390301A939030140
:1088A000A9390301A9390301A9390301A939030130
:1088B000A9390301A93903010000000000000000EC
:1088C00000000000000000000000000000000000A8
:1088D0000000000000000000000000000000000098
:1088E0000000000000000000000000000000000088
:1088F0000000000000000000000000000000000078
:108900000000000000000000000000000000000067
:108910000000000000000000000000000000000057
:108920000000000000000000000000000000000047
:108930000000000000000000000000000000000037
:108940000000000000000000000000000000000027
:108950000000000000000000000000000000000017
:108960000000000000000000000000000000000007
:1089700000000000000000000000000000000000F7
:1089800000000000000000000000000000000000E7
:1089900000000000000000000000000000000000D7
:1089A00000000000000000000000000000000000C7
:1089B00000000000000000000000000000000000B7
:1089C00000000000000000000000000000000000A7
:1089D0000000000000000000000000000000000097
:1089E0000000000000000000000000000000000087
:1089F0000000000000000000000000000000000077
:108A0000DEE61E284CBBCE8F023500003C00000085
:108A10005C50030001000000008800010088000194
:108A2000FFFF0291000000000000000000000000B5
:108A3000000000000000000000000000054B0022C4
:108A40001B78826001330260034A4260C371FF23D6
:108A500003727047880A002180010800064A074B0C
:108A600002604FF424729B7882800822C371002335
:108A700082710372704700BF5B090301880A0021FD
:108A8000064A074B02604FF43E72DB788280082270
:108A9000C371002382710372704700BF6F05030129
:108AA000880A0021064A074B02604FF4C472DB7A41
:108AB00082800822C371FF2382710372704700BF56
:108AC000C5FF0201880A0021054A064B0260B82250
:108AD000DB7B82800822C371FF238271037270479F
:108AE000790A0301880A0021054A064B0260D02258
:108AF0009B7D82800822C3710123827103727047BB
:108B0000D9170201880A0021054A064B0260A022FB
:108B10005B7E82800822C3710223827103727047D8
:108B2000651B0101880A0021064A074B02604FF4C9
:108B300008729B7E82800822C371002382710372B7
:108B4000704700BFF1120101880A0021064A074B55
:108B500002604FF4A472DB7E82800822C371FF237F
:108B600082710372704700BF39100301880A002127
:108B7000044B1A7F002303608360034B4360C27180
:108B8000704700BF880A002100010800044B5A7F8B
:108B9000002303608360034B4360C271704700BFD2
:108BA000880A002100010800064A9378D27813440D
:108BB000002282600260044A4260C371FF23037294
:108BC000704700BF880A0021880008002DE9F341A2
:108BD000C41D0028064624F007040CBF00202046D0
:108BE00000F066FD071E04DA6FF00B0002B0BDE86E
:108BF000F081374DE988A88803316B7A03302A7AEF
:108C000089B280B221F0E7FE0028EDDB3C44A97870
:108C1000EB78002E04F10304194424F0030400FB54
:108C200001F10CBF0020204600F0E4FE20440EB904
:108C30000028D9DBEA7A0446B2B1EB7B697C1344A5
:108C40001944FF29D0D80330002EAA89C9B220F0D8
:108C500003040CBF0020204600F03EFF0028C3DBC9
:108C600004440EB9002CBFDB012000F017FDB0B1A9
:108C7000A97BA1B195F82A3033B340234FF4817218
:108C80000734002E24F007040CBF0020204605F016
:108C90009DFC0028A8DB04440EB9002CA4DBAB7AB1
:108CA000FBB1EB7AB3B10734002EA97A24F00704A4
:108CB0000CBF0020204611F007FD002894DB04447F
:108CC0007EB9002C0DDA8FE725232822D8E700BFD4
:108CD000880A0021012000F0E1FC10B1AB7B002BE1
:108CE000E1D1734B1B6893B1A97D81B10334002E90
:108CF000EA7D24F003040CBF00202046984700289A
:108D0000FFF672AF044416B9002CFFF66DAF694B45
:108D10001B688BB1297C79B10334002E24F0030445
:108D20000CBF0020204698470028FFF65DAF0444A2
:108D300016B9002CFFF658AF5F4B1F68B7B1697CBE
:108D4000A1B10334002E2B7D24F0030408BF0020C2
:108D5000009318BF2046EB7CAA7CB8470028FFF69A
:108D600043AF044416B9002CFFF63EAF072000F0D5
:108D700095FC98B1A97D89B10334002E2A7E24F098
:108D800003040CBF0020204601F016F80028FFF66F
:108D90002BAF044416B9002CFFF626AFB6FA86F7BF
:108DA00095F823007F09A0B103346B7FA97E24F0DE
:108DB000070419443B4644F00404C9B2224601F0BA
:108DC0003BF80028FFF610AF044416B9002CFFF65C
:108DD0000BAF95F8241000294CD004F10708002EA1
:108DE000EA8C28F007080CBF0020404621F007FE5F
:108DF000041EFFF6F9AE4444002E3ED1002CFFF6CF
:108E0000F3AEA97F002945D095F82230002B41D040
:108E10002A8C0734002E02F1240224F007080CBF2C
:108E20000020404692B221F0EAFD0028FFF6DCAEB9
:108E3000404416B90028FFF6D7AE03302B7FA97E39
:108E400020F0070019443B4640F0040495F8220046
:108E5000C9B2224600F0E2FF0028FFF6C5AE044486
:108E600086B9002CFFF6C0AEEB6AF3B1C6B1EC6276
:108E70000020BBE6002EC4D08846E98C40461DF099
:108E800067F9BEE72A8C4046A97F083292B21DF0EE
:108E9000CFFBE9E7002EE7D0002211461046F6E7A7
:108EA00028343FF5A1AE2046A0E6002EE0D1FAE737
:108EB0006000002164000021680000211FB572B627
:108EC000194B1C6BECB9BFF34F8F1849184BCA688C
:108ED00002F4E0621343CB60BFF34F8F00BFFDE7A6
:108EE000B2FBF6F22B465D1C002AF9D1DBB203F18E
:108EF00010056D4405F80C2C0A2233B901A8A047CF
:108F0000E1E7024600230A26EDE7013BDBB203F16D
:108F100010050DEB0506B0FBF2F502FB1500303035
:108F200006F80C0C2846E8E7880A002100ED00E06E
:108F30000400FA0513B5124C68462389ADF80030D9
:108F4000E388ADF80430A388ADF802300DF0D6FF09
:108F500018B1FC219C20FFF7B1FF207D0EF03AF8FC
:108F600008B1FF21F6E7E07C0EF02EF810B14FF4C7
:108F70008071EFE794F828001AF058FF02B010BD96
:108F8000880A002138B5054600283DD020F0FCF9BC
:108F900010B94FF0FF3038BD1EF0E4F8B0F5FA7F9D
:108FA000F7D81B4C002125631B2504F10F0084F822
:108FB00034102A46217084F82A10E16220F0B8FCAF
:108FC0000123032108200222A370E370E372A3743B
:108FD0002376F72321722384FB23A0721F20A17321
:108FE0004921E3840A23A580E5806272A081E174AF
:108FF000E27584F82830EFF3108472B600F056FF63
:1090000004B962B60020C6E76FF01500C3E700BFE1
:10901000880A002138B51446002840F0C480634D0A
:1090200095F83430032B00F0BB80B9B112B96FF062
:10903000150038BD0139172900F2B580DFE801F0CD
:109040000C1D20366069873C6C6F814248565B8DF1
:10905000909FA2A596B3B3A81378AB700020FFF73A
:10906000B5FD0028B7BF012302236FF00B0085F880
:109070003430A8BF85F83430DBE71378EB70EDE7C8
:109080001379002BD3D05379002BD0D01288FB2A30
:10909000CDD863881B3B9BB2E02BC8D81A2AC6D90F
:1090A0002368A2886B60424B9A80D7E71378EA7BEB
:1090B0009342BCD3EB72D1E71378EA7A9342B6D8E5
:1090C000EB73CBE71378EA7A9342B0D86B74C5E7B9
:1090D0001378002BABD05378013BDBB2F82BA6D82A
:1090E000138892786B82334B9A70B7E71078687563
:1090F00018F0E6F9B2E71378002B98D02B76ADE79D
:10910000012000F0CBFA237808B1012B8FD9AB7383
:10911000A4E71388AB81A1E71378AB759EE707201E
:1091200000F0BCFA10B92378012B80D9072000F099
:10913000B5FA18B12378002B3FF479AF2378EB759B
:109140008CE71378082B3FF672AF2B7486E71388F1
:10915000FF2B3FF66CAFAB7280E713786B767DE741
:1091600013780E2B3FF663AFAB7677E72368124A8E
:10917000C5F81E3063685360238913816EE7137846
:10918000EB766BE713786B7768E713782B7765E7F7
:1091900013785A1E092A3FF64AAF85F828305DE752
:1091A0004FF0FF3045E76FF02C0042E7880A0021BE
:1091B0008C0A00219A0A0021A60A0021F8B50D4662
:1091C000064630B329B311F0070422D1124F97F8A5
:1091D0003430012B02D16FF00B00F8BD032B02D10C
:1091E0004FF0FF30F9E700F017F90028F8D02846D3
:1091F000FFF7ECFC0028EEDB1AF01EFE3046F96AA1
:109200000FF0F2F8FFF796FE0323204687F834307C
:10921000E3E76FF01500E0E7880A002110B5074C7E
:1092200094F83430032B03D10FF0F6F810F0DAF88D
:1092300021F086FD002084F8340010BD880A00214A
:1092400050B1074B03F1140253F8041B934240F84A
:10925000041BF9D1002070476FF01500704700BF64
:109260009FCD030108B50EF0B7FF03490320BDE809
:10927000084000F00BBA00BFA58A000108B50EF047
:10928000C5FF03490220BDE8084000F0FFB900BF58
:10929000818A000108B50EF0DBFF0649012000F0CD
:1092A000F5F90549002000F0F1F9044B012283F89B
:1092B0002A2008BD3D8A00015D8A0001880A00213C
:1092C00008B50EF0E7FF03490420BDE8084000F0B0
:1092D000DDB900BFC98A000108B50EF0F5FF0549E8
:1092E000052000F0D3F9044B044A1A60044B054AE8
:1092F0001A6008BDE98A000160000021611F0201B7
:10930000640000212D9D000108B50EF0F5FF054910
:10931000082000F0BBF904490920BDE8084000F02E
:10932000B5B900BF098B0001298B000108B50FF00A
:1093300001F823F0F4FE0549082000F0A7F90449DC
:109340000920BDE8084000F0A1B900BF098B000169
:10935000298B000108B50FF00BF805490A2000F031
:1093600095F904490B20BDE8084000F08FB900BF13
:109370004D8B0001718B000108B50FF017F80549FE
:109380000A2000F083F904490C20BDE8084000F0F1
:109390007DB900BF4D8B00018D8B000108B50EF02B
:1093A0009BFE03490F20BDE8084000F06FB900BFE5
:1093B000A98B000108B50EF0A9FE03490F20BDE8F6
:1093C000084000F063B900BFA98B000108B50EF09A
:1093D000CDFE03490F20BDE8084000F057B900BF9B
:1093E000A98B000108B50EF0ABFE03490F20BDE8C4
:1093F000084000F04BB900BFA98B000102680020B3
:10940000014B1A60704700BFC00A0021014B1B6866
:10941000184700BFC00A0021024B1868003818BF67
:1094200001207047C00A0021F7B504462D4E071DE4
:109430002C4837600FF0F6FF0228054606D129496F
:10944000204620F0CEFB284603B0F0BD042842D1D0
:109450003378092B0AD0262B1ED03146204620F027
:109460003CFCB0F5817F2DD3722112E005213E2016
:1094700020F089FB0028F0D1F37801A93279684601
:1094800043EA0223ADF8003020F0DCFF0028CFD003
:1094900053210820FFF712FD1A213E2020F073FB14
:1094A0000028DAD17368694601A8C3F30F23ADF829
:1094B000043011238DF8063021F028F80028B7D0A9
:1094C0006521E6E70028B3D0A178207820F05BFB87
:1094D0000028B8D1ACE70828B5D10249204620F0D1
:1094E000B8FBB0E7C40A0021074B4FF0FF3141F64B
:1094F000FF72C3E9001205490022C1E900221F21C1
:10950000C3E90212704700BF00000021C80B002110
:109510003F280CD801380B4BC0F3421200F01F005B
:1095200053F8223023FA00F000F001007047FF28C2
:1095300006D04038044BC0F3421200F01F00EFE7A2
:109540000120704700000021C80B0021074B014695
:10955000006849681A4603C240F48C2200201A6051
:1095600041F0107242F4FF625A607047000000211F
:109570000246034B0068516803C30020704700BFD8
:10958000C80B00210246024B0068516803C37047B4
:1095900008000021431E3828DBB21FBF064A5909C4
:1095A00003F01F0302EB81021DBF9068D84000F05A
:1095B00001000020704700BF000000210A8870B53C
:1095C00095B2C67CC2F30E020488023602F118037B
:1095D0003444C35AA4B233442344013BB3FBF4F3F1
:1095E00003FB0422438892B29342044B8BBF2B406F
:1095F000AB4313439BB20B8070BD00BF0080FFFFE5
:109600004A1E062A08B50346084604D84FF4D1710D
:109610001520FFF753FC094A914202D940F2A311E9
:10962000F6E711B903B1196008BD2BB11B68002220
:10963000C3E901211A1D1A600430F5E7FAFFFF7F24
:1096400010B5114B00EB41041A786389B3FBF2F3B8
:1096500003FB0223013A1A44B2F5706F0279807855
:1096600028BF00231A440B18B2FBF0F100FB1121B4
:109670005B1AB3FBF0F100FB113313446FEA434371
:109680006FEA5343638110BDD00B0021024B03EB03
:1096900080035960704700BFD00B0021034B03EBE0
:1096A00080035868003818BF01207047D00B002194
:1096B0002DE9F04F10F0070A85B0054604D040F2BE
:1096C00061111720FFF7FAFB534F04464FF0010BCF
:1096D00007F14C06B146B04657F8043B8DF80BA095
:1096E0003BB101A898479DF80A30082B01D9E82121
:1096F000E7E79DF80B1041BB05B131604F4506F11E
:109700000406E9D1002D6ED00022DFF81091122757
:10971000964689F8002058F827A0013FBAF1000FBB
:1097200054D09AF804609AF802C0FF2E5FD03946F0
:109730000023481C37D19C44BCF1FF0F3ED90AB12D
:1097400089F800E040F22711BBE79DF80AC04B1DE5
:1097500060465A0004EB4303022838BF0220441E2F
:1097600040422344BDF808406444CCF1000C03405F
:10977000013C04EA0C04B4F5803F01D3F821A0E7D2
:1097800075B19A1A32609170148082F803B09DF816
:109790000C00107101984FEA104C1081A2F806C01D
:1097A00004FB0134AAE758F8210028B190F804B06E
:1097B000B34504BF80781B180139BAE7DBB2E64530
:1097C0008AF804303CBF5FFA8CFE01227B1CA2D1D8
:1097D0000AB189F800E0122640F6FF6A58F82670B0
:1097E000B7B9013EFAD2601B05B0BDE8F08F002387
:1097F000E5E707EB410309F101093846A3F80AA0A0
:10980000FFF71EFF5FFA89F1BB788B42F1D8E8E7DA
:109810004FF00009F6E700BFD40B0021D00B002168
:10982000034B03EB8003186D00B18078704700BFD5
:10983000D00B002138B54FF6FF7302460380184B5A
:1098400003EB8103186DA8B184780379B3FBF4F1BD
:1098500004FB1133DBB2194600EB4105B5F90A50A0
:10986000002D0EDB0131B1FBF4F504FB1511C9B27B
:109870008B42F1D1002038BD6381BDE8384021F032
:1098800062B800EB41046389C3F30E031380C2780E
:10989000002AF1D14FF4D5711720FFF70FFB00BF5D
:1098A000D00B00211C4B03EB810370B51C6D0546EA
:1098B00044B3030404D54FF4DC711720FFF7FEFA1C
:1098C0000146204621F022F8FF28014604D0204618
:1098D000BDE8704021F037B8A078B5FBF0F300FB8D
:1098E0001353DBB219460A1D04EB4206B6F90260B7
:1098F000002E09DB0131B1FBF0F200FB1211C9B2FD
:109900008B42F0D1002070BD8B4201D00023E37068
:1099100004EB42025580DAE7D00B0021094B03EB40
:109920008103014610B51C6D204620F0EFFFFF2893
:10993000014604D02046BDE8104021F004B80020C4
:1099400010BD00BFD00B0021F8B5104B074603EB4C
:10995000810301461C6D204620F0D8FFFF280546F4
:1099600011D0E288238953EA024606D001462046F8
:1099700020F0E9FF01463846B04720462946FFF768
:109980005FFE0020F8BD0520FCE700BFD00B0021E2
:1099900038B50E4B0446827903EB8203186D08B983
:1099A000052038BD8278E1799142F9D24B1CE371F0
:1099B00000EB41035D89B3F90A30002BF3DBA5808E
:1099C00020F0C1FF20600020EBE700BFD00B00219A
:1099D00008B5074B03EB81030146186D20F096FF95
:1099E000FF2804D140F21E211720FFF767FA08BDB7
:1099F000D00B002170B5044610F003000E4603D0D2
:109A00004E211820FFF75AFAFFF7FAFD054624B158
:109A1000034831460460FFF7F3FD284670BD00BFE0
:109A20006C0C00212DE9F14FDFF870B01E4607469F
:109A30000D46DBF8003090469DF828A09DF82C904C
:109A40001BB960211820FFF739FA52460921404618
:109A500020F0C8FD4A4684B20921304620F0C2FDFC
:109A600081B2DBF80000214420F024FF386018B9EF
:109A7000286001B0BDE8F08F0444534641460922F6
:109A80002C60386820F064FD4B4609223146286876
:109A900001B0BDE8F04F20F05BBD00BF6C0C0021B1
:109AA00070B50E46044620F0B0FD0546304620F065
:109AB000ACFD044B2A1821461868BDE8704020F020
:109AC0001EBF00BF6C0C0021024B186808B120F0CB
:109AD000E5BE70476C0C00211F2AF8B504461346FA
:109AE0000ED89200033222F00303B3F5803F2DD24B
:109AF000184DACB1A00710D068210920FFF7DEF99E
:109B0000FF2B4FEA420204D9FF339A42A8BF1A46FC
:109B1000E8E77C2AB8BF7C22E4E729706C602B81DF
:109B200022F0030228230127120403FB01F06B68D3
:109B30000025120CEEB2B14200D8F8BD14B12618BF
:109B40001F705E60104401352833F3E74FF0FF309B
:109B5000F3E700BF700C0021154A002170B553686F
:109B60001578C8B2854203D8BA210920FFF7A6F9B3
:109B70001C461846013114F8286B0EB92346F0E74D
:109B80000021997001241289996103F126055C7006
:109B90009208D96103F11E04596824F8022FA542E6
:109BA00043F8041F1144F8D100234361037070BDD2
:109BB000700C00210A4B1B89B3F5FF7F4FEA93001D
:109BC00006D25A089B1A9BB2984238BF1846704773
:109BD000B3F5EE6F01D8FF22F4E740F27263F3E7CA
:109BE000700C00214B782DE9F04106460C4602F03E
:109BF000040702F0FB05E3B1A5BBFF23A3707B08BC
:109C000004EB57073A7D032A02D1022D18BF013316
:109C1000E2180121117503F10C01002204EB83030A
:109C200024F811205B68A27030463360B280BDE832
:109C3000F081002DE1D1012301F11E028D6120464A
:109C40004B7004F1260C1A4BCD611B8949689B08A7
:109C500022F8023F944540F8041F1944F8D100232C
:109C60006361CAE7D1F8048014220021A018617052
:109C70001FF05EFE0E4B1B89B3F5FF7F0FD25A0813
:109C80009B1A9BB208EB0301C4F804802384A160F3
:109C90006284C4F80C80A3842161E284ADE7B3F54B
:109CA000EE6F4FF0FF02EBD940F27263EAE700BFBC
:109CB000700C0021F7B5D2000B684000002502F0BF
:109CC0007802CDF8013000F006008B880243ADF831
:109CD00005300D4B42F001021E785F688DF80020C0
:109CE000EBB29E4201D800240AE0C5EBC50407226E
:109CF000694601353C4420461FF0FCFD0028EFD1A9
:109D0000204603B0F0BD00BF7C0C0021014B187849
:109D1000704700BF7C0C0021034B00211A78586863
:109D2000C2EBC2021FF004BE7C0C002110B50C4631
:109D300050B1830703D020214120FFF7BFF8044B27
:109D400058601970FFF7E8FFC4EBC40010BD00BFF6
:109D50007C0C0021F8B504460D461646FFF7AAFF15
:109D6000034628BB134A92F800E05168DAB29645E0
:109D700001D807201BE0C3EBC3070133CA5D01EB29
:109D8000070C12F00100F1D1630022F07F02F6000F
:109D900003F0060306F0780643F001033343134350
:109DA000CB552B68CCF80130AB88ACF80530F8BD4A
:109DB0001220FCE77C0C00212DE9F84305460C46F7
:109DC000F7200521914620F00DFC061E21DB1DB970
:109DD00006FB04F0BDE8F88315F0030703D09821D3
:109DE0001920FFF76BF8DFF83080C8F81050A8F89A
:109DF0001460BBB29C42EBD9B8F814504B46D8F86B
:109E000010000522F72107FB0500013720F0A0FB19
:109E1000EFE74FF0FF30DDE7840C002107B5CDE917
:109E200000230B4603490246081D20F039FF03B00A
:109E30005DF804FB9C0C002113B5064CCDE9002312
:109E40000B46024604F1080104F10C0020F028FF43
:109E500002B010BD9C0C0021024B0146186820F096
:109E600011BF00BF9C0C0021024BD3E9002120F060
:109E70003DBF00BF9C0C0021034B1B28D3E90221EE
:109E800038BF1B2020F032BF9C0C0021024B014642
:109E9000D3E9002020F033BD9C0C0021024B014689
:109EA000D3E9022020F02BBD9C0C0021144B012291
:109EB00000214FF0FF309A60C3F80012C3F8080386
:109EC000C3F80015C3F804259A60C3F808034FF4DB
:109ED0008040C3F80015C3F8042503F5805341F60C
:109EE000F8720849C3F80825C1F88000BFF34F8F06
:109EF000BFF36F8FC1F88001C3F80825704700BF1A
:109F000000E0004100E100E08C463422064B00B541
:109F10000CF8032B8E4607CBCEF80300CCF80410C8
:109F2000CCF808205DF804FBB80C00212DE9F041C5
:109F30001C4D044600F0010795F82460B6F10008B6
:109F400018BF4FF001081EB117B1AB8D1A0714D41A
:109F5000012916D82B6B2046984790B195F83430DC
:109F60007BB98EB987B1A88D58B995F835304BB902
:109F700095F8360080F0010004E095F82E30002BB3
:109F8000E6D00120BDE8F08184F0010010EA08006D
:109F9000F8D0A88D8307E7D595F82E0080F0010052
:109FA000F0E700BFAC0C002110B5154C1AF068FFAB
:109FB0001BF0BEFF0021E36B208F9847237E9BB9E7
:109FC000104B228F93E8030010F000FCA36A18885E
:109FD00010F030FB636C94F8341094F8400098470C
:109FE000002384F8483010BD94E8070004F10C0306
:109FF00083E80700044904F1190024F01AFCDFE7A4
:10A00000AC0C0021D00C0021099F0001034B93F8F8
:10A01000483003B97047FFF7C7BF00BFAC0C002141
:10A0200040F2A241062008B5FEF748FF08B5094BEB
:10A0300093F84820022A07D1DA7A42F00102DA7254
:10A04000BDE80840FFF7B0BF40F2A6212720FEF789
:10A0500035FF00BFAC0C0021F8B5254C4FF48173DF
:10A060000646A56AA4F8543095F8922094F860301A
:10A07000E76C03EB820095F875102765FF2804D183
:10A080001EB995F874308B4218D01AF0AFFB95F8D2
:10A0900092303BB3606E1BF029F8616E206D1BF0AF
:10A0A0000DFF96B1A88E1AF0CFFA002095F8741023
:10A0B0001BF03EFA022384F84830F8BD002AE9D1AB
:10A0C00038461BF013F81BF033FF95F875302A8FD4
:10A0D000033B012B8CBF00202820104480B21BF0D2
:10A0E000EDF8DFE7206D1BF001F81BF021FFD8E74A
:10A0F000AC0C00212DE9F041394C86B094F8483081
:10A10000012B66D1A56A5FFA83F806460F4695F8DB
:10A11000843073B1A38D0021042043F0040385F83B
:10A120008410A385E36B984794F824300BB185F82D
:10A13000858095F88830042B30D095F8923003B3A1
:10A14000A36A05F1F80194F860C005F5847293F8EC
:10A15000750094F824300138003BC0B218BF0123C9
:10A160000328D5E93C4539D800932B46CDE9012C8D
:10A1700022461C4C205C03900020049001201BF020
:10A18000D1FD012F05D126B931463046FFF7CEFE6D
:10A19000D0B106B0BDE8F041FFF706BFA38D0220A5
:10A1A000114943F00203A385E36B984794F82430E8
:10A1B000002BC2D0236F1B78A3F10203B3FA83F301
:10A1C0005B0984F82E30B8E706B0BDE8F041FFF730
:10A1D00043BF40F22C712720FEF770FEFFF720FFEF
:10A1E000AC0C0021BCC103011C0D00212DE9F04F76
:10A1F000BB4C002385B0A56A8DF8093095F89220F4
:10A20000ADF80A3094F8603095F8741003EB8203CF
:10A21000FF2B04D118B995F875308B4202D0FF207E
:10A220001AF0E4FA95F88870052F00F2C181DFE892
:10A2300007F0C1D9303003030DF10A0103A80EF075
:10A2400003FB002800F01581039E002E00F0118111
:10A2500001234FF00509F21CA66684F87930BDF899
:10A260000A3085F88890A4F8743073BBB9F1020FF6
:10A2700095F889B095F88AA0226700F0C180A9F10D
:10A2800004095FFA89F9B9F1010F00F28E81F378C0
:10A290002DE0B5F864300DF109020DF10A01E06F0F
:10A2A000ADF80A3020F0D8F90646002800F0788191
:10A2B0000122BDF80A3095F8889084F87920F21CC4
:10A2C000A666A4F87430002BD0D0B9F1020F95F82F
:10A2D00089B095F88AA0226700F09280A9F104095C
:10A2E0005FFA89F9B9F1010F00F25F811378022B4F
:10A2F00000F0C480E06F20F01FFA236F0601804653
:10A300001B78F6B21B2B00F0E18000224FF003090E
:10A310001746A16E4FEACB0B4FEA8A0A02200B7850
:10A320000BF0080B0AF0040A012F03F0F30343EAD1
:10A330000B0343EA0A0323F0100346EA030626F060
:10A34000030649EA06060E70B4F874304B70A16E2D
:10A35000A4F86C000B7823F0200342EA03020A7091
:10A360000AD1A36A1A7C5B7C032A03F01F0308BF8F
:10A37000002243EA82138B7095F8913084F835807F
:10A380001BB1B4F87430002B4CD1A06E1AF0AEFEA5
:10A390001BF0CEFDE88E1AF057F9012095F87510E4
:10A3A0001BF0C6F8012384F8833084F8483005B0E8
:10A3B000BDE8F08F94F878300DF10A0103A8A5F8F4
:10A3C0006430ADF80A300EF03FFAB8B3039EAEB376
:10A3D00001234FF0040984F8793085F88890BDF89E
:10A3E0000A306CE73F4B0022B94695F889B0A36666
:10A3F000033395F88AA0ADF80A202367A4F87420E7
:10A40000E06F20F099F98046064698B90EF036FACA
:10A41000424680F0010837465FFA88F84FEA08168E
:10A42000F6B276E7606E1AF061FED4E919011BF00E
:10A4300009FDAFE70022102617466AE795F8CF30EE
:10A440001BB30022274B4FF000084FF0010995F88D
:10A4500089B0A366033395F88AA0ADF80A80A4F802
:10A460007480236785F88890002AC9D03A463E4612
:10A470004FE740F2BA412720FEF720FD00224FF0BF
:10A48000030916469046174643E70DF109020DF100
:10A490000A01E06F20F0E0F806460028D1D09DF8D0
:10A4A00009200ABBBDF80A30002B58D14FF0010932
:10A4B000A666033695F889B095F88AA0A4F874309A
:10A4C00085F8889084F87990266799E7012105F14D
:10A4D00010001AF0CDF94FF003092022012718E7E8
:10A4E000AC0C00212C0D00210146E06F019220F000
:10A4F000B5F920F0B7F9D0F800A0D0F80490804664
:10A50000019A5AEA090337D10022BDF80A3088F8C7
:10A51000002088F8012088F8022088F8032088F8B5
:10A52000042088F8052088F8062088F80720002BEA
:10A53000BCD09DF8091091B1317801F003010129D7
:10A5400023D00121A4F87430022385F89420A66654
:10A55000F21C994684F8791085F88830B5E6002316
:10A560004FF003093380B370012385F8889084F895
:10A570007930BDF80A30A2E601921CF0D1FF824585
:10A58000019A79EB0101BFD25CE7A4F87430032390
:10A59000F21C84F879109946A66685F8883094E60E
:10A5A00040F2AD412720FEF789FC4FF0010927E773
:10A5B00040F2C2412720FEF781FC00BF10B50C4CD1
:10A5C0000C4A0D4994F84830116023B140F23D1116
:10A5D0002720FEF773FC03F0FF02227610F0EEF85E
:10A5E0000DF032FFE0640DF033FF606610BD00BF78
:10A5F000AC0C00216C00002144AE0001074A10B5EC
:10A6000092F8483013B10C24204610BD03F0FF042B
:10A61000147610F0D3F8204610BD00BFAC0C00211A
:10A620002DE9F04389B0C04C06AD9DF8446085E843
:10A63000030094F848101098002940F07081002B16
:10A6400018BF002A00F06B81B0FA80F14909002898
:10A6500000F06581236304F12403606484F83410FE
:10A6600084F8851084F8401084F8831084F87910F9
:10A67000A185218784F8351084F8361084F82E10CF
:10A68000A1662167A4F874102165A165A4F85C1087
:10A69000E26384F8846095E8030083E80300A56A18
:10A6A0001AF018F91BF044FC95F97C001AF044FAF2
:10A6B000AE6A286A1AF046FA30461AF0FBFC95F8A2
:10A6C000A3001AF049FA94F82460002E00F0978055
:10A6D00025F05AF9014695F875200120A4311AF0A9
:10A6E00073FB924B18681AF0EBFCA36AD5E90512CC
:10A6F00093F87470C4F8882093F88C20E167A2F175
:10A700002601012940F28F8093F88D10262900F050
:10A710008A80213A012A40F2EE80242900F0CC8080
:10A72000032F08BF042705F13C063946304624F0C4
:10A730002DF9394623F028FAB5F84830024695F845
:10A7400075103046934228BF134684F8783024F0C1
:10A75000D2F895F8751095F892700429B5F8506004
:10A7600008BF032123F010FA0FB9043080B28642EB
:10A7700028BF0646F6B284F88C600EF0FBFF002876
:10A7800040F08E8094F8243084F86060002B64D10F
:10A7900095F89120EAB195F8746005F1F80195F803
:10A7A0007E0005F58472013E8000F6B2C0B2032E31
:10A7B000D5E93A8900F2C2805D4F04934B46BE5DF5
:10A7C000019242460396FB260296012600961BF054
:10A7D000A9FA0120FFF70AFD0023B5F8860095F8D5
:10A7E000A320A360C4E90033AB6F29886080218077
:10A7F00022710BB101221A6009B0BDE8F08325F087
:10A80000C3F895F874204B4B014630464A4E33F856
:10A81000123003F5FA73A6FB036301EB93118A313F
:10A820001AF0D2FA5DE794F82420002A3FD193F879
:10A830003A32002B3FF477AFFA1ED2B2012A65D923
:10A84000DA1E012A62D9012B18BF012F0CBF012388
:10A850000023C3F10203DFB265E795F89230B3B18C
:10A8600095F8750005F1F80105F584770138C0B257
:10A870000328D5E93C2361D8CDE901762C4E305C24
:10A88000002603900120049600901BF04BFA012053
:10A89000FFF7E2FBA36AD3F8D8011AF099FC9BE713
:10A8A0000EF06EFFB04238BF3046C6B26AE793F88A
:10A8B000C232002BC0D136E794F82420002A3FF49E
:10A8C0002FAF93F82E2193F86D3013405A071DD403
:10A8D00013F001021CD19B077FF525AFFB1EDBB2F5
:10A8E000012B13D9A7F10107B7FA87F77F09C7F141
:10A8F0000207FFB217E72429DED094F82420002AAB
:10A900003FF40EAF93F82E315907E1D504270AE73B
:10A91000FB1EDBB2022B2CBF1746042703E74FF4C4
:10A92000E9712720FEF7CAFAAC0C00216C00002167
:10A93000BCC103013CC40301D34D6210FFF770FB9F
:10A94000FFF732BB014B93F883007047AC0C00213A
:10A95000044B93F8790018B993F83900C0F300104C
:10A96000704700BFAC0C0021024B93F83900C0F3D4
:10A97000C0007047AC0C0021014B93F88500704774
:10A98000AC0C002170B5184C82B0D4F8905035B39F
:10A99000A36D23B30646B4F85420216D28461FF05A
:10A9A00031F8EB1CB4F85C201846A16D1FF02AF8B2
:10A9B0000DF1020201A9A065D4F8880025651FF0F9
:10A9C00063FF01981FF04EFF0346B4F85C100122AC
:10A9D000D4F8880033601FF0F0FE02B070BD40F282
:10A9E00019712720FEF76AFAAC0C00212DE9F04F0F
:10A9F000BC4C8BB0002394F84820A56A022ACDE90C
:10AA0000083340F00782236D032206460F4693F871
:10AA100000805978134495F892004FEA281AA4F858
:10AA20005420A365A4F85C10002E40F0B0800028EC
:10AA300040F0698194F88530013384F88530238FA4
:10AA400043F48063238795F87530033B012B40F274
:10AA5000CE800EF08FFE002840F0C9804FF0000835
:10AA6000C146C34695F8913073B395F874C005F5A7
:10AA7000847194F824300CF1FF3C95F87E00B3FA11
:10AA800083FE05F1F8035FFA8CFC80000793BCF1AC
:10AA9000030F4FEA5E1EC0B2D5E93A2300F2BF8130
:10AAA000CDE900E1DFF840E205F1F8011EF80CC045
:10AAB000CDF80CC04FF0000CCDF810C04FF0FB0CDF
:10AAC000CDF808C01BF02EF9D4F89030002B00F020
:10AAD000C080012303EA0A0384F836303FB994F8B2
:10AAE00085100120FFF722FA002800F00F811AF0EC
:10AAF0007DFDB9F1000F40F0B2804FF00108218FC9
:10AB000011F0400106D1E36B40209847238F43F0BA
:10AB100040032387BBF1000F09D094F82430002BA9
:10AB200040F0E680B4F809300133A4F80930002E73
:10AB30006FD0B4F805300022013384F88520A4F8E2
:10AB400005306A480FF064FD089830B11FF08AFEA6
:10AB5000A16A002202720EF06DFD099B33B1A16A59
:10AB600000221A720C2209980EF032FDB8F1000F83
:10AB70006AD1238F1B0607D4E36B41468020984798
:10AB8000238F43F0800323870BB0BDE8F08FC8F319
:10AB9000C009002843D1002940F0C280002095F868
:10ABA0008910238F81EA9802C4F8900043F400735F
:10ABB000D207238710D595F88820002A58D0013A6B
:10ABC0000131D2B285F88910042A00F22A8146495F
:10ABD0000A441279002A46D195F88A20B34602F039
:10ABE0000101894562D04FF00008C1463AE719F0EB
:10ABF00039FD04287FF432AFB4F85C804FF00009CF
:10AC0000B8F11B0FCB4694BF4FF000084FF001087E
:10AC100028E7B4F807300133A4F8073091E71BF0B8
:10AC2000AFF9831EDBB2012B0ED9B4F85C100028FB
:10AC3000B1D10029B2D095F88A3003F001039945CB
:10AC40006ED1012384F84030FFF7AEF90BB0BDE8B8
:10AC5000F08FB4F85C30B3FA83F35B093AE709A8E4
:10AC6000FFF790FE49E7022A74D0032A00F0BA8069
:10AC7000002194F8243085F888105BB195F8853070
:10AC800043B1A38D102085F8851043F01003A385F0
:10AC9000E36B984795F88A204FF0000B238F02F062
:10ACA000010143F40063894523879CD1B4F85C100B
:10ACB00008F00308C9B308F1FF3101295CD901325A
:10ACC000B8F1030F85F88A2036D0D5F8F03001337B
:10ACD000C5F8F030D5F8F43043F10003C5F8F4308E
:10ACE00081E700BFAC0C0021BCC10301D00C0021E6
:10ACF000B4F80530B4F80710B5F886200B431343B9
:10AD00003FF415AF0EE71BF07BF993E6FFF76EFA01
:10AD1000B9F1000F3FF4F3AE09A8FFF733FEEEE6FA
:10AD2000D4F888001FF029FD39E70132B8F1030F8C
:10AD300085F88A207FF457AF43F4805301204049BF
:10AD40002387A38D85F8840043F00103A385E36B7B
:10AD50009847BAE708A9E06F1FF0A0FC00286AD066
:10AD6000D5F8E8300133C5F8E830D5F8EC3043F1D8
:10AD70000003C5F8EC307BE743F4805395F89280EC
:10AD8000238719F06FFC042894F88C3007D1B8F1B0
:10AD9000000F0CBF1F221B22934228BF1346B4F89A
:10ADA0005C209A422AD8D4F89030002B3FF41BAF95
:10ADB00094F88480B8F1000F27D195F88A300133D8
:10ADC00085F88A30002A3FF40EAFD5F8F030B1464E
:10ADD0000133C5F8F030D5F8F43043F10003C5F87D
:10ADE000F4303FE60DF03EFD00B3A38D00210820B6
:10ADF00043F00803A385E36B9847B1E794F8343038
:10AE000043F0100384F83430EDE6E36B002120209A
:10AE10009847E8E640F2CB712720FEF74FF8FFF79E
:10AE2000FFF840F211612720FEF748F840F2336145
:10AE30002720FEF743F840F229612720FEF73EF86D
:10AE4000040D00212DA00001EDA90001F5A00001D5
:10AE50000DA0000106220B4603F8032BB0F809C031
:10AE6000C27AA1F803C09A70704700BF40F2B921BE
:10AE7000322008B5FEF722F890F8DE2012B902F071
:10AE8000FF00704710B5363882B00C4604F0CEFA99
:10AE900018230420237002B010BD00BF70B5002835
:10AEA0005BD0437A04460D46002B3BD000214089FD
:10AEB000FEF734FD002855D000210088FEF744FD40
:10AEC000002854D194F8546094F8A6302BB194F82B
:10AED000A7301E43002384F8A630204604F0A6FACB
:10AEE000B30730D113212B4604F10902293403F8AA
:10AEF000031BD2F800C0103252F80C6C103352F819
:10AF0000080C52F8041CA24243F810CC43F80C6C15
:10AF100043F8080C43F8041CEBD111780022197097
:10AF2000AA7170BD036DD0F80E20C3F80320428AC9
:10AF3000A3F80720437B026D03F0FD03003B18BF1D
:10AF400001239370BEE726F0040600222046114636
:10AF500084F8546005F030F8C4E740F20231322042
:10AF6000FDF7ACFF40F20E313220FDF7A7FF40F2B3
:10AF700011313220FDF7A2FF044B00221B68A3F819
:10AF8000792183F87B2183F870207047400D0021E0
:10AF900008B518F003FF034B187019F071FF032078
:10AFA00008BD00BF1000002108B518F0F7FE024BE5
:10AFB000024601201A7008BD1000002138B5114C5E
:10AFC00020686C3003F074FB656803F021FB636854
:10AFD0002860186858B103F049FB68B11AF086F888
:10AFE00000201AF06BF9042263681A7138BD40F230
:10AFF000EC413220FDF762FF40F2EE413220FDF7D6
:10B000005DFF00BF400D002108B518F0C7FE0449E0
:10B010000246044B48681A7003F0C2FB012008BDC9
:10B02000400D002110000021F0B5524C00220E46C8
:10B0300083B02368054641F27070196D5A72CA696F
:10B04000B1F800C0A3F80AC0A2F57A7C844575D98E
:10B050004948A0FB0202C2F38F221A848A8C5A84C8
:10B06000CA8C9A844FF47F42DA844FF6FF721A85B5
:10B07000002D49D00121304623F0A9F83278D209B9
:10B08000236893F8481009B1002A47D1002159617B
:10B090001983207B082859D003F10E0203F10D011A
:10B0A0000DF072FE00285FD023685A7B03F11A0767
:10B0B00042F002025A73002D3AD103F1780002687F
:10B0C0003A608288BA8093F95810186D0EF01EF815
:10B0D00020682A4923F0A4FB236829491A6D1088A7
:10B0E000A3F8330003F12A0092F8952083F8352065
:10B0F00023F09FFB0221206805F002F920686C30E4
:10B1000003F0D6FA03B0F0BDA068694622F027FF2D
:10B11000A36868461A78C2F38012B1E7427902F058
:10B12000C002402AB2D102685A6182881A83B0E70D
:10B130000021304623F04BF82368C0E71148A0FBFC
:10B140000202920902F5506292B286E793F87E10ED
:10B150009A6FB3F87C0059730021C3F80E2058820F
:10B16000C3F81A10D983AEE741F208413220FDF747
:10B17000A5FE00BF400D00215917B7D19DAE0001BB
:10B1800055AE0001D34D6210F0B5534F85B03B680A
:10B1900093F8943073B3437804461B072AD5037899
:10B1A00043BB3B680E46D3F89000503024F0DCFAE5
:10B1B0000546F8B93B68D3F89000837DF3B963691D
:10B1C0005A78837AB3EB121F14D16368002B4BD0EB
:10B1D0007A685279082A18D100F10C01627CC07A91
:10B1E00022F08DFB30B13B68D3F8903000229A7486
:10B1F000012500E00025284605B0F0BD6168002962
:10B2000032D07B685A79082A47D010460DF10701E1
:10B2100002AA0DF0B9FD0646002858D03B689DF8FB
:10B220000720D3F89000837D5BB36369104602A9C1
:10B230005A7812091FF01FFD0028DCD03B68BDF8CA
:10B240000C10D3F8902002981182D0609DF807105E
:10B25000D3F89020D1726369012135465B789174EF
:10B26000C3F303139372C6E7002EC1D0012EC1D1E0
:10B270007B68186803F038FD0028BBD07B681D7A16
:10B28000B9E700F10C0102ABC07A22F038FB0028CC
:10B29000B1D03B68D3F89020DDE76369607C5A78D1
:10B2A00012091FF0E8FC0028A4D0636939685A78B5
:10B2B000D1F89030C2F303129A7262681068D860B5
:10B2C00092881A82D1F89030627CDA728EE740F66A
:10B2D000D7713220FDF7F2FD400D002140F292318E
:10B2E000322008B5FDF7EAFD10B504788CB004F003
:10B2F0000F0402A9224603F015FD18F04FFD234A62
:10B30000042C107002D003200CB010BD204C039907
:10B31000236891F800E093F878C0E645F3D191F8FE
:10B3200001E093F879C0E645EDD191F802E093F899
:10B330007AC0E645E7D191F803E093F87BC0E64593
:10B34000E1D191F804E093F87CC0E645DBD191F8B7
:10B3500005C093F87D108C45D5D193F87E309DF8CB
:10B3600019109942CFD17F280DD04FF07F0C00905B
:10B3700002A9606882F800C0237C227B03F03CFCB9
:10B3800003200CB010BDFFF7A9FF00BF1000002183
:10B39000400D00210E4A536810B5197902290CD9C5
:10B3A000197908290ED8197952690A4B92680B4409
:10B3B000BDE8104052F82330184741F2B141322025
:10B3C000FDF77CFD41F2B2413220FDF777FD00BF71
:10B3D000400D0021FDFFFF3F38B5194D6B681B790B
:10B3E000022B28D82B680446027C83F8A4201A4438
:10B3F000C168996692F87C2183F878214268C3F885
:10B400008820037A022B0ED019F064FA19F086FF17
:10B4100018F05CFD0B4819F053FE0B4819F04AFE7A
:10B420000A4819F08FFB637C23B12B685B6E0BB16C
:10B4300001221A6038BD40F6FC013220FDF73EFDC6
:10B44000400D00217C00002155555500D6BE898E47
:10B4500070B53A4C064663681A79032A41D01A79C6
:10B46000042A3ED0226892F8542092073ED1A56863
:10B47000002D4AD0236893F85430002B3BD03EB1C6
:10B48000284622F084FFD8B9284622F09BFFB8B99D
:10B4900063681A79022A3DD91A79082A3FD819799E
:10B4A0006269274B52690B4452F8233098470C28A5
:10B4B00026D86369DB68BDE8704053F82030184730
:10B4C00063681A79022A2FD91A79082A31D819798A
:10B4D000284662691A4B12690B4452F82330984788
:10B4E000E5E7186803F0C2F80546C1E7186803F0FD
:10B4F000BFF80546BCE741F2BF313220FDF7DEFC64
:10B5000041F2D2313220FDF7D9FC41F2B93132207B
:10B51000FDF7D4FC41F29F313220FDF7CFFC4FF410
:10B520009D513220FDF7CAFC41F23F313220FDF738
:10B53000C5FC4FF49A513220FDF7C0FC400D0021AC
:10B54000FDFFFF3F70B5154D2C6894F84830EBB106
:10B550006FF00043D4E920129A4208BFB1F1FF3FD7
:10B5600014D01BF07FFED4E92023904299410DD3E3
:10B570002E6896F8483053B90DF000FC04461BF0D5
:10B5800071FE074BE4FB0301C6E9200170BD0120F9
:10B590000DF0DEFC0028F9D02E68EDE7400D00210B
:10B5A00040420F001B4B2DE9F04793F9008084B017
:10B5B000B8F17F0F2CD0184C7F2281460F46666869
:10B5C0001A703379032B1AD03379062B14BF4FF03E
:10B5D000010A4FF0030A236803F1420519F042F80B
:10B5E00000903A462B4649463046CDE9028A257BF3
:10B5F000019503F021F928B904B0BDE8F0874FF0B8
:10B60000000AE8E7606804B0BDE8F04703F088B8D6
:10B61000FFF764FE10000021400D002138B50546FB
:10B620000C460CF067FF420704D4A37803F0E00354
:10B63000402B0DD00CF05EFF830704D4A37803F0F9
:10B64000E003202B04D0237803F03F03242B01D9FF
:10B65000002038BD19F00CF894F900206378002A16
:10B66000A27802F01F0CB4BF4FF496711E2143EA7A
:10B670000C2301FB03F3191AB1F5877FE8D3984235
:10B68000E6D80648294623880068A0F8793180F872
:10B690007B21BDE8384003F08FBF00BF400D002183
:10B6A0002DE9F047334F84B0D7F8048098F806307E
:10B6B000002B4DD03D6804460E4695F8953033B9C1
:10B6C0000378002B14BF0223012385F8953098F8E6
:10B6D0000430062BDAB23FD0072A0CBF4FF0020A23
:10B6E0004FF0010A244B93F90090B9F17F0F3ED03F
:10B6F0007F221A7018F0B6FF009005F1420332461F
:10B700004046CDE9029A397B0191214603F094F835
:10B71000F0B16378DB0618D5A1690220FFF77EFF40
:10B72000E8B100233A6882F896306369DBB1597852
:10B73000C1F3031182F8971059781B7801F00F01BB
:10B7400043EA0123A2F8983003E0786802F0E8FFAA
:10B75000002004B0BDE8F0874FF0030AC2E7786824
:10B7600003F01EF8F4E7FF2382F89730F1E7FFF7C4
:10B77000B5FD00BF400D00211000002110B50446AA
:10B780008AB018F00BFB194A2378107003F00F03EE
:10B79000072B02D001200AB010BD2046694603F0F5
:10B7A00067FB684603F04CFC9DF80030002BF1D19C
:10B7B0009DF80130DB07EDD50D4C019922689DF80D
:10B7C000110002F1780392F87E2022F098F8002808
:10B7D000E0D020680121A03021F00BFEFF21684657
:10B7E000FFF75EFF0130C0B2D5E700BF10000021B7
:10B7F000400D00212DE9F04304468BB018F0CEFA3D
:10B80000434A2378107003F00F03082B04D001255E
:10B8100028460BB0BDE8F0836946204603F0BAFA2B
:10B820009DF80050002DF2D19DF8013003F0030384
:10B83000032BECD1374F3E6896F84D308BB396F81A
:10B840004E807B7B8BBB4FF0000906F1780396F8A6
:10B850007E2001999DF8110022F051F810B9B9F13C
:10B86000000FD4D096F848203E6896F841904236B2
:10B87000002A3CD19DF81200334602994A4601281D
:10B880001FD022F03CF80028C1D038680121A03038
:10B8900021F0AFFD7B7B9BBB21460120FFF7C4FB62
:10B8A000B6E77B6893F80580CBE722F06CF80828B0
:10B8B000C9D0A0EB08093873B9FA89F94FEA5919C8
:10B8C000C3E74E7922F01BF880F0010306F0C006B2
:10B8D000DBB2A6F14006B6FA86F67609002BD2D086
:10B8E000002ED0D0029940460DF066FBCBE74046D3
:10B8F0000DF09CFB0028BDD006464FF00109B9E7CA
:10B9000019F00CFD18F0E2FA00237B73C4E700BFC6
:10B9100010000021400D00214378F0B50446580680
:10B9200087B07AD4227803F01F0352EA032274D03E
:10B9300008466188052970D9237A6268C3F3040335
:10B9400052EA030569D0384D2D68002D67D00028D4
:10B9500065D0A847002860D0344E0121237A306892
:10B96000C3F304036268D0F890506976110A00208E
:10B970008DF8143041EA036162F3070061F30F2090
:10B98000110C120E41EA034142EA032261F317400F
:10B9900004A962F31F60049005F11E0022F09CF9D7
:10B9A000628840F2E24303FB02F2637BC5F8A02009
:10B9B000D4F809202A60A27B43EA0223E27B43EA0F
:10B9C0000243227A6B60C2F34212238A85F8BA20BE
:10B9D000013B3268A5F88A3092F87831EB756378CC
:10B9E00025789A0603F01F034CBF4FF496721E226F
:10B9F00045EA0325174602FB05F518F0ADFE0B4698
:10BA0000218A024630680631D0F8900089B2019749
:10BA10005030009502910EF0D3FF07B0F0BD034EF9
:10BA20003168D1F89050A1E778000021400D002145
:10BA30002DE9F04FDFF8DCA093469846827CDAF8D7
:10BA4000003083B0012A044693F84850894685F0B7
:10BA500001053DD0002637469AF80D203AB393F8F9
:10BA6000542052072DD46368B3B1DAF804305B79FF
:10BA7000082B18D0184601930DF094F82843C5B24E
:10BA8000B7B19AF80F20019B6AB321F086FF00231B
:10BA900007468AF80F300BE0DAF80430186803F034
:10BAA00023F90028E1D11FB19AF80E1009B300273D
:10BAB0008BF8007089F8006088F8005003B0BDE88A
:10BAC000F08F93F84D20002ACDD093F84E30CFE779
:10BAD0008268567906F0C006A6F14006B6FA86F6E8
:10BAE00076093746B8E7A16818460DF065FA0746AB
:10BAF000DEE7A0680DF060F907468AF80D0000281F
:10BB0000D5D021F040FF0828D1D0DAF804305871A0
:10BB1000CEE700BF400D00212DE9F04F044687B06D
:10BB200006290AD8DFE801F0522E0F09090904009E
:10BB3000B34D68688379002B72D119F0A1F9032005
:10BB400007B0BDE8F08F19F09BF9AD4A136893F880
:10BB500054108F07F3D0506881790029EFD0A94D98
:10BB600095F900107F2900F01C8202912146127B7A
:10BB70007F2442330192FF22009202222C7002F0B5
:10BB800093FFDCE79E4DA27C29686868012A91F842
:10BB9000483090F806A090F8079083F001035BD03E
:10BBA0000027BB4691F854C01CF0040600F0D78073
:10BBB00091F84D60002E5AD091F84E80B8F1080FE0
:10BBC0005BD191F84180002640466FE08C4DD5E96D
:10BBD000003093F8542057071AD5C279002A00F094
:10BBE000C680626893F85B1016788E4200F032814E
:10BBF00093F85620012A00F0518193F84E30082B1B
:10BC000003D042799A4200F0498119F039F9686805
:10BC10008379002B40F0AF80C379002B8FD18CE764
:10BC20002B6893F85420960740F1CF80754A92F91B
:10BC300000107F2900F0B581029121462C7B423310
:10BC40000194FF2400947F241470062202F02CFF3C
:10BC5000002309202B7473E7A268577907F0C00707
:10BC6000A7F14007B7FA87F77F09BB469AE790F834
:10BC70000580B8F1080F00F0DD80404604930CF019
:10BC800091FF049B0590BBF1000F40F038812968BB
:10BC90005E4691F854C091F841800CF00402404691
:10BCA00092B3059A43EA020B5FFA8BF3626891F84C
:10BCB0005BC092F800E0E64500F0F3804FF0000B27
:10BCC0006A685279082A00F0308191F84EC0ACEBD6
:10BCD0000202B2FA82F252090492002E00F0B680FB
:10BCE000B9F1000F0BD091F85630012B00F0D6803F
:10BCF0004E4623B9049B53EA0B0B40F0CF8019F05A
:10BD0000BFF82B6893F854C01CF0030F3FF417AF33
:10BD100019F0B6F8BAF1000F3FF411AF2868A36824
:10BD200000F14201A27C90F8410021F0E8FD16B933
:10BD3000002800F01481334E96F900307F2B00F07C
:10BD40003081029321462B7B7F240122CDE90083A1
:10BD5000D5E900303470423302F0A6FEEFE690F8E9
:10BD60000580B8F1080F88D191F84180CCE783793C
:10BD7000002B3FF4E2AE2B6893F85420960743D48F
:10BD8000D0077FF5DCAE510700F1E6801D4B93F93B
:10BD900000207F2A00F005817F2002922A7B214625
:10BDA0001870FF202B6801920022009042336868CF
:10BDB00002F07AFE03206B68DA79002A7FF4C0AEC5
:10BDC0009B79002B7FF4BCAEB7E6D1077FF5B5AE0B
:10BDD000530700F1BE800B4B93F900207F2A00F03F
:10BDE000E0807F20029221462A7B1870FF24D5E94B
:10BDF0000030019206224233009402F055FE9EE686
:10BE0000400D002110000021674A92F900107F299F
:10BE100000F0C780029121462C7B42330194FF241D
:10BE200000947F241470002202F03EFE01230920BA
:10BE30002B74C0E7626891F85B0092F800C091F83B
:10BE4000418084452CD0B34640460496002B6FD1E8
:10BE5000002654E7567893F85C108E427FF4C8AE03
:10BE6000967893F85D108E427FF4C2AED67893F840
:10BE70005E108E427FF4BCAE167993F85F108E424E
:10BE80007FF4B6AE517993F8602091427FF4B0AE62
:10BE9000617C93F85A2091427FF4AAAE0A204FE6C3
:10BEA000404692F801E091F85CC0E6457FF406AFA9
:10BEB00092F802E091F85DC0E6457FF4FFAE92F89B
:10BEC00003E091F85EC0E6457FF4F8AE92F804E036
:10BED00091F85FC0E6457FF4F1AE92F805C091F8A5
:10BEE000602094457FF4EAAE94F811B091F85A209E
:10BEF000ABEB0202D2F1000B4BEB020BE0E6A168C8
:10BF0000404604930DF058F829680646049B91F8C2
:10BF100054C091F841000CF00402002E3CD040F0D7
:10BF20000208002A7FF4BDAEEEE600220492D4E6B9
:10BF30004231A368A27C21F0E2FC002888D0B9F14C
:10BF4000000F85D02B6893F85630012BA6D0002621
:10BF5000CFE618F095FF3EE718F092FF16E72B6842
:10BF600093F85520023A012A3FF6E9AD002F3FF43D
:10BF7000E6AD0D4E96F900207F2A12D0029221469E
:10BF80002A7B7F24686842330192FE2200920122BC
:10BF9000347002F089FDD2E58046002A7FF481AE3C
:10BFA000B2E6FFF79BF900BF1000002108B5054B72
:10BFB000586802F0B5FB17F0F1FE034B0246012072
:10BFC0001A7008BD400D0021100000212DE9F84332
:10BFD000724D002207468946AB68D5F800801846A6
:10BFE0001A8019F0BFF8002800F0B180AC68032F68
:10BFF0000646237800F0B78023F02F03296843EA30
:10C00000491343F005032370222363700B6D1B6AF1
:10C01000C4F80F300A6D936AE374180A1B0C20757C
:10C02000637592F87EC0108ED36ABCF1000F40F0A9
:10C03000A280DFF86CC1ACFB00E0ACFB03C3800A5C
:10C040009B0AE375C3F30723A07541F27070237652
:10C05000D369A3F57A7C844540F298805048A0FBD0
:10C060000303C3F38F23002063F307001B0A63F36A
:10C070000F20938C63F317401B0A63F31F60C4F80F
:10C080001900D38C63771B0AA377D2F89630C4F8D3
:10C090001F3092F89A3094F8242084F823300B6DE6
:10C0A00022F01F0293F8A13003F01F03134384F81A
:10C0B00024300CF045FA94F8243003F01F0343EACF
:10C0C000401384F82430AC68D8F878302046C4F89F
:10C0D0000930B8F87C30A4F80D3098F87E1021F0C3
:10C0E00052FF2B6893F8482003F1420993F84180EE
:10C0F000A2B393F85420520732D593F84D207AB367
:10C1000093F84E000CF092FF044638B34FF001084C
:10C1100023684146A868C0F80330A388A0F8073018
:10C1200021F024FF1F4BD3F8043173B9052F12D12E
:10C130002B68304621681A6DC2F80A10A188D18197
:10C140001B6D83F80980BDE8F88318F099FE00267E
:10C1500003200DF05DFA3046BDE8F8834C46D7E782
:10C160006B685879CEE723F00F0343F00303237085
:10C170000C236370A8E7DFF830C0ACFB00E0ACFB39
:10C18000033CC0F347104FEA5C135AE70748A0FB93
:10C1900003039B0903F550639BB264E7400D002144
:10C1A0005917B7D1008000411F85EB51D34D621064
:10C1B00038B5154C236893F854309B0718D1A568FF
:10C1C000E5B12368FF2093F8781118F00FFB28469B
:10C1D00018F08CFF236893F87831033B012B94BF50
:10C1E0002820002019F06AF8072263681A7138BD08
:10C1F0006368186802F03CFA0546E1E740F2135123
:10C200003220FCF75BFE00BF400D002138B51E4C0C
:10C210000E20236893F8781118F0E8FA236893F851
:10C2200054309B0724D1A56845B3284618F05EFF1B
:10C23000236893F87831033B012B94BF282000201A
:10C2400019F03CF82368681D93F878510CF0E2FD72
:10C25000607348B1033D012D8CBF5025552517F063
:10C2600019FE284619F04EF8636808221A7138BD85
:10C270006368186802F0FCF90546D5E74FF4A06141
:10C280003220FCF71BFE00BF400D002170B50D4DA4
:10C290000222D5E900031A7103F0A6FE00B170BDB9
:10C2A0002E68044606F16C0002F07AFA2868A6F8B7
:10C2B000794186F87B4186F87040BDE8704003F014
:10C2C000F5BF00BF400D002110B50A4C17F066FD08
:10C2D000094A637B10701BB918F0D2FD032010BD12
:10C2E00019F01CF817F0F2FD0023637318F0C8FD75
:10C2F000032010BD400D00211000002170B52D4C11
:10C300000546236893F87B215F2A2CD851092A4AD5
:10C31000565C93F8790100F03F0018F01DFC23688B
:10C3200093F9580018F008FCFDB12368324601204B
:10C33000996E18F049FD2368314693F89630022B28
:10C3400014BFFF20402018F051FA236893F85420BE
:10C35000920710D193F89530A568B3B12846BDE88F
:10C36000704018F0C3BE0026D3E732468221012078
:10C3700018F02AFDDFE76368186802F079F923688E
:10C38000054693F89530002BE8D1681D0CF042FD6E
:10C3900060730028E2D0042E14BF5024552417F0F7
:10C3A00079FD204618F0AEFF2846BDE8704018F031
:10C3B0009DBE00BF400D0021C8C10301F0B52E4C49
:10C3C00083B00646236893F87B215F2A30D8510951
:10C3D0002A4A575C9A6E7ABBD3F8880018F0F8FEA8
:10C3E000256895F854309A0703D595F89620022AC7
:10C3F00033D05B072DD46368186816BB02F074FC59
:10C4000063680646186802F075FC024605F19A005A
:10C410002568314695F8963095F87851009502F0E8
:10C42000B9FD2268002382F87871A37303B0F0BDD0
:10C430009A6E0027002ACFD00120FFF75FFF236804
:10C44000CAE702F063FC014605F19A0002F096FD8E
:10C45000E7E795F89630012BCDD1042F05D039466A
:10C46000002019F065F82568C5E795F85930012BCB
:10C470000CBF03210421F3E7400D0021C8C10301D3
:10C4800010B50B4C637B63B9A1680020FEF7CCFDAF
:10C4900023680022A3F8792183F87B2183F8702098
:10C4A00010BD18F03BFF17F011FD00236373EBE79D
:10C4B000400D002110B50E4C637B8BB92068012123
:10C4C0006268002311710246A0F879316C3082F85D
:10C4D0007B3102F0EDF82068BDE8104003F0E6BEC5
:10C4E00018F01CFF17F0F2FC00236373E6E700BFAF
:10C4F000400D002107292DE9F04F044687B00D4675
:10C500001646406852D1002808BF002A0CBF4FF0E1
:10C51000010A4FF0000A72D0002800F0D580627C3A
:10C52000012A00F0B180AB4F7B685879082848D0C9
:10C530000DF10F0104AA0CF027FC002800F05E8129
:10C5400004A99DF80F0022F007FF8246D7E90008F2
:10C5500090F8543013F0030240F088805B0788F8AD
:10C56000062043D4002388F807309B4B1B6833B167
:10C5700031462046984788F80800D7F80480636859
:10C5800043B1617C3A6882F87E10196891679B8894
:10C59000A2F87C3098F80830002B00F03481A068B5
:10C5A00008B1072D4FD007B0BDE8F08F002800F08C
:10C5B0008880627C874F012A79684FD048790828A3
:10C5C000B6D16168607C22F0C7FE7A6882466168F5
:10C5D0000532607C0CF00EFBD7F80480034600287F
:10C5E000B4D1A8F8060088F80800D8E7062D90F81E
:10C5F0004D9000F2B28049EA0A00C3B2B3E7754F2A
:10C60000D7E9001091F8543013F0030218BF01224B
:10C6100013F00403827105D02378A3F10103B3FA68
:10C6200083F35B09C37191F89430002BBBD03B6856
:10C63000D3F89000503023F097F80028B3D17B68EE
:10C6400001221A72AFE798F805100829ABD0002B29
:10C65000A9D00CF0CFFB0123FB73A4E7437903F0CF
:10C66000C003402BAAD17B7BFBB9A7E7062D90F82E
:10C670004C904FD849EA0A095A0788F806907FF586
:10C6800071AF90F84D90B6E7427902F0C002402AAF
:10C690007FF449AF4F4F7A7B002A3FF445AF26B96C
:10C6A0003A6892F87811012960D0D7F8048021F017
:10C6B0006AF97B6888F80500587901233873BB73E1
:10C6C00034E78246434F41E7424FD7E9000890F8EC
:10C6D00054309A0745D1D14613F0040388F80690E8
:10C6E0003FF441AF90F84D90311E98F807B018BF55
:10C6F0000121BBF1010F02D000297FF433AF636841
:10C70000002B7FF478AF002E3DD16378D9063AD55F
:10C71000012328E7082D03D9002388F8063021E7F4
:10C7200098F806B0311E18BF0121BBF1010F0DD0E2
:10C7300061B14FF0000913F0040388F806903FF44C
:10C7400012AF90F84D9098F807B0D2E762689AB1AE
:10C7500049EA0A095FFA89F9BEE7082D3FF602AFF8
:10C76000C2E790F84C9098F806B0DBE70CF024FB99
:10C770007873002899D1D7E6A6B96278D20611D588
:10C780004FF00109D7E7D8F8000002F0ADFA10B178
:10C79000BBF1000F02D1B9F1000F14D0D7F804801B
:10C7A0000123E0E6D8F80000019102F09DFA1BEAAF
:10C7B000000001991CD1B9F1000F0FD0D7E9000892
:10C7C00090F85430B7E70CF00FFAD7F8048003461E
:10C7D000C9E600BF400D00217400002101910CF05A
:10C7E00003FA81460199D7E9000890F85430A2E78E
:10C7F0008146D7E9000890F854309CE740F6AB3109
:10C800003220FCF75BFBB8F80630003B18BF012371
:10C81000C5E600BF10B5104C17F0C0FA0F4A637B95
:10C8200010708BB9206801216268002311710246E3
:10C83000A0F879316C3082F87B3101F039FF206843
:10C84000BDE8104003F032BD18F068FD17F03EFB64
:10C8500000236373E6E700BF400D002110000021B4
:10C8600010B50F4C606801F09BFF637B8BB92068AB
:10C8700001216268002311710246A0F879316C3001
:10C8800082F87B3101F014FF2068BDE8104003F00E
:10C890000DBD18F043FD17F019FB00236373E6E7A5
:10C8A000400D002110B5114C606801F079FF17F0C0
:10C8B00075FA0F4A637B10708BB92068012162689A
:10C8C000002311710246A0F879316C3082F87B3177
:10C8D00001F0EEFE2068BDE8104003F0E7BC18F060
:10C8E0001DFD17F0F3FA00236373E6E7400D002106
:10C8F0001000002110B5134C17F050FA124A002115
:10C900002368107003F1A00020F073FD637B8BB9E6
:10C91000206801216268002311710246A0F8793174
:10C920006C3082F87B3101F0C3FE2068BDE8104016
:10C9300003F0BCBC18F0F2FC17F0C8FA00236373D4
:10C94000E6E700BF400D00211000002110B5144C97
:10C95000606801F0E5FE17F021FA02462068002128
:10C96000104BA0301A7020F044FD637B8BB9206817
:10C9700001216268002311710246A0F879316C3000
:10C9800082F87B3101F094FE2068BDE8104003F08E
:10C990008DBC18F0C3FC17F099FA00236373E6E727
:10C9A000400D00211000002110B500210320164C7D
:10C9B000FFF70CFB20B10321206802F0FDFD98B9C0
:10C9C000637BCBB9206801216268002311710246A4
:10C9D000A0F879316C3082F87B3101F069FE206873
:10C9E000BDE8104003F062BC0121084618F0A0FD2C
:10C9F000092263681A7110BD18F090FC17F066FAEE
:10CA000000236373DEE700BF400D002110B51C4C0E
:10CA10000C220121D4E900031A7103F071FC0021FA
:10CA20000520FFF7D3FA20B10621206802F0C4FDEB
:10CA300098B9637BEBB9206801216268002311710A
:10CA40000246A0F879316C3082F87B3101F030FE7B
:10CA50002068BDE8104003F029BC2368012093F84A
:10CA6000781118F065FD236801221B6D83F895206D
:10CA700010BD18F053FC17F029FA00236373DAE7AE
:10CA8000400D002170B5244C236893F87B215F2A68
:10CA900029D85109214A565C9A6E42BBD3F88800C6
:10CAA00018F096FB256895F854309A0703D595F849
:10CAB0009620022A20D05B0703D595F89630012BEB
:10CAC0001AD06368186802F021F9014605F19A004E
:10CAD00002F054FA0022D4E90013A273062281F86E
:10CAE00078611A7170BD9A6E0026002AD6D0012096
:10CAF000FFF704FC2368D1E7042E05D0314600205F
:10CB000018F016FD2568DCE795F85930012B0CBFAD
:10CB100003210421F3E700BF400D0021C8C1030138
:10CB200038B5234C6368186801F0A0FD00283AD09E
:10CB300063680A22054600211A71206803F0E0FBB1
:10CB400022682B780520126D92F8955005EA53154E
:10CB500005F001052946FFF739FA48B1042120689C
:10CB600002F02AFD20B123681B6D83F8955038BD73
:10CB7000637B8BB920680121626800231171024632
:10CB8000A0F879316C3082F87B3101F091FD20689A
:10CB9000BDE8384003F08ABB18F0C0FB17F096F9E7
:10CBA00000236373E6E74FF4AB613220FCF786F9AC
:10CBB000400D002138B5174C0521206802F0FCFC1F
:10CBC00048B12368012093F8781118F0B1FC0B22CA
:10CBD00063681A7138BD0546606801F0E1FD637B4A
:10CBE0008BB9206801216268002311710246A0F808
:10CBF00079316C3082F87B3101F05AFD2068BDE854
:10CC0000384003F053BB18F089FB17F05FF96573E8
:10CC1000E7E700BF400D0021F0B52B4C83B023683F
:10CC200093F87B215F2A37D85109284A575C9A6EBE
:10CC3000002A35D1D3F8880018F0CAFA256895F88B
:10CC400054309A0703D595F89620022A2DD05B0719
:10CC500003D595F89630012B27D06368186802F049
:10CC600043F863680646186802F044F8024605F186
:10CC70009A002568314695F8963095F878510095D8
:10CC800002F088F90022D4E90013A273052281F88A
:10CC900078711A7103B0F0BD9A6E0027002AC9D0CE
:10CCA0000120FFF72BFB2368C4E7042F05D039468A
:10CCB000002018F03DFC2568CFE795F85930012B8E
:10CCC0000CBF03210421F3E7400D0021C8C103017B
:10CCD00010B501291D4C636810D178B91A79082A5A
:10CCE0002AD91A790C2A2CD819796269184B5268FA
:10CCF0000B44BDE8104052F823301847184601F0A5
:10CD00004FFD637B8BB9206801216268002311719C
:10CD10000246A0F879316C3082F87B3101F0C8FC12
:10CD20002068BDE8104003F0C1BA18F0F7FA17F018
:10CD3000CDF800236373E6E741F281413220FCF72E
:10CD4000BDF841F282413220FCF7B8F8400D0021D5
:10CD5000F7FFFF3FF0B55A4C83B020686C3001F00C
:10CD6000A7FC656801F054FC636828601868002817
:10CD700000F09C8001F07AFC0546002800F09B80C2
:10CD8000236893F8A630002B48D1D4E9000290F82C
:10CD9000A430034493F87C7180F87871137913B14F
:10CDA0001379012B4BD190F8A520464B13441879E9
:10CDB00017F0D2FE236893F8A420134493F87C6103
:10CDC000022E3AD04DD8012E4ED101F01BFC314637
:10CDD00017F00CFD284618F089F93146012017F0AC
:10CDE000D1FE012F31D1E81C0CF014F8607328B18A
:10CDF000402517F04FF8284618F084FA6268082199
:10CE000000232068517121730321D3801372E381C1
:10CE100080F895302374117103B0F0BD236893F846
:10CE2000542093F8A700196D0243C3F8101183F83A
:10CE30005420002283F8A620A7E70D20C7E7002191
:10CE400002F0BAFBA8B12068ADE7681D0BF0E2FF65
:10CE500060730028D2D0033F012F8CBF5025552589
:10CE6000C7E7F31E012BB0D940F2FC713220FCF76A
:10CE700025F8637B93B92068012162680023117152
:10CE80000246A0F879316C3082F87B3101F010FC59
:10CE9000206803B0BDE8F04003F008BA019018F034
:10CEA0003DFA17F013F801986073E4E740F2494146
:10CEB0003220FCF703F840F24B413220FBF7FEFF33
:10CEC000400D0021C8C1030108B516F067FF044BEF
:10CED000187017F0D5FFBDE80840FFF73BBF00BF53
:10CEE0001000002110B50C4C16F058FF0B4A637B64
:10CEF00010702BB917F0C4FFBDE81040FFF72ABF30
:10CF000018F00CFA16F0E2FF0023637317F0B8FF75
:10CF1000BDE81040FFF71EBF400D002110000021AA
:10CF200010B50446FEF758FA237A032B4AD0012B9A
:10CF300051D039D82F4C304A216891F8A53091F85A
:10CF40004B000133A2FB03CE0EF4FF7C0CEB5E0C16
:10CF5000A3EB0C0340FA03FC1CF0010F13D10133C7
:10CF6000A2FB03CE2EF0010C0CEB5E0CA3EB0C032A
:10CF70001841C00707D40133A2FB030222F00100CD
:10CF800000EB52029B1ADBB281F8A53091F95800F0
:10CF900017F0D2FD2368002283F89520FFF7DAFE10
:10CFA000BDE81040FEF7CEBA023B012B09D8114C68
:10CFB000236893F8950088B9FFF700FA05226368A3
:10CFC0001A7110BD0B4B1B68986E70B9FFF796F97C
:10CFD000237A012BADD1074C2168D7E70120FFF759
:10CFE000EDF9062263681A7110BD40F64111322036
:10CFF000FBF764FF400D0021ABAAAAAA2DE9F04778
:10D00000AE4F86B0D7F8008098F85730A3B17E684D
:10D010000446B379A3B12578012D1AD0022D5CD036
:10D0200055B998F85420910706D0002B40F089801C
:10D03000337A002B40F08580032006B0BDE8F087EE
:10D04000F279002AE7D1327A002AF5D02578012D2D
:10D05000E4D198F878216378022A00F0EA8003F09E
:10D060001803182BE8D198F854305A0700F1E780DC
:10D07000934B93F900507F2D00F053817F221A705B
:10D0800017F0F0FA00210090029508F14203039195
:10D09000FF22397B30460191214601F0CDFB00286B
:10D0A000CAD0A1690120FEF7B9FA0028C4D0012333
:10D0B0003A6882F896306369002B3ED05978C1F304
:10D0C000031182F8971059781B7801F00F0143EA99
:10D0D0000123A2F898300220AFE798F854309B075C
:10D0E000AAD0637803F01803182BA5D1744B93F9D9
:10D0F0000090B9F17F0F00F014817F221A7017F0B1
:10D10000B1FA00220090CDF8089008F14203039292
:10D1100030463A7B21460192FF2201F08DFB002828
:10D120008AD0A1690120FEF779FA002884D03A68F4
:10D1300082F896506369002BC0D1FF2382F89730A4
:10D14000C9E7637813F0100FC3F300160CBF012278
:10D1500008229A437FF470AF0023A2688DF815303F
:10D160008DF81630002A00F0A4800DF117030DF1A0
:10D1700016010DF115022046FEF75AFC39689DF89C
:10D18000153091F84190002B40F0C1804231A368E6
:10D19000A27C484620F0B3FB68B93B6893F8553051
:10D1A000023B012B3FF648AF9DF81630002B3FF4B1
:10D1B00043AF4FF0FE09424B93F90080002E00F080
:10D1C0008180B8F17F0F00F0AC807F221A70D7E920
:10D1D000003603F1420517F045FACDF808804A46BB
:10D1E0002B460025009030460395397B019121465E
:10D1F00001F022FB00283FF41FAFA1690120FEF7D8
:10D200000DFA00283FF418AF3B6883F89650626926
:10D21000002A00F082805178C1F3031183F897103F
:10D220005178127801F00F0142EA0122A3F8982008
:10D2300051E703F01903192B7FF4FEAE13E763687F
:10D240006BB9A368002B7FF4F7AEA3699B781F2B03
:10D2500024D898F84930002B7FF40AAFECE608F1A7
:10D260005B0398F85A2008F1780198F87E0020F0C6
:10D2700046FB7E68D7F80080737998F85620082B13
:10D2800003D098F84E10994244D0012AD9D0002AF0
:10D290007FF4D2AE00283FF4CFAED2E703F0E00334
:10D2A000402B7FF4E5AE98F84A30002B7FF4E0AED7
:10D2B000C2E64FF0FF098DF817207CE7400D0021F2
:10D2C00010000021B8F17F0F2BD07E687F221A70EA
:10D2D0003379032B04D03379062B14BF01250325A2
:10D2E0003B6803F1420A17F0BDF92146009053460E
:10D2F0004A463046CDE902853C7B019401F09CFA18
:10D3000000283FF499AE786801F00AFA94E649F0F3
:10D31000020950E7012A94D98EE6FF2283F897206C
:10D32000D9E6FDF7DBFF00BF30B505468BB016F040
:10D3300035FD3E4B2C7802466946284604F00F0422
:10D340001A703B4D01F094FD072C2B683DD093F8EB
:10D35000542012F0060210D121466846FFF7CAF8A1
:10D360002B6893F87831042B1BD8022B54D9032453
:10D370006B7BDBB920460BB030BD93F8A42013447F
:10D3800093F87C21012A4CD0002221466846FFF701
:10D39000B1F82B6893F87831012B10D0023B022BA7
:10D3A000E5D941F23A213220FBF788FD17F0B6FFAC
:10D3B00016F08CFD002320466B730BB030BD062C9D
:10D3C0001BD018D917F05CFDD1E793F878116846A7
:10D3D00001F086FD002221466846FFF78BF82B6896
:10D3E00093F87831042BDCD8022B0CD96846FFF770
:10D3F00005FE0446BCE7022CE4D821466846FEF749
:10D400008BFB0446B4E7012BF0D0022BC9D19DF869
:10D410000030012BABD1E9E7012BD0D0022BA6D0F5
:10D42000BFE79621002017F0E5FCADE710000021D2
:10D43000400D00212DE9F04F93B0AD4C0D4608A9E9
:10D4400001F016FD206808A99A3001F0CBFD236891
:10D450009DF8201093F89620914205D1032D17D006
:10D460009DF82120120766D4606801F099F9012522
:10D47000637B1BB9284613B0BDE8F08F17F04EFF51
:10D4800016F024FD00232846637313B0BDE8F08F27
:10D4900093F89720FF2AE3D108A82A460721FFF72F
:10D4A00029F86068C38813B9037A002BDDD0002304
:10D4B0000A9F8DF81D308DF81E308DF81F30002F1B
:10D4C0004AD00DF11F030DF11D020DF11E0108A838
:10D4D000FEF7AEFA23689DF81D8093F841509DF841
:10D4E000206045EA48059DF81E90012E9DF81F70AA
:10D4F000EDB238D0022E00F0AA80002EB4D1206800
:10D5000090F854309E07B2D09DF82130990700F171
:10D51000D180FF2563681B7A33B1764B1B681BB142
:10D520000F9808B111999847294608A8FEF7B8F84E
:10D53000451CEDB29CE70D9993F897004A78B0EB43
:10D54000121F91D1097802F00F02B3F8983041EA26
:10D5500002229A4288D19FE79DF82060B946B846DA
:10D56000FF25012EC6D19DF82130206803F0090265
:10D5700090F89A10092A05D000293FF478AF1B07CC
:10D580007FF575AF90F85430D4F804A05A0713D53E
:10D590009AF8073083B1002900F00D810A9B1BB176
:10D5A000B8F1000F00F05B81A0301FF044FF0028AD
:10D5B00040F0B681D4F804A09AF80630002B3FF46E
:10D5C00056AF276897F854309B073FF450AF9DF84B
:10D5D000213013F0020300F0CA80B8F1000F0AD125
:10D5E0000A9B07F142019DF8322097F8410020F094
:10D5F00086F900284ED0404B93F90090B9F17F0F87
:10D6000000F09481D4F804807F221A7098F80430D6
:10D61000032B00F0F28098F80430062B08BF032695
:10D62000236803F1420717F01DF82A4600903B4695
:10D6300008A94046CDE90296257B019501F0FCF84A
:10D6400000283FF414AF606801F06AF80FE726681D
:10D6500096F854309A073FF40AAFD4F804A09AF829
:10D660000620002A3FF403AF9DF8212002F00901B3
:10D6700009297FF4FCAE13F0020B02F002013DD049
:10D68000002900F0BC80B8F1000F40F02181002F8C
:10D6900040F01281236893F85530023B012B3FF68E
:10D6A000E6AEB9F1000F3FF4E2AEFE2108A8FDF7A7
:10D6B00079FFDCE6B8F1000F7FF42CAF00F14201F6
:10D6C0000A9B9DF8322090F8410020F018F90028BC
:10D6D0007FF420AF236893F85530023B012B3FF6CF
:10D6E000C6AEB9F1000F3FF4C2AEFE2512E700BF8F
:10D6F000400D00217000002110000021002900F0E1
:10D70000BE80B8F1000F0AD10A9B06F142019DF8D4
:10D71000322096F8410020F0F2F80028BAD0844B6D
:10D7200093F90080B8F17F0F00F0008167687F22D5
:10D730001A703B79032B06D03B79062B14BF4FF0B0
:10D74000010B4FF0030B236803F1420616F08AFF2A
:10D750002A460090334608A93846CDE9028B257B3E
:10D76000019501F069F800283FF481AE6BE7704A3B
:10D7700092F900507F2D00F0D9807F2111709AF826
:10D780000420032A00F096809AF80430062B08BF84
:10D79000032616F067FF07F142030090CDE9025619
:10D7A000257BFF2208A95046019501F045F8002885
:10D7B0003FF45DAE47E700F15B0390F85A2000F1BB
:10D7C000780190F87E0020F09AF80346D4E9000A28
:10D7D0009AF8051090F85620082904D090F84EC009
:10D7E0008C4500F09F80012A3FF4D8AE002A7FF4D8
:10D7F000E3AE002B3FF4E0AED0E6002610E74C4B42
:10D8000093F90080B8F17F0F00F090807F22032011
:10D810001A70FEF7DBFB23680646D4F8049003F188
:10D82000420716F01FFF2A46012500903B46CDF81F
:10D83000088008A903954846257B019500F0FCFF68
:10D84000002E3FF411AE00283FF40EAE2068A03049
:10D850001FF0F1FD00283FF4F6AE0B2508E6002F7F
:10D860003FF4AAAE00F142019DF8322090F8410049
:10D8700020F045F800283FF49DAE206894E62C4B3C
:10D8800093F900507F2D51D07F221A709AF80430FE
:10D89000032B05D09AF80430062B14BF0121032175
:10D8A000059116F0DFFE059906F142030090CDE9DF
:10D8B000025175E71E466CE70A9B06F142019DF88E
:10D8C000322096F8410020F01AF800283FF4E2AE2A
:10D8D000174B93F90080B8F17F0F27D07F220021EA
:10D8E00003201A70FEF772FB23680646D4F80490F2
:10D8F00003F1420716F0B6FE2A46012500903B468A
:10D90000CDF8088008A903954846257B019500F0CD
:10D9100093FF002E3FF44BAF00283FF4A8AD95E7EE
:10D920000C25A5E5012A7FF639AE45E6FDF7D6FCC4
:10D930001000002110B5044616F030FA094A237889
:10D94000107003F00F03072B05D120460121BDE81D
:10D950001040FFF76FBD044B586800F021FF012015
:10D9600010BD00BF10000021400D002110B504467D
:10D9700016F014FA094A2378107003F00F03072BEE
:10D9800005D120460321BDE81040FFF753BD044BED
:10D99000586800F005FF012010BD00BF10000021F5
:10D9A000400D002190F83E00003818BF012070475C
:10D9B000007A003818BF0120704700BF036D10B512
:10D9C00083B10222FF21044642721A884FF6FF7388
:10D9D00080F8271003850649428120F021FF0023AB
:10D9E000236510BD4FF456713220FBF767FA00BF74
:10D9F0009DAE000138B5012105460020FBF78EFFE2
:10DA000020B3044601F000FD02E094F870301BB131
:10DA100094F87030012BF8D13F22002120461BF0F2
:10DA200087FF002340F20111072284F8543084F864
:10DA3000A530A4F84C1084F8585084F84B20636645
:10DA400084F89430C4F8903084F8A6300121084658
:10DA5000FBF764FF044618B301F0D6FC02E094F82B
:10DA600070301BB194F87030012BF8D13F220021A7
:10DA700020461BF05DFF002340F20111072284F8CD
:10DA8000543084F8A530A4F84C1084F8585084F829
:10DA90004B20636684F89430C4F8903084F8A63044
:10DAA000BDE8384000F0A4BDF8B506461D4F0AF0A9
:10DAB000CBFC034601210020BB60FBF7F3FE30B333
:10DAC0004FF4C072002104461BF032FF01210846CA
:10DAD000FBF7E8FE7F69054680B14FF4C072002174
:10DAE0001BF026FFC7B13046FFF784FF204601F048
:10DAF0006DFC2846BDE8F84001F068BC67B13046CF
:10DB0000FFF778FF2046BDE8F84001F05FBC40F623
:10DB100085013220FBF7D2F940F68F013220FBF766
:10DB2000CDF900BF400D0021014B024A5A617047F8
:10DB3000400D00211801002103490448044B054A07
:10DB400008601A60704700BF7000002119B9000119
:10DB50007400002189B10001036810B54BB1074A78
:10DB600003F16C045169C2E900340B68BDE8104050
:10DB700018474FF417613220FBF7A0F9400D002140
:10DB800010B50F4C606800F00BFE637B8BB920680A
:10DB900001216268002311710246A0F879316C30CE
:10DBA00082F87B3100F084FD2068BDE8104002F06F
:10DBB0007DBB17F0B3FB16F089F900236373E6E72A
:10DBC000400D002180F84B10704700BF11F0010399
:10DBD0001FD04FF0010C0222634680F87CC111F087
:10DBE000020F0ED000EB030C490700B54FF0020EF8
:10DBF0008CF87CE103D51044042380F87C315DF877
:10DC000004FB4A0704D51844042380F87C3170478C
:10DC100070470122E3E700BF80F85710704700BF4C
:10DC200038B590F840C0ACF1020EBEF1010F98BFBC
:10DC300000290CBF0124002408D00CF0FD0000389E
:10DC4000BDE8384018BF01200AF054BE02F0FD02C2
:10DC500005461946101E18BF01201FF08AFE08282D
:10DC600001D0204638BD95F840C0E6E790F8400066
:10DC700000F0FD00003818BF01200AF03BBE00BFD5
:10DC800090F8A6303BBB10B5044603F0FF0094F8B3
:10DC90005430022B07D0012B08BF04290CBF0120F0
:10DCA000002002D010BD0429FCD1D4F81031A3B952
:10DCB000236DBBB10DF04AF8216D04F1E80001F0CD
:10DCC000D7FC0DF049F8042384F8A730FF2384F82B
:10DCD000A630012010BD0020704740F6F11132201F
:10DCE000FBF7ECF840F6F2113220FBF7E7F800BF43
:10DCF00080F84010704700BF38B5044690F84000E7
:10DD000000F0FD0004F14201003818BF012084F842
:10DD100041000AF0D5FD94F84030023BDBB2012B04
:10DD200094BF0123002384F8483000D938BD0BF09C
:10DD300025F8054619F096FA094BE5FB030194F81E
:10DD40004830C4E92001002BF0D000200BF000F98E
:10DD50000028EBD140F61A213220FBF7AFF800BFC4
:10DD600040420F00B1F1000C4FF0080110B504461D
:10DD70000CBF0120002084F856C084F84D0084F8C0
:10DD80004E1009D102F0FD021946101E18BF0120E5
:10DD90001FF0EFFD84F84E0010BD00BF08B5A2B122
:10DDA00080F85A10D2F800C0036DC0F85BC090F83C
:10DDB00041109288A0F85F205972D0F84220C3F831
:10DDC0000A20B0F84620DA8108BD40F6382132201A
:10DDD000FBF774F880F84910704700BF80F84A10CC
:10DDE000704700BFF0B5D0F8C8409DF814E09442E9
:10DDF00003D190F840208A4201D00020F0BD1EF0EF
:10DE0000020190F8455123D00024A4462146224621
:10DE100011E0314300EB820253F82C600CF1010752
:10DE20000134D2F8CC205FFA87FC7632B242E4D1DA
:10DE3000E2B2AA4226D8861896F87C61F71E012F16
:10DE4000E7D80CF1010C41F004015FFA8CFCE1E72A
:10DE50000E460A468418013694F87C41E71E012FCD
:10DE600053F8227088BF214300EB820498BF41F031
:10DE70000401F2B2D4F8CC4004F1760C6745BCD171
:10DE8000AA42E7D90EF00500401AB0FA80F0400926
:10DE9000F0BD00BF90F854305A070ED413F00303BE
:10DEA00001D11846704790F8550000F0FD00A0F130
:10DEB0000100B0FA80F04009704790F85600A0F1D8
:10DEC0000100B0FA80F04009704700BF012938B561
:10DED000044610D094F8543004F16C059B071AD115
:10DEE000284600F0E5FB0023A4F8793184F87B3163
:10DEF00084F8703038BD0A4D6B7B002BEAD017F0E8
:10DF00000DFA15F0E3FF00236B7304F16C0594F830
:10DF100054309B07E4D0284600F042FCE0E700BF05
:10DF2000400D0021A0301FF08FBA00BF01493630EC
:10DF300020F079BC79AE000110B501210446002023
:10DF4000FBF7ECFC80B36278034680F8542021781C
:10DF500011F0010223D1012011F0020F05D003EBD3
:10DF6000020C024602208CF87C01490703D51A44B2
:10DF7000042182F87C11A27883F84020E17801F036
:10DF8000FD0283F85510B2FA82F2520983F84C2050
:10DF9000227983F84B20627983F8572010BD012243
:10DFA000022083F87C21D7E740F6D1213220FAF70E
:10DFB00085FF00BF10B504466C3000F0F1FB002374
:10DFC000A4F8793184F87B3184F8703010BD00BF3B
:10DFD00010B5012104460020FBF7A0FC68B1034600
:10DFE00090F8942002F0FF002AB9C3F89040FF2275
:10DFF00083F8942010BD0C2010BD40F6153132205E
:10E00000FAF75CFF08B501210020FBF787FC18B187
:10E01000002380F8943008BD40F626313220FAF70C
:10E020004DFF00BF38B501210020FBF777FCF0B1B0
:10E03000044690F89430BBB1002380F89430D0F8B7
:10E0400090000121503021F048FCD4F8903093F832
:10E05000443003F0FF053BB9D4F8900013F0CAFD3B
:10E060002846C4F8905038BD0C25284638BD40F6E7
:10E070002D313220FAF722FF08B501210020FBF7ED
:10E080004DFC28B190F89400003818BF012008BD5D
:10E090004FF435613220FAF711FF00BF2DE9F04748
:10E0A00005468CB00E4600200121FBF737FC002806
:10E0B00000F075820446A83001F0C2F9002846D06D
:10E0C00094F85430042B42D0AF6A002F00F05281F4
:10E0D000BD4B9F4263D0043B9F4260D00AF0C2F91F
:10E0E00007F13B09804602A9484600F0C1FEEB7AE1
:10E0F000B8F1000F00F0BC80DC0606F10D0100F164
:10E10000F481002F00F050829DF80830022B00F0BF
:10E110004B8295F83230E522484620F0BCF895F85D
:10E12000323004464846234485F8323020F0ABF8BC
:10E1300095F83290A9EB0009B9FA89F94FEA591913
:10E14000B8F1000F31D104F11803DBB29FE0204693
:10E15000FFF728FC0028B7D19C4C04F1080604F115
:10E160000C070023AA6A002A00F03481A96A0A6811
:10E17000B142AA620B704B708B70CB70F2D0B94277
:10E18000F0D020681CF073FC231DD3E84F3F01330F
:10E19000211DDBB2C1E8423F002AF5D1E1E70AF0D8
:10E1A00061F9814600286ED00024EA7AD10640F158
:10E1B000FB815207AB7A697B03D5EA7EFE2A00F029
:10E1C000748104F10A02F370717102FB03F30322FC
:10E1D000023332707370D5F80E30C6F806306B8A91
:10E1E0003473344473812B7E6373EB7A13F008002D
:10E1F00000F00481754C042304F10808337147458D
:10E2000079D13379022262F34613AA6A33716AB173
:10E21000EFF3108272B6AB6A1968A962002A00F0A7
:10E22000C58000221A705A709A70DA70A5F1080140
:10E2300020681CF01CFC231DD3E84F3F0133211D37
:10E24000DBB2C1E8423F002AF5D102274FF00408B3
:10E250008DF804808DF805709DF8042000209DF84D
:10E26000053062F3070063F30F200CB0BDE8F087C0
:10E27000D80606F11C0100F1418127B19DF8083054
:10E28000022B7FF446AF182300244FF0010904222B
:10E290003270AA7A02FB03F3F27002337370D5F87E
:10E2A0000B20D5F80F30D5F81300D5F81710726091
:10E2B000B360F0603161D5F81B20D5F81F30726172
:10E2C000B36195F8148095F815A00AF009F908F1E2
:10E2D000FF338A05DBB253D5032B00F269813C4A38
:10E2E000D35C7373BAF1000F62D1F476374C04F14A
:10E2F0000808474585D004F10C0A574500F087808F
:10E30000002F00F0AC80B9F1000F2AD0AB6A63B1E6
:10E31000EFF3108272B6AB6A1968A96202B962B6ED
:10E3200000221A705A709A70DA70394620681CF010
:10E330009EFB231DD3E84F3F0133211DDBB2C1E813
:10E34000423F002AF5D1AB6A85F83220434500F000
:10E35000DF80534500F000819DF80830022B00F06B
:10E36000BD803379012262F34613337101274FF0E8
:10E3700004086DE70AF076F805F133098046B2E645
:10E38000032B00F21E81124A13441B797373BAF1F6
:10E39000000FAAD00AF1FF3A5FFA8AFABAF1030F26
:10E3A00000F20F8152441379B3739EE762B638E7E7
:10E3B0000AF1FF3A5FFA8AFABAF1030F00F2F88025
:10E3C00012F80A30B37390E7640D0021580D002154
:10E3D000D0C10301A5F1080120681CF048FB231DF2
:10E3E000D3E84F3F0133211DDBB2C1E8423F002A91
:10E3F000F5D14FF40073ADF804302DE703F00301BD
:10E40000032949D0580749D5012333716EE7AB6A18
:10E4100063B1EFF3108272B6AB6A1968A96202B9F0
:10E4200062B600221A705A709A70DA706B7D83BBE4
:10E4300032794FF0040863F346123271A5F10801F6
:10E4400020681CF014FB231DD3E84F3F0133211D2E
:10E45000DBB2C1E8423F002AF5D10227F8E695F881
:10E460000B8018F010083FF4F3AE3379A5F10801E2
:10E47000206867F3461333711CF0F9FA231DD3E8C3
:10E480004F3F0133211DDBB2C1E8423F002AF5D1E5
:10E49000DBE64FF00008D1E7307127E7022922D0F0
:10E4A000002940F08A80327120E7F3701B017171FE
:10E4B000023373701123337001233371D5F80E309A
:10E4C000C6F806306B8A32737381EB69C6F80D307B
:10E4D0002B8CA6F811302B7EF37407E7337923F0E9
:10E4E0006803337142E7317100E79DF81840084630
:10E4F0000599C14622461BF085FA56E69DF818405C
:10E50000084605994FF0010922461BF07BFA1AE6EE
:10E510003379022262F34613AA6A337162B1EFF3D0
:10E52000108272B6AB6A1968A96202B962B600229B
:10E530001A705A709A70DA70A5F1080120681CF000
:10E5400096FA231DD3E84F3F0133211DDBB2C1E80A
:10E55000423F002AF5D178E6337962F34613AA6A7E
:10E56000337162B1EFF3108272B6AB6A1968A962B7
:10E5700002B962B600221A705A709A70DA70A5F168
:10E58000080120681CF073FA231DD3E84F3F0133C4
:10E59000211DDBB2C1E8423F002AF5D155E64FF418
:10E5A000F0713320FAF78AFC5B213320FAF786FCFE
:10E5B0004FF4E9713320FAF781FCA2213320FAF7F6
:10E5C0007DFC40F287310620FAF778FC343270B5D2
:10E5D000044692B21E460D461CF011FA24B1034BBC
:10E5E0001C601D745E741D7170BD00BF580D00214C
:10E5F00010B5034C20681CF024FA237C237110BD55
:10E60000580D0021014B587C704700BF580D002168
:10E6100038B5154C20681CF01AFA00B30546231DC6
:10E62000D3E84F3F013B221DDBB2C2E8413F002946
:10E63000F5D105F108033422012418461BF078F9BE
:10E64000EA7C0346FF2147F6FF7064F346126975C2
:10E65000E883184685F82310EA74ED6238BD40F26D
:10E6600055113320FAF72AFC580D0021333070473A
:10E6700038B50446406A08B13B3038BD0B4D2868B8
:10E680001CF0E5F9606260B12B1DD3E84F3F013B00
:10E69000291DDBB2C1E8423F002AF5D1606A3B3058
:10E6A00038BD4FF4B7713320FAF708FC580D00213C
:10E6B00038B503684BB39A6A52BB596A054629B309
:10E6C00001F10800154C8342206808BF2A601CF045
:10E6D000CEF9231DD3E84F3F0133211DDBB2C1E842
:10E6E000423F002AF5D12B687BB1A3F108012068D5
:10E6F0001CF0BDF9231DD3E84F3F0133211DDBB2D0
:10E70000C1E8423F002AF5D12A6038BD034CECE74E
:10E7100040F28B113320FAF7D1FB00BF580D0021D6
:10E7200070B505680646F5B11B49284620F084F807
:10E730001A4C0023E360EFF3108272B6AB6A23B386
:10E74000E96A04F10C030B60EB6202B962B633684C
:10E75000596A29B101F10805AB421AD100236B6255
:10E760000023336070BD696A0029F9D00B4C206822
:10E770001CF07DF9231DD3E84F3F0133211DDBB28F
:10E78000C1E8423F002AF5D1E8E704F10C03AB628F
:10E79000DAE71D46EBE700BF9DE00001580D0021C0
:10E7A00070B50668002E3CD0716A0546002939D044
:10E7B00001F108031E4C9E420DD020681CF057F951
:10E7C000231DD3E84F3F0133211DDBB2C1E8423F97
:10E7D000002AF5D12B68002272625A7D8AB100228C
:10E7E000A260EFF3108172B69A6AF2B1D86A114A48
:10E7F0000260DA6201B962B62846BDE87040FFF7F0
:10E800008FBFA3F1080120681CF031F9231DD3E864
:10E810004F3F0133211DDBB2C1E8423F002AF5D151
:10E820002A6070BD3346024CD7E7024A9A62E0E79D
:10E83000580D0021600D00212DE9F04704680D46B8
:10E8400098469DF820109DF824309DF928C09DF829
:10E850002C90002C00F00A81DFF840A217460646F3
:10E860009AF80420002A7FD0626A002A00F008810A
:10E8700082F81190EA684AB195F810E0228E72444D
:10E8800040F2726E724500F3BA802286012284F84B
:10E8900018C0A272B9F1000F72D061756A691AB11D
:10E8A0005278C2F30312A275EA6912B15288A4F831
:10E8B00019202A78E17AA2F10100B0FA80F040092B
:10E8C00060F30001C8B2E17211F0020140F08E80E5
:10E8D000022A00F0BE80E07A61F34100C0F34001FB
:10E8E000E072002A14BF002101F00101E27A61F315
:10E8F000C302E272AA68002A00F08B80E17A41F03C
:10E900000401E172296A00293CD091F90010E175F7
:10E910006968002939D0082B04F10E0200F08F80BD
:10E92000184604F10D010AF02FFA002800F0B1801A
:10E93000637B43F002036373AA6832BBAA69B9F12F
:10E94000000F30D13AB19378527803F01F0352EAA6
:10E95000032200F08780636A002B00F0958000237B
:10E9600001206362BDE8F087B9F1020F5BD03FD8A8
:10E97000FFF79EFE3368002B7DD10020BDE8F087B5
:10E9800021758BE769680029C5D1BB1E04F11C0104
:10E99000012B4CD91368E36193888B80E776AA69D1
:10E9A000B9F1000FCED00021636A197059709970C7
:10E9B000D970A16A002950D0E16A0B60E36282B18C
:10E9C0009178507801F01F0250EA022009D1A26A22
:10E9D000CAF80800002A42D0314A1A600023E262D5
:10E9E0003360304920461FF027FFB4E7012172E76A
:10E9F000B9F1030F3FD1FFF7D3FE3368BBE7FFF751
:10EA0000CFFE3368002BB8D040F273313320FAF7D1
:10EA100055FA2A6A12B192F90020E2756A68002A52
:10EA20007FF479AF8AE7FFF77BFE3368A3E7D8F876
:10EA30000030E361B8F804308B80E776AFE76B7C99
:10EA400063736B681968C4F80E109B889380AA687A
:10EA500073E740F00200E07248E7A362AEE7104AB5
:10EA6000A262BBE73046FFF723FE86E740F239316A
:10EA70003320FAF723FA40F256313320FAF71EFA20
:10EA800040213320FAF71AFA4FF4D7713320FAF7FE
:10EA900015FAC1213320FAF711FA00BF580D0021F1
:10EAA000600D00219DE000012DE9F843504D0F4617
:10EAB000002604682979984606609DF820909DF804
:10EAC00024009DF9283081B9A4F1080128681BF0C1
:10EAD000CEFF2B1DD3E84F3F0133291DDBB2C1E828
:10EAE000423F002AF5D1BDE8F8830121C4F809604E
:10EAF000C4F80D60C4F81160C4F81560C4F819605A
:10EB0000C4F81D60A4F82160A172062A66D8DFE867
:10EB100002F02B3239653E650400E27A22F01202DF
:10EB200042F01202E27223760123082804F10E0259
:10EB3000237547F6FF73E38230D004F10D010AF02C
:10EB400023F900284FD0637B43F002036373E37A19
:10EB50005B072ED4FF23E37600232372254920464A
:10EB6000BDE8F8431FF05FBEE27A22F0130242F0E4
:10EB70001302E272D7E7E27A22F0150242F01502A0
:10EB8000E272D0E7E27A42F01002E272CBE7E27A78
:10EB900022F01A0242F01A02E272C4E77B7C63732D
:10EBA0007B681968C4F80E109B889380E37A5B0732
:10EBB000D0D5A9F1020304F11C02012B07D9BB68CF
:10EBC0001968E1619B88938084F81B90C4E7D8F8AA
:10EBD0000030E361B8F804309380F5E740F2444137
:10EBE0003320FAF76BF9C1213320FAF767F900BF38
:10EBF000580D00219DE00001F8B5394D84460026EE
:10EC000010462A790F46DCF800409DF91810CCF820
:10EC100000607AB9A4F1080128681BF028FF2B1DB9
:10EC2000D3E84F3F0133291DDBB2C1E8423F002A40
:10EC3000F5D1F8BDC4F8096041F60125C4F81560A6
:10EC40000122217645EA0325618941F6FF33C4F8A4
:10EC50001160082821F4DF5103EA0503227547F605
:10EC6000FF7221F01F01C4F80D60E28204F10E0270
:10EC700043EA0103C4F81960C4F81D60A4F82160D8
:10EC8000638115D004F10D010AF07EF818B3637B9F
:10EC900043F002036373E37A5B0714D4FF23E37644
:10ECA000002323720F492046BDE8F8401FF0BBBD8A
:10ECB0007B7C63737B681968C4F80E109B88938013
:10ECC000E37A5B07EAD5BB68FF221968E1619B889C
:10ECD000E2762384E4E7C1213320FAF7EFF800BF9E
:10ECE000580D00219DE0000118B1407BFF3818BF8E
:10ECF0000120704720B1C07EFF3818BF0120704747
:10ED000040F29941332008B5FAF7D8F820B1807D58
:10ED1000FF3818BF0120704740F2A141332008B5E9
:10ED2000FAF7CCF870B50C46164605461FF027F9E1
:10ED30000346284663741FF02DF9062EA07424D8CC
:10ED4000012303FA06F212F0550F11D0E91C00223C
:10ED50006370C4E901126B78063B13F0FF0303D123
:10ED60001D462374E56070BD09352374E56070BDF0
:10ED70009E420AD10322AB1809356270C4E90135FD
:10ED800000231D462374E56070BD00236370C4E951
:10ED90000133F5E738B50C46C17811F03F0161D079
:10EDA00005461FF0ECF80346284663741FF0F2F89E
:10EDB000A0742B796370E878830923702B7913F0A2
:10EDC000010146D14FF0050C4FF00B0E6246616019
:10EDD00013F0020102D005EB0C017246A160590745
:10EDE00001D50132D2B213F0080104D002F1020CB5
:10EDF000A9185FFA8CF2616113F0100104D002F1DE
:10EE0000030CA9185FFA8CF2A16113F0200104D061
:10EE100002F1120CA9185FFA8CF213F04003E161C1
:10EE200002D0AB180132D2B200F03F002362031DC2
:10EE30009B1A13F0FF0114BFAB180B4663626B788B
:10EE4000013B1B1ADBB2237453B10A441544E5603D
:10EE500038BD4FF00B0C691D4FF0110E6246B6E73E
:10EE6000E36038BD20462822BDE838401AF060BD76
:10EE700070B5057805F00F05072D2DD00C46064618
:10EE80001FF07DF80346304663741FF083F80122BB
:10EE9000A07402FA05F313F055030CD00023F11C03
:10EEA0006270C4E901137378063BDBB223748BB143
:10EEB0000936E66070BD954208D103212374E360F2
:10EEC000721809366170C4E9012670BD637023743D
:10EED000C4E90133E36070BDBDE87040FFF75ABF7D
:10EEE0000378012B10B43AD0022B0CD093B903391C
:10EEF0004278012902F0100419D974B964F3C302ED
:10EF00004461427009E04378002223F00303C0E922
:10EF1000012243700339012917D94378002210BC1C
:10EF200023F02003C2610274C2604370704734B1A1
:10EF300022F003024270D206C0E9013308D44378BC
:10EF4000002223F00803426143704378DB06E4D5D6
:10EF50004378002223F0400302624370DDE74378E8
:10EF60000022022923F0020382604370D5D0DBB275
:10EF7000426062F300034370CCE700BF012200232C
:10EF800040F2011C51400271A0F800C0C3704371EF
:10EF90008170704710B4012B114C9DF804C0C0F86B
:10EFA00002400ED0022B06D01BB901704270A0F8AF
:10EFB000033010BC70470022012310BC0280437153
:10EFC0007047ACF1020C4FF0000310BCBCFA8CFC93
:10EFD0004FEA5C1C6CF307036CF30F23038070474C
:10EFE0000001010003782BB14B78002223F00103CC
:10EFF0004A604B7043782BB14B78002223F0020318
:10F000008A604B7003792BB14B78002223F02003E8
:10F01000CA614B7083782BB14B78002223F0080330
:10F020004A614B70C3782BB14B78002223F0100358
:10F030008A614B70437913B100230B74CB60704726
:10F040004378002223F022038260C261437070473C
:10F05000D0F81011F0B5D0F8C86090F8455189B1DA
:10F0600000210C460B4600EB83030131D3F8CC2082
:10F07000CBB27632AB421444F5D9A6420CBF022083
:10F080000120F0BD8C460F4600EB81010CF1010C14
:10F09000D1F8CC405FFA8CF104F1760EA9427744A6
:10F0A000F2D90721BE42A6FB011422D0D0F8C070CD
:10F0B000C919D0F8C47044EB0704D0F8CC701DB364
:10F0C000D0F8D0C0012D674407F1EC0703D0D0F889
:10F0D000D40076300744BE4205D08A4273EB040464
:10F0E00016D30120F0BD8A4273EB040410D2032032
:10F0F000F0BDD0F8B070C919D0F8B47044EB070473
:10F10000D0F8CC70002DDBD17637BE42E5D1EAE7EE
:10F110000220F0BD0328034607D040F2347240F6C7
:10F120002450022B08BF1046704741F6F640704746
:10F130004FF46471212008B5F9F7C0FE38B50446D4
:10F14000FF2380F8153100F58C75284619F090FAE8
:10F15000284604F5A47519F0C5FA284619F088FA6E
:10F16000284619F0BFFA00212046FEF7AFFE94F8BA
:10F1700016313BB1D4F8083153B104F1E8000BF07B
:10F18000C3FD09E0D4F8100110B1D4F808319BB1E7
:10F1900004F1E8000BF048FD002384F8153194F8E1
:10F1A000160110F0FF0018BF0C2084F81631C4F8C7
:10F1B000103184F8143138BD00F5E4700BF034FDE3
:10F1C000E6E700BF022910B52AD013D8012934D1AF
:10F1D0000446084616F002FD4AF2A133194A0344D8
:10F1E000D4F81011A2FB0320800900F5257001B1AD
:10F1F000400010BDCB1E012B1FD840F2DA3340F285
:10F20000AC740846042918BF1C4616F0E7FC4AF205
:10F21000A1330C4A0344A2FB032304EB931010BD5B
:10F22000084616F0DBFC4AF2A133064A0344A2FB6F
:10F230000320800900F5BE7010BD40F217119E201A
:10F24000F9F73CFED34D62102DE9F041044618F069
:10F2500009F805460E46D4F81021D4F8C8E094F811
:10F260004571002A46D04FF0000C6046634604EB1F
:10F2700083030CF1010CD3F8CC205FFA8CF37632C7
:10F28000BB421044F3D986450CBF022701273846FC
:10F2900018F0EAF83F2829D9411CD4E9363259D070
:10F2A000C118914228BFD01AD4F8A830D4F8AC20A5
:10F2B0005B1B62EB0602012B72F1000151DB0021A6
:10F2C000984291415EDA41F28836864228BF06466E
:10F2D000C5F1900517F0C6FF0544B54206D839467A
:10F2E000304618F0EDF80546002852D10025284692
:10F2F000BDE8F0811046134604EB83030132D3F8D6
:10F30000CC10D3B27631BB420844F5D907238645E9
:10F31000D4E92C1CAEFB03382ED0D4F8C0209B18A7
:10F32000D4F8C42048EB0208D4F8CC20DFB1D4F8DC
:10F33000D000012F024402F1EC0203D0D4F8D40033
:10F3400076300244964511D099427CEB080817D3D9
:10F3500001279CE7D61A41F288339E4228BF1E46F9
:10F36000B6E70026B4E776329645EDD199427CEBBC
:10F37000080805D203278AE7CB184CEB0808D3E727
:10F38000022784E741F28832934228BF13461E4683
:10F390009EE717F06BFFD4F8E020D4F8D830B0180F
:10F3A000D4F8DC203344C4F8E0009342C4F8D830E9
:10F3B00003D1D4E93A23C4E9302317F055FF96E787
:10F3C000014B1870704700BF110000210D4B002148
:10F3D00041F6690210B519601B6893420CD80446C7
:10F3E00090F8143123B190F814310BB1FFF7A6FE59
:10F3F0000023A4F80C3110BD40F662012120F9F77A
:10F400005DFD00BF6C0D002110B5044690F814316D
:10F4100013B190F814311BB90023A4F80C3110BDBE
:10F42000FFF78CFE0023A4F80C3110BD90F81431C6
:10F4300003F0FF020BB910467047FFF77FBE00BF15
:10F4400090F86C00003818BF01207047F0B585B007
:10F4500090F81421002A40F09A8002F0FF030A7805
:10F4600002F0020402F0040512F001020393CDE958
:10F47000013320D08E680196002C6FD1002D73D0FF
:10F480000B6914460122763E029380F845214B68B1
:10F49000C0E93236C0F8F83040F27123A0F8FC30F1
:10F4A0003DB10DEB840300EB84045B68763BC4F84C
:10F4B000CC3005B0F0BD7CB9002D63D00D6940F2B1
:10F4C000712280F845414B680195A0F8FC20C0F8F6
:10F4D000C830C0F8F830E4E74FF0010C96466746B4
:10F4E00004AE06EB8E0ECE684EF80C6C0DBB40F2EF
:10F4F000712480F845214B68A0F8FC40C0F8C83062
:10F50000C0F8F8302AB9019B763BC0F8CC3005B082
:10F51000F0BD019B763BC0F8CC3001230DEB83029C
:10F520005C1C00EB83035268E4B2763AC3F8CC204B
:10F53000B6E70E690DEB8C0C80F845714968CCF884
:10F540000460C0F8C810C0F8F81040F27121A0F8AB
:10F55000FC10002ADDD1002CA3D0DFE74FF0020C15
:10F560004FF0010E6746BBE740F27122763E80F80D
:10F5700045514B68A0F8FC20C0F8F830C0E932369D
:10F5800005B0F0BD4FF431712120F9F797FC40F23E
:10F59000AB212120F9F792FCD0F8102142B190F86C
:10F5A000143103F0FF020BB910467047FFF7C6BDD8
:10F5B0000C221046704700BF70B590F8153113B19A
:10F5C0000026304670BD04460D4617F04BFE94F8F9
:10F5D0007831062D46D8DFE805F029040407310408
:10F5E00004000126304670BD033B012B8CBF4FF455
:10F5F00057724FF46172D4F8B010D4F8D830401A72
:10F60000A3F58E738518AB428CBF01260026D8D88F
:10F610002046FFF719FE0028D3D0D4F8D860A6F50D
:10F620008E76B5422CBF00260126CAE7022B12D0E7
:10F6300007D8012B11D14FF40472DCE74FF40272AA
:10F64000D9E7DA1E012A08D8042B40F2563208BF47
:10F650004FF4E562CFE7F822CDE740F217119E2084
:10F66000F9F72CFC40F232312120F9F727FC00BFDA
:10F67000F8B50E4605460021D6F8D00106F5E47728
:10F680000BF028FBA84204460BD0014638460BF08D
:10F69000E9FA00232B628CB900220023C6E9722309
:10F6A000F8BDD6F8D03182689A4217D2826912B377
:10F6B000014638460BF0D6FA002323620BF052FBCA
:10F6C000E8B1A168B4F92400D4E900325B18A6F8C7
:10F6D000EC0142F10002C6E97232F8BDC569076269
:10F6E000002DD9D00BF03EFB48B1A968B5F9240034
:10F6F000D5E90032EAE7C56907628360F0E740F2C6
:10F7000045712120F9F7DAFB2DE9F04F91B004465D
:10F710001D460E46BDF868300392079317F0A2FD10
:10F72000D4F8CCA0804604910AF1760094F84511F3
:10F73000834651B1012304EB83020133D2F8CC207C
:10F74000DBB276328B429344F5D9D4F8C890D945D0
:10F750004CD1002D4AD094F81431002B40F0C080D9
:10F76000039B002B40F070826FF00043D4E92A1213
:10F770009A4208BFB1F1FF3F00F0CA8194F84431CA
:10F780002046234493F87C11FFF71CFD039B05469C
:10F790000B908DF8283018F5B3730AA80E93049BCC
:10F7A00043F100030F9340F20243ADF8303018F0FC
:10F7B00079FF002800F095820E9AD4F8A8300F99AE
:10F7C0009B1AD4F8AC2062EB01025B1B62F10003D0
:10F7D000002B80F29D81DDF80CA001234546049F9B
:10F7E000D346CDF814A0CDE9063A0EE1039B002BD9
:10F7F00040F0AC80D4E93A37A8EB0302B2FBF9F24F
:10F8000009FB02F2002D76D19D1808F5B373A3EB26
:10F81000050347F10007994594BFA3EB09099946F1
:10F82000002900F046828145C0F02582A9EB0A0933
:10F830000122A9F17609012914D0D4F8D00000F1F1
:10F84000760CCC4505D8A9EB00000132A0F1760971
:10F85000D2B2022906D0D4F8D41001F17600814545
:10F8600080F01E82A1189346204691F87C11CDE9C4
:10F870000532FFF7A7FC484404EB8B01D1F8CCA07C
:10F880008245DDE90532C0F0E481AAEB090ABAF14C
:10F89000000FC0F221825D19D4F8E800D4F8B0302E
:10F8A00047F10007D4F8EC101B1A00F11382D4F8CA
:10F8B000C820B3FBF2F302FB03F31B1841F1000174
:10F8C000C4E93A31EB1A00F105829342B3FBF2F13D
:10F8D00034BF00230123079105930023069394E08E
:10F8E000B4F90C31002B3FF43BAF039B73BBD4F84E
:10F8F000C890D4E93A37A8EB030513EB09024FF09F
:10F90000000B47F10007B5FBF9F509FB05F5AD184C
:10F91000A5EB080247F10007B2F5B37F80F0018143
:10F92000D4F8B820D21AB2FBF9F209FB0233EB1A71
:10F9300019EB0505B3FBF9F247F100074B450792B8
:10F9400034BF00230123CDE9053B5EE00121002304
:10F95000CDE9051318F5FA65049B43F100070BF098
:10F96000F5F90BF0ADF9034604F1E8001946CDE9CD
:10F9700008300BF077F9D4F81011089B19B10998E9
:10F98000FFF776FE089B002B00F07781B3F9242067
:10F99000D9459868A4F80C211A680CBFD4F8F090E7
:10F9A000D4F8C890801859684A4641F10001CDE961
:10F9B00000571FF0F7FF81458346C0F08681451947
:10F9C00047F100070BF0C8F9079BD4F8C810002BCB
:10F9D00000F099809AB242F2107C28463B46E2FB46
:10F9E0000C03C4E92A0301F2CF735B444FF0000B10
:10F9F000B3FBF1F301FB03F3EB1AC4F8E83067F152
:10FA00000003C4F8EC300123079304EB0B032046FA
:10FA100093F87C11FFF7D6FBD4F8A83081465A1B27
:10FA2000D4F8AC3063EB0703012A73F10001C0F294
:10FA3000EB8000219245994100DB924604EB8B0B51
:10FA4000DBF8CC30534528BF5346C4F8DC30059B67
:10FA5000002B40F09680039B2BB1D4E93A03C4E914
:10FA60003003C4E92C570423C4F8D8902A46204612
:10FA7000C4E92E5773723B46FFF7EAFA069B3072D1
:10FA8000C6F80490002B00F0BA800123049933706B
:10FA9000D4F8A830D4F8AC20B3EB080362EB010231
:10FAA000012B72F10001C0F2CD80904D00219D42EA
:10FAB000914100DB1D46D4F81021D4F8C800002A7B
:10FAC00000F0A5804FF0FF331F469845049971EB75
:10FAD00007020ED2B3EB08034FF00002284667EB93
:10FAE00001076FF001019942BA4102D39D4228BF3C
:10FAF00018463061D4F8DC00484534BF00200120AE
:10FB000011B0BDE8F08F4FF0FF306FF0004368E7B1
:10FB1000002301224546049F9B46059306920793C6
:10FB200073E794F87C112046FFF74CFBD4F8E820EB
:10FB3000D4F8B8300421D4F8C8509B1A0B90204652
:10FB40008DF831108DF828B0B3FBF5F305FB03F306
:10FB50009A18D4F8EC3043F100030E920F93FFF79C
:10FB600077FA29468DF830000AA81DF0DDFF031E44
:10FB7000079018BF0123CDF818B0DDE90E570593A3
:10FB800043E7079BB4F90C01590089B21EF078FFD6
:10FB9000B4F80C21D4F81011C317121A12B2A4F839
:10FBA0000C2161B1A1F8EC21D1F8C8211218C1F8DB
:10FBB000C821D1F8CC2143EB0202C1F8CC21D4F802
:10FBC000E8202D1843EB07078018D4F8EC20C4F880
:10FBD000E80043EB0203039AC4F8EC30002A7FF4F8
:10FBE0003EAF0423C4F8D8902A462046C4E92E57D5
:10FBF00073723B46FFF72CFAC6F80490307200236C
:10FC0000C6E90457337075E74FF0000A16E794F819
:10FC100045711146134604EB83030132D3F8CC300F
:10FC200076331944D3B29F42F5D207238842A0FB12
:10FC3000033724D0D4F8C0209B18D4F8C42047EB55
:10FC4000020742E7002536E700220123CDE905231C
:10FC500080E694F84501D4F8C810904217D90132D3
:10FC60008B42D2B227D204EB82039346D3F8CCA0C6
:10FC70000AF176030BE60022DDE59B46A2E6D4F806
:10FC8000B0209B18D4F8B42047EB02071DE78B4245
:10FC90000DD3B3EB410F4FEA410211D21346F6E503
:10FCA000A9EB01010132A1F17609D2B2DAE50B46E6
:10FCB000EDE50A46D6E540F22E412120F9F7FEF89F
:10FCC00040F24B412120F9F7F9F840F2533121205D
:10FCD000F9F7F4F8FFF72CFA40F254412120F9F734
:10FCE000EDF840F29C412120F9F7E8F80040420F7E
:10FCF000F0B5044689B0072900F2A280DFE801F0E0
:10FD00003D07090925A02A9B2046FEF70FF909B0F7
:10FD1000F0BDB0F87A31C3F30C03002B40F08880BB
:10FD20000022012302A920460092FFF7EDFC0028E3
:10FD3000EAD002A904F58C7018F028FC0028E6D15E
:10FD400040F279712120F9F7B9F809B0BDE8F04027
:10FD500015F068BC90F8153153B9B0F87A31C3F397
:10FD60000C03002B5ED090F87831033B012B72D945
:10FD700009B0BDE8F040FDF703BF90F8153103F07E
:10FD8000FF054BB10121FEF7A1F815F009F909B003
:10FD9000BDE8F04018F0DCBB17F0C2FBD4F8E83047
:10FDA000B0EB030CC4E92C0178D494F84561D4F885
:10FDB000C87002940595002E6ED02946BCFBF7F260
:10FDC00007FB02332A46C01A2B4604EB8303D3F801
:10FDD000CC3003F1760E864503D876380131C01A4F
:10FDE000C9B20132D3B29E42EFD2B4F87A3184F86C
:10FDF0004411C3F30C038DF8181033BBBC4534BF5A
:10FE00000125012302A88DF810508DF81930FDF757
:10FE1000A3FED4F8D800A0F58170C4F8E00017F074
:10FE200023FA74E7FFF710FA00287FF470AF9FE71A
:10FE3000FEF7C0F874E74FF4E6712120F9F73EF8B9
:10FE40004FF4E8712120F9F739F8D4F8402103255F
:10FE500000230392D6E790F87031002B88D101215E
:10FE600044F2365084F8701117F02AFB00283FF452
:10FE70007FAF17F0FBF9D4F8D830D4F8E02044F283
:10FE8000365003441044C4F8D830C4F8E00009B038
:10FE9000BDE8F04017F0E8B92946A6E7FFF748F9B2
:10FEA00030B589B090F81421002A4ED1044602F0F2
:10FEB000FF03FF2280F8142180F8153190F8455196
:10FEC0009C4680F84431A0F80C31184604EB8303BB
:10FED0000CF1010CD3F8CC205FFA8CF376329D4202
:10FEE0001044F3D2D4F8C830984221D0D4F8CC20B2
:10FEF000E5B1D4F8D030012D1A4402F1EC0203D060
:10FF0000D4F8D43076331A44C4F8F020002300919A
:10FF1000012202A92046FFF7F7FB60B102A904F510
:10FF20008C7018F033FB58B109B030BD7632EBE776
:10FF300041F28832E8E740F282212120F8F7BEFF43
:10FF400040F283212120F8F7B9FF40F26D212120F2
:10FF5000F8F7B4FF38B590F81431E3B90D4621B382
:10FF600004460246134900F58C7018F005FB114950
:10FF7000224604F5A47018F0FFFAC4F8105195F861
:10FF8000F03103F0FF015BB984F816112046BDE89B
:10FF90003840FFF785BF40F292212120F8F78EFF0D
:10FFA00040F299212120F8F789FF40F29321212086
:10FFB000F8F784FFF1FC000138B504460D4602460F
:10FFC000084900F58C7018F0D7FA04F5A4702246A1
:10FFD000044918F0D1FA29462046BDE83840FFF719
:10FFE0005FBF00BFF1FC000190F87B315F2B2DE972
:10FFF000F04F044687B049D85A09A64911F8028043
:020000040101F8
:10000000B8F1040F00F0188194F9792103F01F036F
:1000100094F87A51002A45EA032594F87931B4BF5F
:100020004FF496721E22DB0902FB05F50CBF1E265B
:100030004FF4967614F01CFBA5EB000914F062FB5C
:1000400094F87931074609EB060A13F0400F2F4464
:10005000914D0CBF4FF4FA7B4FF0320B1DF0FAF9C3
:100060008E4B5844B9F5E07F0AFB0055A3FB0535DC
:100070004FEA954570D994F8153153B114F090FFBB
:1000800018F066FA012007B0BDE8F08F4FF00008C5
:10009000BAE74046DFF808A215F098FD814B53F807
:1000A00028904AF2A1334B44AAFB032306EB931694
:1000B000BA3606EB45060644404615F087FDA6EB2A
:1000C000000B404615F08AFD94F85410A9EB000986
:1000D0000BF58E7B0129AAFB09A94FEA991900F0BB
:1000E000B1804046FFF716F8D4F8B030ABEB090802
:1000F000D4F8B420933B80446B4842F1FF32DB19C3
:10010000007842F100025B1B4FF00005CDF804803F
:1001100062F10002FE288DF800504FF00405CDE991
:1001200004328DF8095000F0A780490740F1A480FF
:100130008DF80800694604F58C70C4F8D880C4F8BE
:100140004061C4E92E3218F021FA002896D140F21D
:10015000F4612120F8F7B2FE4046DFF844A115F023
:1001600035FD504B0246404653F8289009F2E733DC
:10017000AAFB031306EB931620363E442E44164486
:1001800015F024FD8346404615F028FDA9EB000933
:10019000A6EB0B0BAAFB09A994F854A0BAF1010F26
:1001A0004FEA99195CD04046FEF7B4FF0BF58E7309
:1001B000D4F8D8B0A3EB090303EB0008C34528D259
:1001C000394B93F80090B9F1FE0F45D01AF0040FA7
:1001D00042D0484617F048F9A8EB0B034946402B9C
:1001E00038BF4023834228BF03461846984617F07D
:1001F00067F900283FF447AF17F038F8D4F8D83043
:100200004344A3F58170C4F8D830C4F8E00017F077
:100210002BF8103F94F84411022200237F1B6846FC
:100220008DF8101003978DF808208DF81130CDE966
:100230000046FDF791FC25E700224FF0030880F807
:100240007021E1E6A8F102085FFA88F8B8F1020F20
:100250001AD940F6480047E717F064F98146B8E735
:10026000A8F102085FFA88F8B8F1020F09D8094B23
:1002700003EB8803586899E717F054F9DDE9043275
:1002800056E740F6480091E7024B03EB88035868B5
:100290002AE700BFD8C103013F420F0083DE1B43A2
:1002A000D34D621028C403011100002110B588B09D
:1002B00090F8152172B902F0FF0302A904461A460C
:1002C0000093FFF721FA60B102A904F58C7018F0D1
:1002D0005DF980B114F064FE08B0BDE8104018F07C
:1002E00037B92046FDF722FE14F05AFE08B0BDE8EB
:1002F000104018F02DB94FF4EC612120F8F7DEFD25
:1003000001292DE9F04F054683B030D9022940F08C
:10031000D480D0F81031002B00F0D4800024224685
:1003200083F8F04190F8781161F3070261F30F222E
:10033000A3F87420FF2683F876600339D0F8100103
:10034000012900F13C008CBF002101211EF006FBB9
:10035000D5F8100120F030FAC5F8104185F8166183
:1003600014F01EFE03B0BDE8F04F18F0F1B801F034
:10037000010A0026D0E92C9814F09CF995F87871C0
:100380008346504639461DF035FC0446384615F084
:1003900025FC0146BAF1000F03D0BB1EDBB2022BD5
:1003A00075D94FF4FC7214EB0B0346F1000613EB06
:1003B00009044C4B48EB060633F8173003F2E733D9
:1003C0000B444949A1FB03139B09E31A66F100069C
:1003D0009C1846F100061FF0D7FA8A30D5F8107144
:1003E000241AD7F81C8066F100060AF063FC05F1B8
:1003F000E803834232D04246D7E97201CDE9004694
:100400001FF0D0FA804567D3384BD5F810211B6810
:1004100092F87E10834212D9D369D3620344002933
:1004200047D141F66A010D46884215864FD21B1905
:1004300046F10006C2E9723603B0BDE8F08F59BB41
:100440002B4BA3FB001340F2E2419B0A01FB03F399
:10045000D36241F66A0313860346E8E797F87D0006
:100460000028D1D0D5E93A9A0AF07CFC38B9B7F91E
:10047000EC31A7F8EC0113EB09094AEBE37A4246A9
:1004800048465146CDE900461FF08CFABCE7194AB0
:1004900002EB83031A6986E7174BA3FB0013642161
:1004A0005B0901FB03F3D3624FF4FA73138603462F
:1004B000BDE74FF4FA710D46B6E740F6460121203C
:1004C000F8F7FCFC40F2E1712120F8F7F7FC40F26C
:1004D000D6712120F8F7F2FC40F267312120F8F7BD
:1004E000EDFC00BF3CC40301D34D62106C0D002134
:1004F0005917B7D1D8C103011F85EB5108B558B1C1
:1005000001280CD10B4B40F6C4121A601A6841F650
:1005100069039A4208D808BD064B1860F6E740F612
:1005200059012120F8F7CAFC40F662012120F8F7B2
:10053000C5FC00BF6C0D0021F0B5524C012289B002
:10054000636822701A7A002A59D1237D032B52D076
:10055000012B257AE06821D0D0E93223009515F0EF
:1005600045FEE061002800F0838000F12005237A39
:100570006E78012B17D9237D2846032B75D012F0F6
:10058000E1FB63681B7A0BB1002E64D1284614F09E
:10059000ADFD09B0BDE8F04015F0CABC017F2846AA
:1005A00015F008FEDDE7226A2978D2F8A00001F0F4
:1005B00003029DF818C000F0010EC1F3C0032CF037
:1005C0005F0C42EA8E02704601F0580E42EA0E02BB
:1005D00042EA0C028DF81820520604D4E36893F81E
:1005E000C83003F00103DB0001F0530143EA80034C
:1005F0000B432B70C5E70023A569E361B7E7E56806
:100600001E6895F8D8002169237A01380A6A1031EA
:10061000012BC0B282EA06028CBF4FF0020C4FF0F1
:10062000010C003B06924A6918BF01230328079278
:10063000D5E9326721D8144D324600933B46285CF9
:10064000CDF810C00390FB20029006A80190002076
:1006500015F068FB79E7606A14F048FD2946606A86
:1006600009B0BDE8F04015F0EDBB12F089FB88E75A
:1006700040F285114720F8F721FC40F2A241062004
:10068000F8F71CFC700D0021F4C1030170B53D4C5E
:10069000022288B0636822701B7A002B38D1237D38
:1006A000023B012B1AD80023A3626368A0691B7A5E
:1006B0002BB3616A15F002FC237A03F0FD03012BD2
:1006C00024D1236A93F8B030033B012B94BF282038
:1006D000002008B0BDE8704014F0F0BD206A21F0A1
:1006E000B3F80346A0620028DFD0226A2030D2E9A6
:1006F0002812C3E9021263681B7A002BD9D114F0C7
:10070000F5FC237A03F0FD03012BDAD008B070BDAD
:10071000606A14F0EBFC226A237A92F81EC0216909
:10072000BCF11B0F92F8B0000D6A01F1100138BF47
:100730004FF01B0C012B636800F1FF308CBF0226C9
:1007400001261B68C0B283EA050314BF01250025FA
:10075000032806934B690793D2E928230CD8009508
:10076000094D0496285CCDF808C0039006A80190B6
:10077000012015F0D7FA92E740F2A2410620F8F7DF
:100780009DFB00BF700D0021F4C1030110B5104C9A
:10079000A06A20B1216A21F064F80023A362E36912
:1007A0000BB10023E36194F84030022B03D194F89D
:1007B0004400C30708D514F063FB002384F84030DD
:1007C00015F0B6FB94F84400A36CBDE81040184740
:1007D000700D002110B5134C94F84430A06A43F01A
:1007E000010384F8443020B1216A21F03AF8002353
:1007F000A362E3690BB10023E36194F84030022B5C
:1008000003D194F84400C30708D514F039FB002342
:1008100084F8403015F08CFB94F84400A36CBDE8DC
:1008200010401847700D002170B54A4C82B0237DEE
:10083000032B6AD0E269002A00F08280012B064671
:1008400021D10025E561002E2DD1237A002B4FD038
:10085000032B4DD0012B78D1217D236A03296268B7
:1008600093F8B01014BF987F0820127A00EB820032
:10087000C0B213F0BBFFFFF709FF94F84030012B23
:1008800050D002B070BDA36D0025226D616DE0688F
:100890009A1841EBE37300F1C801009121F03DFE8D
:1008A000E561002ED1D094F84430A06A43F00103F2
:1008B00084F8443030B1216A20F0D3FFE369A562A7
:1008C00003B1E56194F84030022B03D194F8440061
:1008D000C30708D514F0D4FA002384F8403015F08B
:1008E00027FB94F84400A36C02B0BDE870401847A1
:1008F000A06A0028E6D0216A20F0B3FF0023E26955
:10090000A362002ADED0E361DCE7A06A20B1216A9D
:1009100020F0A7FF0023A362E369002BD2D00023BD
:10092000E361CFE713F03CFFE26A014602230A4885
:10093000114484F8403002B0BDE8704014F018BD96
:1009400040F2DD214720F8F7B9FA40F2FE214720B6
:10095000F8F7B4FA700D0021A00D00212DE9F04F39
:10096000054685B0002874D0B14C8846A06A00289E
:1009700000F0EB8000F12003277A1E78012F93F816
:10098000019040F29680022F00F0F4804FF0000AB0
:100990002A464FF0080B564663681B7A002B40F03E
:1009A000AB8017F0FD0700F0BF8013F08BFEE36D06
:1009B00001464FEA4A10002E47D1002D41D0A56ACA
:1009C000002D00F02281276E4BEA0000226D40F0DE
:1009D0001000D2192A61626D42EBE7726A61B4F8C5
:1009E0006420003A18BF01222A769847A36A002B98
:1009F00000F03481226A1E70D16B5E709E70DE70D2
:100A0000002900F0ED80116C0B60136492F839300E
:100A1000002B00F0DF800023A362B8F1000F40F04C
:100A2000C280237A002B00F09280013B012B00F260
:100A30001081A06A18B3216A20F013FFC4F828803F
:100A40001DE0256A6A6F01326A674BEA0000984729
:100A5000E3E7774C237D032B00F0A380226AD36E5B
:100A60000133D366E66D13F02DFE01462846B047EC
:100A7000A06A20B1216A20F0F4FE0023A362E3699A
:100A80000BB10023E36194F84030022B03D194F8BA
:100A90004400C30708D514F0F3F9002384F840306C
:100AA00015F046FA94F84400A36C05B0BDE8F04F89
:100AB0001847E268C6F3C005236A92F8C8A093F805
:100AC000A0308AEA960AC6F3801603F001030AF002
:100AD000010A85EA0302ED1A86F00103B5FA85F5ED
:100AE0001A404FEA551541D0636800264FF0880B35
:100AF0001B7A002B3FF455AF0027019215F040FA06
:100B0000831E019ADBB2012B4DD92A40B9F1000FA7
:100B10000CBF002202F0010212B1002800F08E800A
:100B2000237A13F0FD0F03D113F016FEC4E914016C
:100B300013F0C8FDE36D0146002F3FF43AAF58466D
:100B40009847A06A002895D199E7A36914E7E3685C
:100B5000FF2093F8D81013F049FEFFF7EDFC94F84E
:100B60004030012B43D005B0BDE8F08F1A464FF05E
:100B7000080B11E79DF80C3006F03F0623F03F0309
:100B80001E43237D032B8DF80C60F6B21AD016F0AD
:100B9000200713D14FF0080B63681E7A16BBB246CC
:100BA000C2E740255EE794F84430A06A43F00103B1
:100BB00084F8443000287FF45DAF60E700274FF0F1
:100BC0000C0BE9E706F00306032E26D140274FF071
:100BD000480BE1E7206A174931301DF024FE1AE77F
:100BE000D36312E7324635460026B24685E713F056
:100BF00069FDE26A014602230F48114484F840303F
:100C000005B0BDE8F04F14F0B3BB226A126E002AA3
:100C10007FF41BAF4BF0100B17E794F8443043F010
:100C2000010384F8443000287FF424AF27E700BF95
:100C3000700D002121190301A00D002194F844300A
:100C4000A06A43F0030384F8443000287FF412AF15
:100C500015E740F2C5214720F8F730F9B3214720C6
:100C6000F8F72CF9024A936D03449365704700BF6F
:100C7000700D002110B5064C07F0E6FBA06107F0EF
:100C8000E7FB044A00236062A26684F8403010BD8E
:100C9000700D0021A00F0101034B0246986EDA652A
:100CA000996414F00DBA00BF700D0021024B0022B0
:100CB00083F84020704700BF700D00212DE9F043FC
:100CC000424C83B015462366BDF82C302272A4F83E
:100CD00064309DF830300A9E2375A6659DF8346017
:100CE000DDE90E32C4E914012262109A1199E26022
:100CF00094F8402021610021022A636084F84410A6
:100D00001BD1032D5CD8DFE805F00B020B02FFF7C7
:100D100013FC207A012808D9012003B0BDE8F08334
:100D2000FFF7B4FC207A0128F6D8C30744D4E3685F
:100D300093F8D81014F0FCFBEEE7186813F002FFEC
:100D4000304613F009FF6368586814F0B3F9E3689C
:100D500093F9D90013F0F0FE237A03F0FD03012B81
:100D6000D4E9146714BF4FF001094FF0000912D104
:100D7000E368FF2093F8D880414613F037FD3246F0
:100D80003B464846CDF8008014F076F90028B8D1EB
:100D900003B0BDE8F083217D236A0329626893F8DC
:100DA000B080127A0CBF0820987F414600EB820089
:100DB000C0B213F01BFDE2E7236A93F8B010B9E765
:100DC00040F256314720F8F779F800BF700D002146
:100DD000074B00211A7883F84010022A00D0704790
:100DE000D3E91421801841F1000114F025BA00BFA5
:100DF000700D002110B5134C94F84430A06A43F0F4
:100E0000010384F8443020B1216A20F02AFD002338
:100E1000A362E3690BB10023E36194F84030022B35
:100E200003D194F84400C30708D514F029F800232F
:100E300084F8403015F07CF894F84400A36CBDE8C9
:100E400010401847700D002130B4D2E900540D4A0B
:100E5000C2E90B055568012095F808C082F83810E2
:100E60004FF4807182F840009187997F93F8B00029
:100E700001EB8C03546382F83900DBB230BC53873A
:100E8000704700BF700D002130B592F808E093F86C
:100E90000EC0546815680CEB8E0C0D4A4FF0000E16
:100EA0005FFA8CFC82F838100121A2F83AC082F86F
:100EB000401093F8D81093F9D930D06282F83DE011
:100EC00082F8391082F83C30C2E90C5430BD00BFC2
:100ED000700D002130B5D2E9004593F9D9E08C4678
:100EE00093F8D82000F19001104B114833F81230DC
:100EF00003F5FA73A0FB0303FF2001EB93110D4BE5
:100F000083F83920002283F838C083F83D2002227C
:100F100083F83CE0588703F1300083F84020C3E9B0
:100F20000C45BDE8304014F023BA00BF3CC40301B7
:100F3000D34D6210700D002130B59DF80C408E46E7
:100F4000FCB993F81EC093F8B0500146137A0E48CE
:100F50000CEB830C30305FFA8CFCD2E9004380F854
:100F600008E04FF4807E4360022345720122046052
:100F7000A0F80CE00374A0F80AC0BDE8304014F0FB
:100F800065BA4FF0080CDEE7700D0021034B986A3C
:100F900008B1203070479869704700BF700D00217C
:100FA0008D0701015D09010129080101D507010132
:100FB00038B50C460C210546F8F7B0FC10B120609E
:100FC000002038BD0B212846F8F7A8FC08B10C20FA
:100FD00038BD09212846F8F7A1FC0028EFD10220EE
:100FE00038BD00BF38B50C460B210546F8F796FC16
:100FF00010B12060002038BD0C212846F8F78EFC87
:1010000008B10C2038BD09212846F8F787FC08B143
:10101000B830EEE7022038BD40F28731062008B52F
:10102000F7F74CFF23211A2008B5F7F747FF00BF59
:1010300038B505460C4691F8FB3113B191F80532ED
:101040008BB9002D51D02B7873B194F8F03193B354
:1010500004F1B80021F0BBFA002100220023C4F8FB
:10106000A811C4E9682338BD94F8F2316BB90221A4
:10107000B4F8AC01F8F752FC38B104F2152100F5D0
:101080008E7021F04FFB00283FD00921B4F8B00149
:10109000F8F75AFC002845D1D5F89C30002BE2D156
:1010A0000821B4F8AE01F8F74FFC0028DBD060212E
:1010B0001A20F7F703FF94F8F23103F0FF017BB930
:1010C000B4F8AC01F8F72AFC50B104F2152100F590
:1010D0008E7021F027FB18B92B211A20F7F7EEFEAE
:1010E0004FF6FF73A4F8AC31B2E794F8F23173B95C
:1010F0000221B4F8AC01F8F711FC40B104F215215B
:1011000000F58E7021F00EFB08B9FFF78BFF092167
:10111000B4F8B001F8F718FC0028A4D04E211A202A
:10112000F7F7CCFE53211A20F7F7C8FE70B5002858
:1011300000F0978004460B46002200F80D2C0A2090
:101140006FF4FE7504F89A2C66198A7018700821DD
:1011500034F84D2C34F84F0CA3F8032096F80622EF
:101160005A71F8F7DBFB054614F8023CA3B9C5B188
:101170002B785BB314F80D3C002B4DD06FF4A273A9
:10118000E0185D3C21F023FA002100220023C6F87C
:10119000A811C4E9002370BD237A002BFBD1002DD8
:1011A000E6D114F80B3C002B50D10221B6F8AC016B
:1011B000F8F7B4FB002849D004F1180100F58E704F
:1011C00021F0B0FA002841D1FFF72CFF14F80B3CB6
:1011D0006BB90221B6F8AC01F8F7A0FB38B104F105
:1011E000180100F58E7021F09DFA0028ECD009213D
:1011F000B6F8B001F8F7A8FBC0BBD5F89C30002BBF
:10120000C9D10821B6F8AE01F8F79EFB0028C2D07C
:1012100060211A20F7F752FE14F80B3C03F0FF018F
:101220007BB9B6F8AC01F8F779FB50B104F11801BD
:1012300000F58E7021F076FA18B92B211A20F7F7F5
:101240003DFE4FF6FF73A6F8AC3197E70921B6F8DB
:10125000B001F8F779FB00289DD04E211A20F7F74E
:101260002DFE40F25F111A20F7F728FE53211A20B5
:10127000F7F724FE10B54FF408720021044618F069
:1012800057FB4FF6FF724FF096132046A4F8AC219F
:10129000C4F8B43120F0C3FA04F1B800BDE810403E
:1012A00021F07EB938B500250446282200F5E47007
:1012B0002946C4F8A050C4F8A450C4F8A850C4F8F3
:1012C000AC50C4F88051C4F88451C4F88851C4F8B3
:1012D0008C5118F02DFB84F8F25184F8F15120461E
:1012E00020F09DFA04F1B800BDE8384021F058B96B
:1012F00010B50C4601F1B80021F072F92046BDE8A6
:10130000104020F0BEBA00BF90F8F23123B902219C
:10131000B0F8AC01F8F702BB0020704790F8F2314A
:1013200003F0FF011BB9B0F8AC01F8F7F7BA0020E1
:10133000704700BF38B528B390F88D3004462A2B8B
:101340001ED142B92B2380F88D3094F9CE30002B7A
:101350001CDB002038BD1F230D4680F8122180F8C9
:101360001331322380F88D300029EED00821B5F8F2
:10137000AE01F8F7D3FA68B12946FFF759FEE4E762
:101380000C2038BDB5211A20F7F798FDDC211A2072
:10139000F7F794FDD7211A20F7F790FDF8B500284C
:1013A00000F0F58025236FF4F9720C4607460B70A8
:1013B0008518437A0821E370B5F8B03195F8982183
:1013C000A380627295F89931A37295F89A31E3720D
:1013D00095F8B9312375B5F8AE01F8F79FFA95F88D
:1013E000FC310646002B79D1002800F0D480D5F8D6
:1013F000BC206B69017822F07F4223F07F430029F3
:1014000076D1C3F3072123731B0CE2736173A373BB
:10141000C2F30723120C2374627495F8B030013BB9
:10142000DBB2032B00F2B1805D4AD35CA37495F864
:101430009031013BDBB2032B00F2A780D35CE37455
:10144000EB7F637595F8C730A375AA7FAB8BA4F8C3
:10145000192095F8C6206384B5F8C430A4F81B2081
:10146000A38495F8253095F8242084F82730D5F802
:10147000CC3084F8262023F07F4395F8262084F88A
:10148000282084F82930C3F307221B0C84F82A2073
:1014900084F82B30337C434AA371737CE371B37CB3
:1014A0002372B6F81530A4F81730736895F89C11BC
:1014B000A2FB032395F89E21E1779B0A95F89D11E5
:1014C00084F82120A4F81D30012395F82C2084F8FD
:1014D000201084F82C2085F86331F8BD10B1037812
:1014E000012B43D029463046BDE8F840FFF7A0BDA8
:1014F000C2F307212273120CE3736173A273C3F367
:1015000007221B0C2274637495F89031013BDBB207
:10151000032B3AD8224AD35CA37495F8B030013B30
:10152000DBB2032B31D8D35CE37495F8C730637515
:10153000EB7FA37595F8C6206B6AB5F8C410A4F8C4
:10154000192023F07F43AA7F6184A4F81B20AA8B73
:10155000A28495F8CC2084F8262095F8CD2084F834
:10156000272095F8CE2084F828208AE717F8033C36
:10157000002BB7D0162307F10A000B4985F8063275
:101580001DF04EF94423E370ACE7FFF745FDE3217E
:101590001A20F7F793FCF7211A20F7F78FFC00BF0A
:1015A000F8C103015917B7D12D110101F0B583B06E
:1015B000002800F01481A0F226235A7B2A2A40F04A
:1015C000C1800C46A0F5CA7241F61071118093F9E2
:1015D0004E203221002A5973C0F20681A0F2A620C3
:1015E000D0F81C71002F00F003816FF40573002206
:1015F0000821FD18102385F8C821252285F8FC3123
:10160000E370227095F89831B5F8B021637295F8BF
:101610009931A280A37295F89A31E37295F8B931A5
:101620002375B5F8AE01F8F779F995F8FC3106465F
:10163000002B78D1002800F0E280D5F8BC206B693F
:10164000017822F07F4223F07F4300297DD0C2F34E
:1016500007212273120CE3736173A273C3F3072291
:101660001B0C2274637495F89031013BDBB2032BA1
:1016700000F2C380644AD35CA37495F8B030013B98
:10168000DBB2032B00F2B980D35CE37495F8C7306A
:101690006375EB7FA37595F8C6206B6AB5F8C41027
:1016A000A4F8192023F07F43AA7F6184A4F81B20AB
:1016B000AA8BA28495F8CC2084F8262095F8CD201A
:1016C00084F8272095F8CE2084F8282084F8293043
:1016D000C3F307221B0C84F82A2084F82B30337CB8
:1016E0004A4AA371737CE371B37C2372B6F8153058
:1016F000A4F81730736895F89C11A2FB032395F8A2
:101700009E21E1779B0A95F89D1184F82120A4F889
:101710001D30012395F82C2084F8201084F82C200B
:1017200085F863310BE030B10378012B03D117F852
:10173000253C002B48D129463046FFF779FC042090
:1017400003B0F0BD002003B0F0BDC3F30721237345
:101750001B0CE2736173A373C2F30723120C23748F
:10176000627495F8B030013BDBB2032B45D8264AB2
:10177000D35CA37495F89031013BDBB2032B3CD8CA
:10178000D35CE374EB7F637595F8C730A375AA7FCC
:10179000AB8BA4F8192095F8C6206384B5F8C43043
:1017A000A4F81B20A38495F8242095F8253084F80C
:1017B000262084F8273095F82620D5F8CC3084F8F8
:1017C000282023F07F4381E71623A7F11800104952
:1017D00085F806321DF024F84423E370ABE740F2AD
:1017E00039111A20F7F76AFBDC211A20F7F766FB9C
:1017F0004FF4A8711A20F7F761FBFFF70DFCF721F2
:101800001A20F7F75BFB00BFF8C103015917B7D1E6
:101810002D11010140F2BB21062008B5F7F74EFB60
:1018200040F2BB21062008B5F7F748FB2DE9F04F41
:101830008446884685B01146002A5CD040F2E242D8
:1018400002FB03F30F9A002A5CD040F2E9394FF40F
:101850007A720124CDF80CC0A3FB09790E9B88F89D
:101860000040A3FB02B61BF1FF3046F1FF353B18E9
:10187000A1FB077A019301FB09AA49EB05093B1873
:101880004AEB050A029307E098F800400134E4B2FD
:101890000F2C88F800405AD85A46334601984946DA
:1018A00017F054FF07460D465A46334602985146F4
:1018B00017F04CFF01384FEA85024FEA870361F1C8
:1018C000000142EA9772DB1945EB0205C018224677
:1018D0004FF0000341EB0501001941F1000117F041
:1018E00035FF0230FB28CFD8DDF80CC0ACF8000083
:1018F00005B0BDE8F08FACF8002088F8002005B0F6
:10190000BDE8F08F01F1FA00134AA2FB00200E9A05
:10191000541E1C44B4FBF2F401EBD012C009013A8E
:10192000B2FBF0F292B2FB2A28BFFB225318ACF8AC
:101930000020013BB3FBF2F39BB204FB03F30F2B3C
:1019400028BF0F2388F8003005B0BDE8F08F4FF4B2
:1019500082611120F7F7B2FABFBF8C822DE9F04106
:10196000847B002C7FD0424B002201461D689446A8
:10197000C2EBC20391F819808E7E00EB430318F08E
:10198000040F06F00407B3F815E0B3F817302AD1B6
:1019900018F0010F04D118F0020F44D1FFF73AFFFD
:1019A0005FFA8EFE77BBF70735D4C6F340060EF11B
:1019B0000E0EDBB276004FEACE0EF6B2002EEDD060
:1019C0009B003C33734401320E7C0E3103F5977358
:1019D000AB4238BF2B46A24206FB03CCC8D1ACF1C8
:1019E0009600BDE8F0815FFA8EFEDBB24FEA8E1EF4
:1019F0000EF5747E5FB9F70712D4C6F34006760081
:101A0000F6B2DBE70EF10E0EDBB24FEACE0E9B0113
:101A100003F57473D6E70EF10E0EDBB24FEACE0E6D
:101A2000DB007033CEE75FFA8EFE9FB9F70709D46B
:101A3000C6F340060EF10F0EDBB276004FEA8E0EB3
:101A4000F6B2BBE7DBB20EF10F0EDB004FEA8E0EF3
:101A50007033B7E7DBB20EF10F0E9B014FEA8E0E2B
:101A600003F57473AEE76FF09500BDE8F08100BF39
:101A7000DC0D00212DE9F843DDF8249099F8007081
:101A80001F2F4AD01E467B1C0446884689F800302A
:101A90001546FFF763FF089B98423CD8DDB1A37859
:101AA00040F2E241627842EA0322B4F8093001FBD5
:101AB00003F3E17842EA0142E17901FB03F3617B40
:101AC00089BB9B1A0344B8F80A204FF47A7101FBD2
:101AD00002F29A421FD31EB3637940F2E2412279A7
:101AE00042EA0322B4F8093001FB03F3A17942EA88
:101AF0000142217A01FB03F3617BB9B11A4402442C
:101B0000B8F80C304FF47A7101FB03F3934202D31F
:101B10003046BDE8F88389F800700020BDE8F883FE
:101B20000120BDE8F8831A441318CCE79B1A1A1851
:101B3000E6E700BF08B502F015F9BDE80840FFF779
:101B400099B800BF0020704710B5A02200210446BC
:101B500017F0EEFE02F00EF9002324622065C4F8AF
:101B60009C3010BD10B501F120000C461DF0DDFECB
:101B7000D0B92278D4F89C30012A01D0C3B910BD65
:101B8000002BFCD01A68092133F8610CC4F89C20A2
:101B9000F7F7DAFE20B9D4F89C30002BF2D110BD53
:101BA0004D211120F7F78AF942211120F7F786F924
:101BB00055211120F7F782F9054B984205D800F519
:101BC0003473044A0020136070471220704700BF2E
:101BD00000093D001400002110B5002382B0082246
:101BE0000446CDE900338DF8062003E0009B1B7D01
:101BF000A34208D06846F7F7CBFE0028F6D04FF690
:101C0000FF7002B010BDBDF8040002B010BD00BFEF
:101C1000D0F89C0050B16FF40473184490F8B831B8
:101C20008B4203D0D0F811020028F4D1704700BFD6
:101C300070B50468FCB115466FF405720E46144485
:101C400094F8B831AB4209D0D4F815429CB16FF486
:101C500005731C4494F8B831AB42F5D10821B4F8AF
:101C6000AE01F7F75BFE0028EED0037DB342EBD167
:101C7000B4F8B00170BD4FF6FF7070BD2DE9F04FA4
:101C800085B0002800F0E9816FF43B7805460F46E7
:101C90008044D8F81C618EB16FF4057E082176442B
:101CA000B6F8AE01F7F73AFE15F86D3C027D9A42A0
:101CB00000F02C81D6F81562002EEDD108210DF12F
:101CC0000A00F7F7B7FD0446002800F03681A0228D
:101CD000002117F02DFE04F1200602F04BF800233E
:101CE00020653046C4F89C30246208F0CFFD0921FD
:101CF00003A8BDF80AA0F7F79DFD8146002800F073
:101D00009181FFF7B7FAA9F8AEA1BDF80C30B8F889
:101D10000020A9F8B031A9F8B830A9F81030012393
:101D2000A9F8AC2189F8C831EFF3108172B66FF4CD
:101D3000E87209F21526AB181A68C9F815221E6058
:101D400029B962B6D8F81C61002E00F081816FF4C9
:101D500005731E4415F86DCC40F2E24284F814C0BD
:101D600035F8543C02FB03F3636015F856EC84F835
:101D700015E015F8559C84F8169015F8642C15F8A4
:101D8000651C15F8610C41EA022115F8632C02F07C
:101D90000F0241EA024115F8622C42EA002215F8CE
:101DA000600C00F00F0042EA004215F8680CA160D8
:101DB000C0F3C0102367E260E07515F86B4C14F0B7
:101DC000040F40F0428114F0010A04D1C4F340042E
:101DD00064005FFA84FA86F8B0A015F86A4C14F033
:101DE000040F40F02F8114F0010A04D1C4F3400421
:101DF00064005FFA84FA86F890A115F8664C15F82D
:101E000051BC04F00F0415F868AC00940AF00F0AF6
:101E100015F8524C44EA0B2415F84EBC019415F801
:101E20004F4C44EA0B2415F869BC4BEA0A2B15F811
:101E300067ACA6F81CB0DDF800B04AEA0B2ADDF862
:101E400004B0A6F8C4A015F850AC4BEA0A4AC6F88C
:101E5000A4A115F84DAC44EA0A4415F859ACC6F8EB
:101E6000A04115F85A4C15F84BBC44EA0A2415F861
:101E70004CAC4AEA0B2AA6F8B2A115F858AC44EAD1
:101E80000A44C6F89C4115F86C4C86F8B84115F820
:101E90005BAC86F82C0086F8B9A186F8D40015F85A
:101EA000570CC0F30300F07715F8570CC6F8CC2098
:101EB000C0F303107162B36286F8C700C6F8D03071
:101EC00035F85F3CB37735F85D3C86F8C99086F805
:101ED000C63086F821E098F89220B6F8AC3186F842
:101EE000C421D8F82820C6F8C021B8F82620A6F8C2
:101EF000BA21B6F8B021A7F803300423A7F80520CB
:101F000026223C7287F807C03A701FE0D0F89C3058
:101F1000044623B36FF4047C15F86C1C634493F8F7
:101F2000B8218A4209D0D3F81132C3B16FF40470DA
:101F3000034493F8B8218A42F5D107220021404694
:101F4000FFF7F8F90346002840F08B800022104686
:101F500063F3070062F30F2005B0BDE8F08F40F295
:101F6000E24235F8543C02FB03F362689A42E4D142
:101F7000627D15F8563C9A42DFD1A27D15F8553C9A
:101F80009A42DAD115F8682CE37DB3EBD21FD4D195
:101F900015F8642C15F8653C43EA022315F8632C08
:101FA00002F00F0243EA0243A2689A42C5D115F833
:101FB000612C15F8623C43EA022315F8602C02F00C
:101FC0000F0243EA0243E2689A42B6D1092103A80C
:101FD000B6F8AE91F7F72EFC06460028ADD0FFF715
:101FE00049F9A6F8AE91BDF80C30B8F80020A6F873
:101FF000B031A6F8B83033820123A6F8AC2186F8B8
:10200000C831EFF3108072B66FF4E87106F2152351
:102010006A181168C6F81512136000287FF49AAE8A
:1020200062B697E630461DF080FCF8B90821BDF88D
:102030000A00F7F789FC00283FF47FAFCB2111207D
:10204000F6F73CFF4FF0040AD5E64FF0040AC2E66B
:1020500040F231111120F6F731FFF8211120F6F787
:102060002DFF4FF4B1711120F6F728FFCA2111207E
:10207000F6F724FF01FB02F2009910B10B44981807
:102080007047CB1A98187047014B1860704700BF13
:10209000DC0D0021044B1B68002B18BF83420CBFD2
:1020A00001200020704700BFDC0D0021024B1868A2
:1020B000003818BF01207047DC0D0021A1F1030C8E
:1020C000BCF1010F38B5BDF81450BDF818402AD93D
:1020D00001291ED0022932D10F308000D91E0129DA
:1020E0001DD9012B23D0022B29D10F3292000DB321
:1020F00004B304994319481C124902334008096883
:1021000013448842234438BF0846984238BF1846D3
:1021100038BDD91E0E3001294FEAC000E1D8920126
:1021200002F57472E3E7800100F57470D6E70E32B1
:10213000D200DCE740F226211120F6F7BFFEFFF7C0
:1021400069FB00BFDC0D00212DE9F04F8FB00C467C
:1021500005460893037803920B708378427841799F
:1021600042EA0322037943EA0123C1786270E170F5
:1021700042EA0141120AA27082792371A27143EAF4
:1021800002421B0A637140F6C313994240F2CE80AB
:10219000964BA3FB013140F6C3139A424FEA9127B5
:1021A00000F2CA80039A089B9A4200F0F981002B42
:1021B00000F0D780687A002800F02D8313460122B2
:1021C000002B40F0D882D31CB3FBF2F303FB02F2E6
:1021D0000023A4F80920E97961F30703297A61F360
:1021E0000F23A97B60F3174361F31F63C4F80B301F
:1021F00093B248BB039890B1A07840F2E24766786A
:1022000046EA002690B207FB00F0E77846EA074668
:10221000B0FBF6F706FB170008B1012060730898C1
:1022200090B1667992B2207940EA062040F2E24607
:1022300006FB02F2A67940EA0640B2FBF0F600FB8C
:1022400016220AB101226273002900F0C38005F151
:10225000100704F111064FF000090DF1300A54E0A7
:1022600011F0010003D1C1F380018900C8B23072BE
:102270007979880758D411F0010003D1C1F38001A6
:102280008900C8B27072C9EBC90894F802C009F19C
:102290000109607804EB4808617B093740EA0C20AB
:1022A0000E360191E17840EA01400DF12F010090D6
:1022B0005046FFF7BBFABDF830209DF82F30A8F844
:1022C000152006F8043C60792179A37941EA0021C0
:1022D000B8F81320504641EA0341B4F809300091A0
:1022E000617B01910DF12F01FFF7A0FABDF83020BD
:1022F0009DF82F30A8F8172006F8033C5FFA89F301
:10230000AA7B9A4268D9B4F8093017F8012C06F86C
:10231000022C3A68326092B239798807A0D502203F
:10232000307279798807A6D50220ABE740F6C3134F
:1023300001279A427FF636AF2C4E0899A6FB02364B
:10234000039B8B424FEA962600F02B8151B1687AAD
:10235000002800F03782039B002B00F0B98332463F
:1023600007E00126687A002800F03581039B3A4691
:10237000CBB1BB1840F2E24C69894FF47A7E0CFB7A
:1023800003F30EFB01F1F2338B4208D3032A06D983
:102390005208BB180CFB03F3F2338B42F6D2089BB6
:1023A000002B40F0E981032A7FF60DAFA4F8092045
:1023B00093B2E979002261F30702297A61F30F22CF
:1023C000A97B60F3174261F31F62C4F80B20002958
:1023D0007FF43DAF0DF1300A002326780C93CAF844
:1023E000043008238DF8363007E000BF5917B7D105
:1023F0000C9B1B7DB34200F047815046F7F7C8FAAB
:102400000028F5D0A67B0027B94B40F201121B68CB
:10241000A4F80720002E00F09D80B4F8098040F257
:10242000E242C6EBC60602FB08F804EB4601434550
:1024300034BFA8EB0303002304932346DA7E0E3354
:10244000987B824238BF024699429A70F6D1204664
:10245000FFF784FA039BA3B1A278637843EA0223CF
:10246000E27843EA0243627B002A00F07C81434425
:1024700003446A894FF47A7101FB02F29A42C0F078
:102480006E81089BA3B16279237943EA0223A27982
:1024900043EA0243627B002A00F069814344184406
:1024A000AB894FF47A7202FB03F38342C0F0578189
:1024B00004F11003AA462E464FF0000998460793F0
:1024C0002346049D4446DDF820B09846B17B14F8BD
:1024D000010C002900F0BD8001EBC10133463144FD
:1024E00003E00933994200F0B480DA7B8242F8D1EC
:1024F0009AF816C09AF81700237B2178002B00F079
:10250000978098F80820B1FBF3FE01FB02F2013B33
:1025100003FB1E229042C0F28B805B46039A314639
:102520004046CDE90054FFF7A5FA09F1010998F8F2
:102530000E300E340AF1090A5FFA89F29342C5D8C7
:1025400035461E4640464446FFF708FA0590002EE1
:1025500040F07781607B00B340F2E243B4F8092099
:10256000A17803FB02F2637843EA0123E17843EAAE
:1025700001439A4203DD039B002B40F0F080237956
:102580006079A17943EA002343EA01439A4203DDDB
:10259000089B002B40F0E38000200FB0BDE8F08FD7
:1025A0000126314638461CF0D8FA0246687A0028DF
:1025B00039D1032A7FF607AEA4F80920EB79A97B6D
:1025C00063F307002B7A63F30F2093B261F31F606C
:1025D000C4F80B000EE6032F40F23181A4F8097015
:1025E000EB79A97B63F307002B7A039A63F30F203F
:1025F000BBB261F31F60C4F80B00002A3FF424AEA5
:10260000A2786078E67840EA022040F2E24240EAAE
:10261000064007FB02F2B2FBF0F600FB1622002A8E
:102620003FF412AE0EE6039B002B3FF4B8AEA0E6DB
:10263000E37A002B3FF479AF98F80720B1FBF3F071
:1026400001FB02F2013B03FB10239C45FFF66DAF3B
:1026500063E7002F00F04A82D7F89C3053B16FF443
:10266000047C634493F8B821824208D0D3F8113235
:10267000002BF4D140F2AD211120F6F71FFC93F8A6
:10268000D5C093F82D0037E7BDF834004FF6FF733F
:1026900098423FF4B7AE0821F7F740F9A67B07460A
:1026A00000283FF4B1AED0F89C30002B3FF4ACAE24
:1026B0006FF4047803EB080C9CF8B811002E7ED060
:1026C000C6EBC60004EB4000234602E00E339842FE
:1026D00010D0DA7B8A42F9D1DCF81132002B3FF4BA
:1026E00093AE6FF4047213F8591C03EB020CEBE782
:1026F00014000021721C3346D6B2C3EBC30304EBB3
:102700004303D9739CF8B9211A74BCF8C420A3F808
:102710001120BCF81C20A3F813209CF8C620A3F8B5
:1027200015209CF81E20A3F817209CF89021D11E9C
:10273000012998BF04225A769CF8B020D11E0129A5
:1027400098BF04229A769CF8C720DA769CF81F205E
:102750001A77A673DCF81132002BA9D154E61120A8
:102760000FB0BDE8F08FA8EB0303034481E6A8EBAC
:102770000308404494E61646931940F2E241032AC6
:1027800001FB03F394BF00270127F233A9894FF41B
:102790007A7C0CFB01F199423FF605AE002F3FF425
:1027A00002AE40F2E24702E0032A7FF60CAD520887
:1027B000B31807FB03F3F2338B42F5D2F3E501269E
:1027C00000239AE741F287339A4240F27E81A4F8CF
:1027D0000960EB79A97B63F307002B7A039A63F313
:1027E0000F20B3B261F31F60C4F80B008AB1A27866
:1027F0006078E77840EA022040F2E24240EA07408F
:1028000006FB02F2B2FBF0F700FB17220AB101222D
:102810006273324605E50422A0726272EB79A97BED
:1028200063F307002B7A63F30F20039B61F31F60B0
:10283000C4F80B00002B00F045811346DCE43A4657
:10284000C1E4C6EBC603099608EB430B29462346B1
:102850004FF0010AAE7B93F80FC0002E00F0098103
:1028600006EBC6062A462E4403E00932964200F0E3
:102870000081D07B6045F8D18A7D91F817E0029203
:10288000187F1A7C904237D2B0B394F808C0B2FBDC
:10289000F0F90CFB02F8013800FB1988C6452BDB68
:1028A000607940F2E24694F804E0B5F80C804EEA14
:1028B000002EB4F8090094F8069006FB00F04FF4DF
:1028C0007A764EEA094E94F80D9006FB08F80CF162
:1028D00001060CFB00000696B9F1000F00F0ED8038
:1028E0007044059E3044804506D3BCF1FF0F03D0F1
:1028F00006984FF0000A2072D87E824235D9A0B3E4
:1029000000F1FF3C029EB2FBF0FEE07900FB02F218
:102910000CFB1E22964228DB6678A27894F803E02E
:1029200046EA022840F2E246B4F80920B5F80AC0A7
:1029300006FB02F24FF47A7606FB0CFC48EA0E46E0
:1029400094F80DE000FB022200F10108BEF1000F37
:1029500000F0AF803244059E3244944505D3FF28F1
:1029600003D04FF0000A84F807800E3309319B45ED
:102970007FF470AFBAF1000F3FF468AF099ECDF855
:1029800008A0A2463346DDF820B02E46002B40D0EA
:10299000B146079C029D4FF00008B17B14F8010C72
:1029A000002947D001EBC1013346314402E009332D
:1029B00099423FD0DA7B8242F9D199F816C099F852
:1029C0001700237B217833B39AF80820B1FBF3FE7C
:1029D00001FB02F2013B03FB1E2290421BDB049A27
:1029E0005B463146504600920194039AFFF742F845
:1029F00080F001032B40DDB208F101089AF80E3097
:102A00000E3409F109095FFA88F29342C5D8002D06
:102A1000BCD054469EE5E37A002BEDD09AF807200F
:102A2000B1FBF3F001FB02F2013B03FB10239C45D9
:102A3000E2DBD4E7002F59D0D7F89C30002B3FF4CD
:102A400019AE6FF404710B4493F8B82182420BD095
:102A5000D3F81132002B3FF40DAE6FF404710B4428
:102A600093F8B8218242F3D193F8D5C093F82D00A2
:102A7000A7E7002F3AD0D7F89C20002A3FF4FAAD00
:102A80006FF40470024492F8B80160450BD0D2F89C
:102A90001122002A3FF4EEAD6FF40470024492F864
:102AA000B8016045F3D192F8D50092F82DE002907C
:102AB000E6E6921B059E32444FE7A0EB0E00059E12
:102AC000304410E71346FFF7ACBB3246FFF77BBB41
:102AD00041F2873740F6C413BA4206FB03F332468D
:102AE00003F1F20394BF002701274FE640F2AB2128
:102AF0001120F6F7E3F900BF8A7B5AB102EBC2025C
:102B00000A4401E0914205D0CB7B09318342F9D1DF
:102B1000012070470020704710B48C7B84B10023E3
:102B200002E00133A34208D091F80FC00E31844572
:102B3000F7D10120137010BC7047002010BC704703
:102B40002046F8E7D0F89C30D0F894000BB11A6812
:102B500002B170476FF4047253F8751C134493F874
:102B6000C720DB7F9A4238BF1A46012A134638BF76
:102B70000123B0FBF3F303F50D738B42E9D2013A65
:102B800001FB02F2904288BF801AE2E7FEF732B9F9
:102B900010B504460068072934D8DFE801F0102991
:102BA00004041C33162E002301780377C9B119469B
:102BB000203007F08DFF638F013B638710BD144BFE
:102BC0001B68BDE810409B681847114B1B68BDE8A7
:102BD00010401B6918470E4B1B68BDE810405B692D
:102BE0001847203007F090FF638F013B638710BDCB
:102BF00040F2C2514220F6F761F940F2C55142203D
:102C0000F6F75CF94FF4B9614220F6F757F900BFC7
:102C100030010021F8B5224D2B681C7834B15B6877
:102C200000205B08984228BF1846F8BD9A6E9E6F38
:102C3000B2EB060CDA6EDB6F62EB03031CEB0006F3
:102C400043F10003012E73F1000224DB4FF0FF3249
:102C5000B24274EB030319DB61B1642102243046F4
:102C600014F044FA2B6820445B685B08984228BF44
:102C70001846F8BD1AF0EEFB2B680746112493F8AE
:102C80008A0006F04DFA391889B2E8E740F2491196
:102C90004220F6F713F94FF4A4714220F6F70EF92B
:102CA000E00D002170B50D4686B0044614F03AFCE4
:102CB00095F8C7300021EA7FD5F89C6193420291D4
:102CC000009138BF1346274A8DF80800013B12686F
:102CD000059106FB03F3D2F89420934238BFD21A31
:102CE00002F58D73019304238DF809302378012BAD
:102CF000CDE9031123D0257F06FB05F52846FFF714
:102D000089FFA36E00F1C9025030ED18E36E43F164
:102D10000003AD1A63F10002019B049503EB40032D
:102D200005920193694604F12800236615F02EFCF4
:102D300098B112F035F915F00BFC06B070BD02F534
:102D4000D572019214F0ECFBD5F89C311818019B58
:102D500041F10001CDE90401E4E740F2F4514220E1
:102D6000F6F7ACF8E00D00214FF4DB71422008B516
:102D7000F6F7A4F8F8B50446000734D53A4F012316
:102D80000D46B8683B717B7190F8C831022B5AD060
:102D900014F0C6FBBE6842F2107C2A46B6F8BAE1CF
:102DA0000023EEFB0C231218386843EB0103C6E93D
:102DB000762303788BB9D0F89C30027F002B50D05B
:102DC00053F8793C2946D6F8985120305B1BD6F849
:102DD0009C5105FB02321CF0E8FC210603D4BB68C1
:102DE000012283F8C921E2061FD4A30600D4F8BD4E
:102DF0001D4CA36893F8C71003F5C070D3E9626552
:102E000002F040F82268A368117841B9D3E9620161
:102E100086428D4103D25068FDF724FFA368D3F8A2
:102E20007021013AC3F87021F8BD0F4DA868C17F29
:102E3000A03002F027F8AB680022196E83F8C92190
:102E400061B12A73D1E70323084900F2F31000F8B7
:102E50002B3C002343721BF0E3FC99E701232B7307
:102E6000C3E7FFF781FF00BFE00D00219D130101C3
:102E700040F2B341422008B5F6F720F838B50378A0
:102E8000044613BB056F14F0EDF9D4F89C30C3B1C0
:102E90006FF40472134493F8C821022A13D00CD99A
:102EA000032A14D184460C46E5FB02C4D3F8D8218A
:102EB0009445D3F8DC21944105D2D3F81132002B8C
:102EC000E6D1022038BD012038BD856FDBE740F236
:102ED0003B114220F5F7F2FF70B5D0F89C40054653
:102EE000FCB16FF404731C44D4E9782394F8C9E06E
:102EF00004F1B800023294F8C7C043F10001B2EB0C
:102F00000E0261F10001A2FB0C230CFB0133002B2C
:102F100001DA0022134613F0B9F9D4F81142002C5B
:102F2000DFD1002605F120042E7720461CF089FC15
:102F30002B7848B920461BB9BDE870401CF0BCBCDA
:102F4000BDE870401CF0A8BC012120462E771BB9BB
:102F5000BDE8704007F0D8BDBDE8704007F0B8BDCF
:102F6000FFF7BABF10B590F8901190F8C441CA1E8F
:102F700090F8C630D2B2ACB1012A3DD901294FD068
:102F8000022967D190F8B0100F33827FCC1E9B00CE
:102F9000012C3AD8B0F8B4019201184402F57472C9
:102FA000104410BD012A13D901293FD0022951D163
:102FB00090F8B0100B33827FCC1E9B00012C10D8F0
:102FC000B0F8B4019201184402F53472104410BDF7
:102FD0009B01827F90F8B01003F53473CC1E012C56
:102FE000EED901292FD0022934D1B0F8B4019200D2
:102FF00018442C32104410BD9B01827F90F8B01011
:1030000003F57473CC1E012CC4D9012914D00229F4
:1030100020D1B0F8B401920018443C32104410BDE5
:103020000E33827F90F8B010DB00EBE70A33827F2B
:1030300090F8B010DB00D1E7B0F8B401D20018442A
:103040007032104410BDB0F8B401D20018445032B0
:10305000104410BDFEF7E4FB784B84461A6898686C
:1030600070B5117E137F012966D0013390F8B91134
:10307000DBB299422DD8D0F8113243B313F8491C72
:103080006FF4047001291844A1F102043FD0012C0F
:10309000F1D813F8203C03F0FF01002BEBD1B2F97B
:1030A0005A30B2F85A40B0F9D221A0F8D2419B1A56
:1030B000D0F8E0219BB2D218D0F8E43143F10003FC
:1030C000C0F8E021C0F8E4318CF8001070BD002099
:1030D00070BDC17F49B1D0E92A54D0E97861AE42D0
:1030E000A14102D38CF8003070BD90F8C71031B107
:1030F000D0E96254D0E97861AE42A141F2D21178B0
:103100000129B8D190F8C9110029B4D1EAE71178A2
:103110000029B0D1B2F85A100225B0F8D441091BE9
:103120000904A8D4D0F8E01180F8C8510631A0F8FD
:10313000D241C0F8D411ACE70028C8D000244FF029
:10314000020ED0F8110230B36FF40475284490F8E1
:10315000C81101292FD002390129F2D890F8F111B4
:103160000029EED1002B51D0C17F002937D0D0F8F3
:10317000E051D0F8A860D0F8AC10B542D0F8E451D6
:1031800075EB01012BD390F8B9119942AAD8D0F868
:1031900011020028D8D1002C99D1D2F89C00002827
:1031A00095D06FF40471013301240844DBB290F828
:1031B000C8110129CFD111780029C2D1B0F8D4515A
:1031C000B2F85A10491B0E04BBD4D0F8E011A0F895
:1031D000D251063180F8C8E1C0F8D411BEE790F8AA
:1031E000C71059B1D0F8E051D0F88861D0F88C11EF
:1031F000B542D0F8E45175EB0101C4D21178012930
:103200009FD190F8C91100299BD1BCE7B2F85A4070
:10321000B0F9D211B2F95A20A0F8D241521AD0F81E
:10322000E01192B28918D0F8E42142F10002C0F80E
:10323000E011C0F8E4218CF8003070BDE00D0021F1
:103240002DE9F04FCD4D8FB0D5F80080A860D8F8AB
:103250009C3098F81C60002B00F0F581D0F89C2180
:10326000044653F8793C0F4602FB06F6D0F8982145
:10327000B61A1E44FFF776FE2B693044984202D9F5
:10328000002F00F05C8198F800302046002B00F001
:103290005B81FEF743F88046002800F0DB812B6855
:1032A00008F1950094F8CF211F7FD4F8E091013701
:1032B0001FFA89F3FFB2BA4205D194F8D011DAB2FD
:1032C000914200F09281009704F5E571D4F8BC2199
:1032D0001AF0A7FD824684F8CF7184F8D09184F863
:1032E000CE010D21B4F8AC01F6F718FB0746002813
:1032F00000F0318194F8900110F02EFD07EB4007AB
:1033000097F9193084F8913104F1A0012B68204617
:1033100004F1B80B1B7F009394F82130E27F01F099
:1033200005FD2B68287304F5C0711B7F20460093B0
:1033300094F8C77094F8C9303A4601F0F7FCD4F815
:10334000E011D4F8E4315846013143F10002A1FB09
:10335000071307FB02334A1E63F100031FF0DAF87C
:103360002F68D4F89C313A7FE17F03FB02F294F896
:10337000C730002900F0F280D4E92A1ED4E9780988
:10338000002B00F02381D4E962C3604579EB03038D
:10339000C0F03081884279EB0E0EC0F04281A0EB84
:1033A000010CBCF1FF0F00F250817B6803FB0C2C79
:1033B000CCF100030A9300230993D4F88831C01A92
:1033C000FF2800F24281D4F898313969A3EB010952
:1033D0007B68A9EB020903FB109900232979304689
:1033E0006B71FFF717FC2B680B901A78012AD3E951
:1033F0001A7100F0D680BF1941F100013F1A61F146
:103400000001B4F8B40108F1E808089111F01CF9C2
:103410002A683846099F127802970027059404F518
:10342000DE740A9B04940899CDF80CA0CDF80090A6
:103430000197CDE906B8FDF741FC044600287ED08F
:103440002B681B78012B00F0D380AF6897F8B00091
:1034500012F0BCFB97F8B010494A0B9B52F82120A0
:1034600048495B0002F2E732A1FB021203EB921320
:103470001844FDF7ADFC0DF13700FFF7EDFD0746F1
:1034800000285DD0D5F800A09DF83790DAF89C3080
:10349000002B00F0D88053F8792CD0F89C3103FB36
:1034A00009F8D0F89831A8EB03089044FFF75AFDCB
:1034B0002B694044984243D89AF8003038466F61EF
:1034C000002B00F0A580FDF729FF002800F0C28046
:1034D00009F10109A8EB060897F8CF2195305FFAAA
:1034E00089F6D7F8E091B2421FFA89F305D197F82F
:1034F000D011DAB2914200F0A380D7F8BC2107F5D1
:10350000E57100961AF08DFC87F8CF61064687F8C2
:10351000D09187F8CE012B681B78012B00F08780B3
:103520006421404613F0E2FD023031463B4680B252
:1035300007F5DE72A8EB0000FDF786FC00E0002432
:1035400020460FB0BDE8F08FFDF7DEFE8046002874
:103550007FF4A5AE61E098F97C30D3E6A3B1D4F84E
:10356000E0010A91D4E962C36045D4F8E4C17CEB80
:10357000030349D3022309931FE700BFE00D002195
:1035800028C40301D34D62100A930223796809937A
:103590003869D4F89831A3EB0009A9EB02098944F2
:1035A0001BE794F8902190372C4B41F10001BF1993
:1035B00033F812302A4A41F1000103F5FA73A2FBF5
:1035C00003239B09DF1941F100011AE7884279EBD7
:1035D0000E0ED9D3401AFF2837D8796800FB012096
:1035E00043420A9301230993D2E794F8CEA178E6E7
:1035F00038463EE7884279EB0E0EEBD202200023DC
:103600007968CDE90903C3E7022379680993BFE725
:10361000FDF77AFE00287FF45BAF8A214220F5F7A0
:103620004DFC4FF0020C0023CDE909C3C5E607F1BC
:10363000B80307F5DE7231464046FDF725FC7FE70B
:1036400097F8CE6167E7FFF78FFB40F2F311422056
:10365000F5F734FC93214220F5F730FC3CC403011C
:10366000D34D621082072DE9F0434C4D87B003D54E
:10367000AB683D2283F8F1212F68AE6897F81C8073
:1036800096F8B93108F1010295F80C909A425ED093
:10369000C30756D40DF11700FFF7DEFC9DF8173075
:1036A000044607F120003B771CF0CBF80746FCB13D
:1036B00080F00103DBB2A3B91AE0FDF7F7FA11F0CD
:1036C000DFFB00212046FFF7BBFD03460DF117008D
:1036D00073B9FFF7C1FC2B689DF8172004461A77D1
:1036E00030B16B69A342E8D16B79002BE9D1E4E7F3
:1036F000B9F1000F03D096F83930002B3AD09CB3C3
:1037000096F8B9C1424606F5C073D6E96089D6E994
:103710007801CDF808C096F8C7C0CDF804C096F877
:10372000C9C0CDF800C001F0D1FA10EB080206F1D3
:10373000B80049F1000312F0A9FD3FBB07B0BDE896
:10374000F083384607B0BDE8F043FFF7C5BB3B78D0
:10375000002B9DD196F86231002B99D1D6F87831A3
:103760000133C6F8783193E7286807B0BDE8F04325
:10377000FFF7B2BBD6E92823094906F13100C6E9B3
:1037800002231BF050F8002CBAD1EDE7214628683F
:1037900007B0BDE8F043FFF785BA00BFE00D002198
:1037A000211903012DE9F04300237B4ED0F89C4002
:1037B00083B033713060002C70D06FF404773C44D8
:1037C00094F8C831012BA3F1020260D0012A60D81D
:1037D00094F8F13103F0FF01002B5AD1B0F95A30BF
:1037E000B4F9D221D6F800909B1AD4F8E021B0F8B1
:1037F0005A509BB2A4F8D251D218D4F8E43143F114
:103800000003C4F8E021D9F89420C4F8E431D9F8D1
:103810009C303261002B00F0B9801D68002D5BD018
:1038200001278846022013F01FFE0221D9E9253521
:10383000ED1A854228BF0546402D38BF4025284651
:1038400013F03EFE002840F0938011F043F8FDF79E
:103850002DFA52495248FDF71FFAB8F1000F6ED108
:1038600000212046FFF7ECFC034635680DF1070008
:103870005BBBFFF7F1FB9DF8073004462B77002870
:10388000EED1284603B0BDE8F043FFF725BB03782F
:103890004BB1D4F81142002C8FD1306803B0BDE891
:1038A000F043FFF719BBB4F8D4210221B0F85A3025
:1038B0009B1A1D04EDD4D4F8E03184F8C811063306
:1038C000A4F8D221C4F8D43182E705F1200003B076
:1038D000BDE8F0431BF0DBBF6FF4047153F8750CC7
:1038E0000B4493F8C710DB7F8B4238BF0B46012B8C
:1038F00038BF0123B2FBF3F202F50D72824242D2CD
:1039000009F120001BF097FFD6F8009080460028B0
:103910003FD199F81C304BB909F120001BF091FF01
:1039200020B930681F4920301CF00DF8002710F036
:10393000D1FFFDF7BBF919491948FDF7ADF9012190
:103940002046FFF77DFC35680028BED10DF1070049
:10395000FFF782FB9DF8073001462B77002890D0B7
:10396000002F8ED1284603B0BDE8F043FFF79AB987
:1039700013F07CFC33692B443361D9F860302B445D
:10398000C9F8603061E70127A8464BE70127984650
:1039900048E72F4646E700BFE00D002165360101EC
:1039A000752D0101912B01012DE9F041037E0646A1
:1039B000002B5DD0D0F89C70002F00F0B4806FF425
:1039C000047100200F448446044605463B46DA7FD6
:1039D00093F8C7108A4238BF0A46624501D394461D
:1039E0001D4693F8B921824201D310461C46D3F8F4
:1039F00011321BB16FF404721344E8E7002D00F09C
:103A00009280002C00F093803378002B7AD12846E6
:103A1000FFF7A8FAD7F8982100F13903E87FD5F825
:103A20009811134495F8C720824238BF0246D5F852
:103A30009C01013AD2B200FB02335B1AC6F8943003
:103A40002046FFF78FFA94F8B931D6F89C20393028
:103A5000013BDBB252F8791CD4F89821801AD4F8D3
:103A60009C21084402FB0300C6F89800BDE8F081E1
:103A70009C301EF075FE00285DD06FF4047433781E
:103A800004192546002B3DD139272846FFF76AFA4D
:103A9000EA7F95F8C710C3198A4238BF0A46D6F89C
:103AA0009C10013AD2B259B351F8791C0B44D5F8A5
:103AB0009C1101FB0233D5F898219B1AC6F894306B
:103AC0003378002BBCD01E4B94F8902194F8B000B2
:103AD00033F8125012F082F807462046FFF742FAF8
:103AE00005F24952174B3A44A3FB023294F8B9311C
:103AF00000EB9210013BD6F89C20DBB2002AA9D142
:103B0000FFF732F90E4B95F8902195F8B00033F895
:103B1000128012F063F800F249570A4B4744A3FBA6
:103B20000737BF09B1E7EC214220F5F7C7F9ED21CE
:103B30004220F5F7C3F9C8214220F5F7BFF900BFCD
:103B40003CC40301D34D6210D0F89C302DE9F04FF6
:103B5000D1E9048983B0002B00F0D3806FF40474A2
:103B60000F4600210546234401268A461C46D3F809
:103B700098B194F8C831032B00F2CA80DFE803F053
:103B80001702501F94F8F131002B5AD094F8F131FC
:103B900003F0FF02002B7AD10323604904F2F310F3
:103BA00084F8C83184F8FC211AF03AFE0121D4F8D7
:103BB0001142002C4AD06FF404731C44D9E7D4E9B5
:103BC0007623904579EB030311D2D4F8A43018067C
:103BD00003F080020BD4D4F8843103F080031A433D
:103BE00005D1D4F8E42102F08002134361D094F8A7
:103BF000F131002B47D1082384F8C8A184F806329C
:103C00002B783BB904F2112105F19C001EF075FDE3
:103C1000002871D0424904F2FD101AF001FEC5E7F8
:103C2000D4F8D40194F8F131002BAFD1D4F8E031BD
:103C3000D4F8E421013342F10002834272F1000220
:103C400029D2D4F811420026002CB4D1BEB92B7869
:103C5000ABB9D5F89C30002B53D053F8793CBBEB73
:103C6000030B50D42B699B4541D23B6913EB0B03EB
:103C70003B617B6943F100037B61002933D130460E
:103C800003B0BDE8F08F94F8F131DBB2B4E72B78E4
:103C9000A3B1002381E72B78E3B100231F4904F28D
:103CA000F31084F8C8313E2384F8FC311AF0B8FDD3
:103CB0007CE794F8F131002B99D1C2E704F211218D
:103CC00005F19C0001921EF018FD019A0028E0D138
:103CD000FFF7CEF804F2112105F19C001EF00DFD56
:103CE0000028DAD1F4E72846FFF75EFEC7E740F286
:103CF00087514220F5F7E2F840F2C5414220F5F73E
:103D0000DDF8FFF731F840F286514220F5F7D6F89A
:103D100040F276514220F5F7D1F800BF9D13010122
:103D20002D110101D0F89C300BB11A680AB10020A6
:103D300070476FF40471D0F8942053F8750C0B445D
:103D400093F8C710DB7F8B4238BF0B46012B38BF7F
:103D50000123B2FBF3F303F50D7383422CBF002064
:103D600001207047014B024A1A6070473001002160
:103D7000803D0101014B1868704700BF30010021F0
:103D8000452B01017D2E0101A5370101612F0101A4
:103D90008D2B010125560201493B01012DE9F04F10
:103DA00004691746D1F8982183B0C56E9846A41AC5
:103DB000826E9DF830308346A4188946009345F101
:103DC000000513F0ADFB0E46A04276EB050171D263
:103DD00001901BF0D9FD9034019A00F18A006FF038
:103DE000004145F10005A41A65EB0605201A65F1AE
:103DF0000005884275F1000157DAFC694FF0000AAE
:103E000084427AEB05013EDBD44654465146B7F86E
:103E10008670009B3944212BA8F800100AD0B0F519
:103E2000FA7F75F1000105DADBF80410091808467D
:103E300045F10005DBF81070D9F89811C91B11F194
:103E400029074FEAE17141F10001BA1846EB01067A
:103E500012EB0C0244EB0604121845EB0404012893
:103E6000C9F8E82175F10003C9F8EC4102DA009BBA
:103E7000212B24D16FF07F43984275F100050FDAB2
:103E800003B0BDE8F08FB0FBF4F189B2A1FB04CE22
:103E9000B0EB0C0C604665EB0E05A1FB04C4B6E765
:103EA00040F2C4411320F5F709F840F28D41132088
:103EB000F5F704F840F28A411320F4F7FFFF40F2CF
:103EC000C2411320F4F7FAFF2DE9F84F446894F843
:103ED0008D601EB101263046BDE8F88F05460F46BD
:103EE00004F0FEFAC90711D41A271F2384F81271AF
:103EF00084F81331322384F88D3028461AF089FE75
:103F000000233046A4F8A432BDE8F88F04F52079E8
:103F1000384649461AF055FBB4F88680E76904F044
:103F2000E9FA94F88232022B00F2F480002B00F0C0
:103F3000F480C0431842C2B240F0FA8094F8833251
:103F4000022B40F2F180042B40F0E7801A4240F04F
:103F5000EF8094F8851201F0C003C02B00F0E880D8
:103F600094F8892294F8883243EA022394F88A224A
:103F700002F00F0243EA0243FE2B04D894F8962283
:103F8000120740F0CA8094F88C0294F88B2242EA1F
:103F9000002294F88D0200F00F0042EA0042FE2A4F
:103FA00004D894F896020F2800F2B780B4F88E0275
:103FB000002840F0BF8094F896C21CF00F0F40F02C
:103FC000AC80B4F890C2BCF1000F40F0B78094F818
:103FD00096E2BEF10F0F00F2A08094F892E20EF18B
:103FE000FF3ABAF11E0F00F2988094F894B2BEF135
:103FF000010F94F893A24AEA0B2A94F895B24AEA80
:104000000B4A03D0BAF5C87FC0F08780B4F899B2E4
:1040100040F2E24E0EFB0BFEF2457EDA94F897A2D8
:10402000BAF1000F79D094F898A2BAF1000F74D0C9
:10403000ABF1040A40F67C4B1FFA8AFADA456CD8D9
:1040400011F0800F36D194F896A21AF00F0F16D007
:10405000BEFBF3FB03FB1BE3002B5ED101F00F0162
:1040600094F8843243EA01230AF00F010344013B30
:1040700093FBF0F39BB20BFB03F38B424DD8BAF1E9
:104080000F0F17D9BEFBF2F102FB11E2002A44D157
:1040900094F8872294F8863202F00F0243EA022352
:1040A0006344013B93FBFCF39BB201FB03F3B3EBD3
:1040B0001A1F32D894F89C2294F89B3243EA0223C8
:1040C00094F89D2243EA0243B3F5FA7F25D39F4239
:1040D00023D994F89F1294F89E2242EA012294F880
:1040E000A01242EA0142934217D8B4F8A132A3EBDE
:1040F00008031BB2002BB8BF5B429BB2B3F5804FE5
:104100000BD22A23104904F2ED2084F88D301AF0E6
:104110008AFBF2E6042B3FF40CAF1E27484623220D
:10412000002115F005FCE0E6002B7FF40FAFF4E76B
:104130002027F3E7FB287FF644AFEEE7BCF1FB0F47
:104140007FF64BAFE9E700BF7D1C0101FDF7F2B838
:104150004B682DE9F043D3F81C5183B025B940F2E8
:1041600017211320F4F7AAFE0C460746082135F85C
:10417000670CF5F7D3FBD4F8049055F8753CD9F8E3
:104180001C60013E9E4228BF1E4619F063F9636819
:10419000804693F87F0004F0C3FF636808EB0001DA
:1041A000D86989B212F0A2FF044609F13C001AF066
:1041B000A0FB0346C6F30F2238461C4455F8713C59
:1041C000694611346400B44228BF34469C4238BF6B
:1041D0001C46009B64F31703009335F8633C8DF88D
:1041E0000360ADF80420ADF806301AF060FA09203B
:1041F00003B0BDE8F08300BF0B465A6800B5B2F8C3
:104200003A3183B092F83C215BBA01A98DF80620BF
:10421000ADF804301AF0ADFA042003B05DF804FBE9
:10422000202901D002207047F0B5456883B00446CC
:1042300095F88D302C2B07D1D5F81C613EB940F292
:104240003F211320F4F73AFE022003B0F0BD08210D
:1042500036F8670C0192F5F761FB2046002485F8DB
:104260008D40A5F8CC401AF0E5FC019A06F8192C0F
:104270000AB106F84D4CA6F1220002491AF0D0FA14
:104280000020E2E79D13010190F88D302A2B00D029
:10429000704790F8F532002BFAD190F8AE32002B2F
:1042A000F6D1C2690139B0F8A432B0F8CEC11144D8
:1042B0006344B1FBF2F19BB28B42A0F8A432E7D386
:1042C000024900F2A6201AF0AEBA00BFAD150101F6
:1042D00008B5436893F88D202B2A06D12C210022A3
:1042E00083F88D10A3F8CC2008BD40F26E21132076
:1042F000F4F7E4FD08B50A794979FDF799FC4FF622
:10430000FF73984200D108BD0921F5F707FB18B1EA
:10431000162380F8F13108BD4FF41F711320F4F714
:10432000CDFD00BFD0F8843270B5002B4AD013F811
:10433000512C6FF406710446022A03EB010507D0E5
:104340001B68C4F8843203B170BD84F8883270BD34
:104350000821B5F8AE01F5F7E1FAB4F88630B5F802
:10436000B2216FF0004CE6696FF0020ED21A13B260
:1043700042F3C031A3FB063206FB0122D5F8A81197
:104380005B184FF0000142F1000213EB0C0C42F1FC
:104390000002E64591411AD3002B0BDB0622D4F82C
:1043A0008432C5F8D421002BCAD140F29B311320AE
:1043B000F4F784FD4168CA1A013AB2FBF1F292B2F5
:1043C0000632ECE740F293311320F4F777FD4FF417
:1043D00049711320F4F772FD2DE9F04F45688BB059
:1043E000044695F88D302C2B03D002200BB0BDE88D
:1043F000F08F084606A91AF0A2F9D5F81C81B8F189
:10440000000F04D14FF46D711320F4F757FD08210C
:1044100038F8670CF5F782FAB5F88630BDF8251044
:104420006FF40576EA8CCB1A08EB0607064642F2D3
:1044300010701BB200FB02F2002BC6F88420B8BF3C
:104440005B429BB2B3F5804F80F08C80BDF820308A
:104450009DF81F00BDF822C040EA03209DF82430DB
:104460004CEA0342079BDDF818C0C3F31703C7F8F3
:10447000BCC196F817C03061C7F8A831A7F8B211CF
:10448000B3687168C7F89821727D00906046FDF7A7
:10449000F1FDD6F810C07861F368B27D7168F07DE7
:1044A000CDF800C0FDF7E6FDC7F8BC0097F82C007A
:1044B000D7F89831727D716800284FD0B0681844E1
:1044C00001FB0201B5F88600BDF82520D5F81CC017
:1044D000121A0798D5F86CA20FFA82F9C0F3170EDA
:1044E00042F3C030D5F86822A9FB0C9BB96119EBE7
:1044F0000E090CFB00BB31696FF07F404BF1000BE4
:104500009B1804924AF1000C13EB0903A94A4BEBE8
:104510000C0C5B1AC7F8E8316CF1000319EB0000D2
:10452000C7F8EC314FF000034BF10001824273EB0E
:10453000010121D285F88D302046A5F8CC301AF043
:1045400079FB202300229C49A8F1220087F8FC3146
:1045500087F8C8211AF064F9002047E7013A01FB07
:104560000231AFE70023204685F88D30A5F8CC3026
:104570001AF060FB1E23E5E728881DF0C2F8E0B1C1
:1045800097F8B030022B00F0E28000F2DA80012BC5
:1045900040F00C8100F10A0197F89031022B00F0F5
:1045A000CE8000F2C780012B40F000810A300B89D9
:1045B000A7F8B631C388A7F8B431BBF1000F0DDA04
:1045C00071680023C7F8E431A1EB0903013BB3FB99
:1045D000F1F398B201FB0099C7F8E00106F1200B56
:1045E00058461BF0C1F8D6F89CE00146002878D068
:1045F000BEF1000F00F0CB80D7F898016FF4047281
:104600005EF8793C0EEB020C98425ED9434643F8C3
:1046100004EDC6F89C3030460591FFF7C5F9D6F891
:104620009C30002B00F0B88053F8790CD7F8983103
:104630000599A0EB030CE14573D24FF00008B1B12E
:10464000584600211BF049F906F1280014F010F833
:10465000002800F0A6800021049A53465846CDE970
:104660000111716801FB1891009106F0A9F9B6F8E3
:104670005A3001339844A7F8D481337E012B73D08C
:10468000D6F89C30002B7DD06FF404729A181B680A
:10469000002B72D053F8791CD2F89831D2F89C21B3
:1046A0005B1A93424FF0000354D3204685F88D30B7
:1046B000A5F8CC301AF0BEFA4EE753F8791C6FF427
:1046C000047E88429E4404D8F446DCF81132002B64
:1046D000F3D1A8F1040148F8043CCCF811120021F0
:1046E00099E743460590304643F804EDC6F89C3000
:1046F0000126FFF759F90599A7F8D4615846049A9D
:104700005346CDF800900491CDE9011106F058F917
:104710000499204685F88D10A5F8CC101AF08AFA75
:104720001AE7A3EB00087368C844B8FBF3F81FFA54
:1047300088F884E7033B012B38D81E3037E7143064
:1047400035E7033B012B31D800F11E0124E700F1CE
:10475000140121E701222046327685F88D30A5F834
:10476000CC301AF067FAF7E60023204685F88D3042
:10477000A5F8CC301AF05EFAEEE640F20E311320C6
:10478000F4F79CFB40F20B311320F4F797FB40F257
:10479000D1211320F4F792FB4FF44D711320F4F75D
:1047A0008DFB40F21A411320F4F788FBDC21B42082
:1047B000F4F784FBFF8693049D13010103460A4628
:1047C000F0B583B05F68104601A919F0D9FFD7F89A
:1047D0001C4174B19DF805509DF804606FF4057399
:1047E0001C4494F8B831AB4206D0D4F81542002CE2
:1047F000F4D1002003B0F0BD0821B4F8AE01F5F704
:104800008DF8037DB342F0D19DF8063084F8F13184
:1048100097F83631002BECD097F83A219DF8053007
:104820009A42E6D197F83B219DF804309A42E0D1B4
:1048300097F81631222BDCD0002387F83631D8E7E1
:10484000704700BFD0F89C308BB190F82F2003F850
:10485000242CFF2103F8231C1B6843B190F82F2060
:1048600003F8242C03F8231C1B68002BF6D1704797
:104870002DE9F0434F688DB0D7F88442002C00F04A
:10488000D6806FF406738046082134F86B0C1C4404
:10489000F5F744F80546002800F0C48097F89230F8
:1048A00084F8C431BB6AC4F8C031FB8CA4F8BA31B7
:1048B000FFF77AF8D4F8A461002E00F0A080D4F8B5
:1048C000A0710DF10C09B4F8B2C194F89001002266
:1048D00094F8B010C31ECDF81120CDF81520CDF8F6
:1048E0001920012BCDF81D201346ADF8212098BFCB
:1048F000042095F814E06EF3070394F8B8E16EF322
:104900000F2360F31743C81E012898BF042161F3E9
:104910001F630393BDF81030B4F8C410E87D61F351
:104920000B03A968C003ADF81030C1F31301A38BCA
:10493000C3F30B0340EA034E0498EB686FF3DB30DC
:1049400041EA0361C3F30B234EEA0000049005988B
:1049500000F4700001430591BDF818106FF30B01CE
:104960000B43ADF8183094F8C630ADF81A30A37F79
:10497000ADF81C3094F8B931012B8DF81E3003D0FE
:10498000D4F89C2122F07F428DF81F20C2F3072328
:10499000120C40468DF8203049468DF8212094F8BD
:1049A000C730E27F03F00F0343EA0213224A8DF877
:1049B0002230B5F81530ADF823306B688DF82760DC
:1049C000A2FB03238DF82A709B0AADF82DC0ADF829
:1049D0002530C6F30723C6F307468DF82830C7F302
:1049E0000723C7F307478DF829608DF82B308DF822
:1049F0002C7019F081FD24200DB0BDE8F0831F2339
:104A00000DF10C093A462146009328464B46FFF724
:104A1000C5F9BDF80CC006460746A4F8B2C1C4E902
:104A2000680052E740F2D2411320F4F747FA4FF4FE
:104A30009A611320F4F742FA5917B7D108B54368C1
:104A400093F88C201AB92D2283F88C2008BD40F2EF
:104A500009511320F4F732FA10B5446882B094F883
:104A60008C302D2B02D0022002B010BD08466946C2
:104A700019F02FFEBDF80630B4F88610D4F8842261
:104A80005B1A1BB2002BB8BF5B429BB2B3F5804FE1
:104A900038D2002A3FD012F8293C03F0FF01E3B1DD
:104AA00000203223202184F88C30002384F8151153
:104AB000A4F8C63012F8291CD4F8843299B14421E4
:104AC00084F81411CBB11B68C4F88432EBB11623FF
:104AD00002F8283C002002B010BD2E23A4F8C61016
:104AE00084F88C30F6E784F8140133B11B68C4F8FD
:104AF00084326BB102F8280CECE740F2A5111320C8
:104B0000F4F7DCF93AB11E20CBE784F88832DEE70F
:104B100084F88832EEE740F237511320F4F7CEF9EB
:104B200008B50022D0F8843280F88C2080F8CA20A2
:104B30006BB11A68C0F884221AB11A2203F8282C23
:104B400008BD80F888221A2203F8282C08BD40F2FC
:104B50005E511320F4F7B2F92DE9F041D1F8048049
:104B600086B0D8F88442002C5FD06FF406730746F5
:104B7000082134F86B0C1C44F4F7D0FE05460028DD
:104B80004ED0D4F8A8618EB3B4F8B2C10DF10808C4
:104B9000D4F898212B6994F82C00D11AE8B1A161BE
:104BA0003846D4F8BC11C3F30F24ADF81220C2F379
:104BB0000742029141468DF81420039AADF815C0C2
:104BC00066F31702ADF8104003928DF80F3019F01C
:104BD00091FD102006B0BDE8F081D5F80CE06868C2
:104BE000B0FBFEF001380EFB1011D8E7424621233E
:104BF0000DF10808214600934346FFF7CFF8B5F8BA
:104C00005A30BDF808C0002201330646C4F8A80196
:104C1000A4F8D2310023A4F8B2C1C4E97823B7E7DD
:104C200040F26A511320F4F749F94FF4AD611320B3
:104C3000F4F744F9426808B592F88C302E2B1CD159
:104C40000021D2F8843282F88C1082F8CA107BB12D
:104C500013F8512C6FF40671012A0B4400D008BDE3
:104C60004FF0FF310222C3F8D41183F8C82108BDE8
:104C700040F291511320F4F721F940F28A511320A8
:104C8000F4F71CF91F29034610B50FD00220D3F802
:104C90008412B1B10C68C3F8844214B101F8282C15
:104CA00010BD83F8884201F8282C10BD90F88C10B4
:104CB0002D29EBD10021084683F88C1083F8CA1007
:104CC000E5E74FF4B8611320F4F7F8F8F0B59DF874
:104CD00014C09D681CF1FF3CDE6864EB04041CEB0F
:104CE000050C46EB040E60459DF8184071EB0E076D
:104CF0009DF81C6017D3B4B184457EEB010E10D330
:104D0000A4FB05511B685B1BB6FBF4F1DBB2013C55
:104D1000E41A04FB1166F6B2B24234BF002001204F
:104D2000F0BD0120F0BD0020F0BD00BF2DE9F04F27
:104D300087B09DF84040002A77D05D1E90F8B9C139
:104D4000D0E9786E0095D1E90050BCFBF2FA0290F0
:104D500002F1FF30039060EB00000190002C3ED088
:104D60000098D1E902B31BEB00090198049343EBCF
:104D70000000ABFB02834746DDF8108002FB0838D9
:104D8000EB1B0597571EDBB2864508BF4E45A7EBC8
:104D9000030303FB1AC3DBB247D19C4241D1013567
:104DA000029B43F10007059B0D609A184F6048F184
:104DB00000039F4208BF954252D0059BED1A039B0A
:104DC000EDB2A3EB050808FB1ACC5FFA8CF3601C6C
:104DD000C01AB0FA80F0400907B0BDE8F08FF31AAE
:104DE0006EF10000002837DB0133029F40F1000024
:104DF000A3FB02B902FB00995D4577EB090718D3C5
:104E0000D1E90230009913EB0109A3FB0232019AA8
:104E100040EB0200EB1A039ADBB2D31A03FB1AC36E
:104E2000DBB2864508BF4E45D1D0002007B0BDE8B3
:104E3000F08F009D039AC1E90230C1E900B913EB7C
:104E40000509019B02FB1AC240EB0300D3B2864561
:104E500008BF4E45E9D1BAE74FF0FF331846C3E724
:104E60001BF101020498039B40F10000009D03FB2D
:104E70001AC312EB0509DBB2C1E90220019A40EB2B
:104E80000200CEE730B5D0E9002483680132C5685E
:104E900044F10004013345F10005A1FB03EC01FBE3
:104EA00005C18C4208BF7245C0E9002408BFC0E9B3
:104EB000023530BD10B5044615F044FF08B9002096
:104EC00010BDE04315F03EFF0028F8D0E31683EA5A
:104ED000A4635A1E1A42F2D0E3B25A1E13405A1E5D
:104EE0001342ECD0A0B219F01FFE0B28E7D82046E1
:104EF00019F016FE1828E2D8A3B2B3EB144F04D170
:104F000084EA142313F0FF1FD9D0044B6340581ECA
:104F10001840003818BF0120D2E700BFD6BE898EE6
:104F2000F0B5070C164BA7F5AA4203EA9023543AB2
:104F3000012A20D927F4004042F6AA22801A18BF7D
:104F40000120002216211F24164687EA060562EA80
:104F50000505013511D0DD0301394FEA5303ADB228
:104F600045EA56064FEAC4354FEA5404ADB245EA65
:104F70005202EAD1F0BD0020E3E70020FAE700BFCB
:104F8000E0FF3F002DE9F34780462327214DE94606
:104F900004F056FC030400EA05044CBF44F4080482
:104FA00044F441042046FFF785FF60B3002120460A
:104FB00015F0E9FE38BB0A23A6B2C9E900008DF856
:104FC00006304846F4F7E4FCA8B10026F1B22046CA
:104FD00015F0B3FF8246FFF76DFFA0B100215046E8
:104FE00015F0D1FE78B90136F3B29845EED22046DD
:104FF00002B0BDE8F087009BB3F8A000704019F044
:1050000065FD0128DDD8013FC2D140F29F210F206C
:10501000F3F754FFFFFF36FDF8B50D46074640F69F
:105020007A4CBDF81860A81FBDF81C1080B260450E
:1050300015D8941FA4B264458CBF0020012087B905
:10504000194C247984B188B96FF45067EC19062C97
:1050500004D86FF450641419062C07D9F8BD002049
:10506000EDE797F87D40EDE70028F7D0954218D896
:1050700003FB0111B1F5FA7F13DCA6F10A0340F638
:1050800076409BB283420CD8104615F09EFF42F248
:10509000107341435E43B6EB410F8CBF01200020EB
:1050A000DCE70020DAE700BFF80D0021F7B50025A6
:1050B00006462C463278ABB29A4207D8104B0020F5
:1050C000B3F854201444A3F854400FE006EB8507CE
:1050D0006946B7F8010018F062FC70B90199B7F899
:1050E0000330B1F8A420934202D9122003B0F0BDDE
:1050F000D21A23449CB2A1F8A4200135DAE700BFFC
:10510000F80D0021F0B502780346DFF894C001F1F4
:1051100008060A700025427840F2712E4A708278A3
:105120008A70D0F80320C1F80320B0F80720A1F856
:105130000720427A4A7294079CF8200001F1220469
:1051400081F8490002F0010048BF0130520744BF16
:105150000130C0B2EAB2904207D89CF8393081F8E9
:105160004830002381F84A30F0BD03EB05120135C9
:1051700057890EFB07F746F8047F97890EFB07F760
:10518000F760D78924F8027F178AE780578AA781BA
:10519000978A6782D78A2783128BE283DAE700BF78
:1051A000F80D0021F7B5002304460E461746CDE959
:1051B00000336846F4F7ECFB08B1002016E0009DD0
:1051C000A542F6D03046EB1C15F0DFFE3946AA7832
:1051D00018F095FB0028ECD005F10A036A7A04F177
:1051E0000A01607A18F08BFB0028E2D003B0F0BD12
:1051F000054A516A02F11D03127F11F8030BC0F337
:10520000801018F07CBB00BF4C1300212DE9F74340
:105210000F460F21804616461D46F4F77FFB0446D5
:10522000002841D06946404618F0B9FB20B140F251
:10523000B5513920F3F742FE2B229DF8001001985A
:1052400004F0A4FA90BBDDF8048098F8E3309B07E3
:105250002ED528461BF029FA04F15B01A8B1154BA5
:105260001B6813B940F2C951E3E72A463046984714
:1052700040B9A4F85860A4F85B7084F85A50FF2332
:1052800088F8353103B0BDE8F0830B4BD3F80090BC
:10529000B9F1000F02D140F2CF51CAE72B4604F119
:1052A0007D023046C847E3E70220EBE74520E9E707
:1052B0001A20E7E7480100215001002101281ED8EB
:1052C000022B0DD1A2F57A700F4B984219D8A1F597
:1052D0007A70984215D88A428CBF122000207047FD
:1052E0000A4882420DD8012B0CBF40F2527340F69F
:1052F000C3139A4205D9A1F6C410054BE9E7122061
:1053000070473020704700BFA7F970028FFD700210
:10531000CBF370020138C0B2032808B504D940F2BB
:1053200087310620F3F7CAFD014B185C08BD00BFAA
:10533000FCC103010138C0B2032808B504D940F20A
:1053400087310620F3F7BAFD014B185C08BD00BF9A
:1053500054C203010138C0B2032808B504D940F291
:1053600087310620F3F7AAFD014B185C08BD00BF8A
:1053700030C3030107B50E4AB2F85430ABB1013B5C
:105380006946A2F8543018F00AFB20B140F25D7172
:105390003920F3F793FD019A0120B2F8A4300133CC
:1053A000A2F8A43003B05DF804FB1846FAE700BF8A
:1053B000F80D002110B504460A48F8F7BDFD0A496A
:1053C0002046FAF743F82046F8F750FC38B120465B
:1053D000F8F792FC2046F8F7A5FD002010BD12203A
:1053E000FCE700BF140E00211C0E00212DE9F04F38
:1053F0009A4685B0754B04460DF10809744F18683C
:1054000088461B791646029089F8043097F8563082
:1054100013B1484603F092FE6E4D0021204618F06D
:105420001DFBAB68A4F80080E36396F84A2006EB06
:105430004202B2F82AB0584615F0C7FD01466FF493
:10544000506000238344BBF1060F6BD9908C4FF062
:10545000961284F87E302387626340F2E24215F0B0
:10546000B4FD05F085FC40F2E2430146A4F8DC31CE
:105470002046E161C4F8D8111BF089F9834603F096
:105480002FF88306297C53BF1B236B88AA881A46F2
:10549000A4F86630504BA4F868201B6884F84410C8
:1054A000A4F846B01BB194F97C10404698473B796C
:1054B000003B18BF012384F87D30484B1B6813B1B3
:1054C00047492088984701236386464B1B6813B1E0
:1054D000454920889847454B1B6813B144492088AB
:1054E0009847444B1B680BB120889847424B1B6878
:1054F0000BB120889847AB8804F114006A8869785A
:105500000333033201919BB2297892B2009104F1E6
:105510001801F4F787FA636973B941F21D21392044
:10552000F3F7CCFC4FF04D1223870123626384F81C
:105530007E304FF47A7399E7A36913B941F21E21C3
:10554000EDE715F0DAFC2062BAF1000F04D004F0A8
:1055500077F920F07F40A06296F84A302046E9684B
:1055600006EB4306338EA384F38EE3841BF00CF921
:10557000494604F1950018F0AFFB97F8563013B97F
:10558000FF2384F83532BB6D23B1012204F59171FC
:10559000204698471949204618F017FB04F050F9A7
:1055A0000C230121B0FBF3F202FB1300C0B2431D38
:1055B000DBB2082B9CBF0D30C3B2204684F8A1306B
:1055C00018F04CFA05B0BDE8F08F00BFB4CD030170
:1055D000F80D00218C1200215C0100214C010021FA
:1055E000000E002170010021320E00216001002117
:1055F0003C0E00216401002168010021A612002157
:10560000034B044A1A60044B044A1A60704700BFF7
:1056100038010021ADA801013C0100213D1102012A
:10562000014B024A1A60704740010021AD17020188
:1056300010B503210020F4F771F9044670B9032175
:10564000F4F730F9044620B940F29F313920F3F7DE
:1056500035FC034B93F95C101AF078FC204610BD22
:10566000F80D00212DE9F04F87B0074688460088E5
:1056700004A918F094F9064600287CD1059D95F8F8
:105680006F31002B6DD0B8F1020918BF4FF001093E
:1056900095F88D30232B95F8E13043EAD3030CBF06
:1056A00089F0010A4FF0000AD90702D4BAF1000FBD
:1056B00063D0B8789DF8104008B902F01BFF8DF850
:1056C0000B00F87808B902F015FF2E4B8DF80C008E
:1056D000D3F800B0BBF1000F0BD00AF00103204655
:1056E0000DF10B022946009303ABD847044600286E
:1056F0003AD19DF80B20B2B39DF80C309BB31646FF
:1057000095F87D2032B1B20703F0020337D5B3B369
:1057100002231E46FF2285F82D21B9F1000F28D162
:1057200095F82C2102F0FF041ABB85F82C8103A9FF
:1057300085F82E61284685F82F31BB88A5F83031D1
:10574000BA78ADF80E308DF80C20FA788DF80D206F
:1057500018F03BFA002385F82D31204607B0BDE84C
:10576000F08F814694E70924BAF1000FF5D00023A9
:10577000C6E73A24EEE70446EFE71A24EDE70924EA
:10578000EBE700BF6C010021024B987FC04300F0A3
:10579000010070478C12002110B518F0AFF8214CB1
:1057A00003F00CFA02F0B4FE19F01BF804F09EFFAF
:1057B00003F0E4FC0EF01AFB012002F04DFE002184
:1057C000194B1A4A19601A4BA4F854101A601B227C
:1057D00059839A80F922998399771976154B2283F8
:1057E0005868154A1B8922601422E06104F12400E4
:1057F000A176A180A175238414F09AF8012342F2C6
:10580000107204F13A0084F8243084F83930C4E985
:105810000A221BF042FF04F14400BDE810401BF0D7
:1058200061BF00BFF80D00213401002103021B00FD
:105830008C120021FCC103011B004801044B41F6FE
:105840004C521B215A611974C3E90222FFF7A4BF0D
:105850008C12002173B5344D0446AB68C363334BDF
:105860001B79003B18BF012380F87D30304BC361AA
:105870001AF052F9064602F033FE8306297C53BF24
:105880001B236B88AA881A46A4F86630294BA4F813
:1058900068201B6884F84410A4F846601BB194F992
:1058A0007C1020889847244B1B6813B1234920881B
:1058B00098472349204618F088F901236386214B35
:1058C0001B6813B10021208898471F4B1B6813B138
:1058D0000021208898471D4B1B680BB120889847F2
:1058E0001B4B1B680BB120889847AB8804F1140050
:1058F0006A8869780333033201919BB2297892B2A6
:10590000009104F11801F4F78DF8636923B940F2AE
:1059100013713920F3F7D2FAA36913B940F2147165
:10592000F7E7002002B070BD8C120021F80D0021B5
:1059300000093D005C0100214C010021000E002106
:10594000A6120021700100216001002164010021E4
:10595000680100212DE9F34104460E461AF037FB99
:10596000002800F0B08020461AF0C7FB30B1B6F82E
:105970000130013B7F2B01D9122004E020461AF0B0
:10598000C0FB18B90C2002B0BDE8F08120461AF027
:105990007AF90028F6D120461AF0C2FA0746002804
:1059A000F0D1204607F024FD0028E5D042F2107324
:1059B000B6F80180F178204603FB08F81AF084FB62
:1059C00004213078F3F7AAFF054606213078F3F773
:1059D000A5FF2DB140B141F67D413920F3F76EFAB4
:1059E00008B3054690F8E570384E3368DBB14035B2
:1059F000284619F004FFB0B1284619F0B5FE90B959
:105A00003FB1334B28461B68984760B141F691413E
:105A1000E3E730493A46336828464969984710B168
:105A200041F69641D9E720461AF05BFB014640B9A2
:105A30004246204605F05AFE002842D041F69F41DA
:105A4000CBE720461AF059FB40B902210DF10600C0
:105A5000F3F7F0FE054658B90D2094E720461AF0FA
:105A60005FFB0028F1D11C4B1B79002BEDD183E7A4
:105A7000002117F0AAFFBDF80630204629462B80EA
:105A80001AF06CFB20461AF04BFB88B9216A2046BD
:105A90001AF050FB01462846FFF7DCFE4246294635
:105AA000204605F023FE024620B141F6C24194E7AC
:105AB0000121F0E7084B9B6D1BB105F5917128465C
:105AC000984700205FE742205DE700BF38010021D2
:105AD000540100218C120021F80D002108B5037833
:105AE000032B0ED803F0FD03012B074B06D1074A09
:105AF00007481A6003F066FD002008BD002018600A
:105B0000F8E71120F9E700BF34010021AD50010191
:105B100075530101074B02889B889A4208D3B0F85D
:105B200003309AB222B1044A0020A2F854307047E0
:105B3000112070478C120021F80D0021024B1B68C8
:105B400003B118470C20704734010021014B93F931
:105B50005C007047F80D0021B0F9002011B292B23C
:105B6000F8B502F5A0639BB2B3F5206F37D8B0F952
:105B700002301DB29BB203F5A06080B2B0F5206F79
:105B80002DD802F2F64040F2BE5480B2A04228D88E
:105B900003F2F64080B2A04223D800294FF00A0455
:105BA000C4BF093211B2002DC8BF093391FBF4F410
:105BB000C8BF1DB20EF022F90A2367B2064695FB54
:105BC000F3F1384649B20EF00BF9074B1B6813B1DD
:105BD000A01B40B208B90020F8BD9847FBE7302071
:105BE000FAE71120F8E700BF58010021034B5A885B
:105BF00002801B7883700020704700BF8C12002148
:105C00007FB5837806461A2B08D8042B04D9334A6B
:105C100022FA03F3DB0705D412251AE0292B01D061
:105C20003B2BF9D13088B0F5706FF5D2694617F08B
:105C3000B6FE88B9019B93F8202102F0FF05C2B996
:105C4000B27883F82121FF2283F82021684615F0DD
:105C500052FC284604B070BD09213088F3F75EFE7F
:105C60000446002837D002A9B0F8AC0117F097FE1F
:105C700008B10C25EDE70821B4F8AE01F3F74EFEAC
:105C800020B940F676213920F3F718F903781BB9CB
:105C900094F8C831032BECD1039B93F83621002AEA
:105CA000E7D194F8F02102F0FF05002AE1D1B4F821
:105CB000B021A3F8382194F8B82183F83A21027D65
:105CC00083F83B21B27883F83C2184F8F021FF224D
:105CD00083F83621BDE70225BBE700BF200038046A
:105CE00038B50278447802F0010302F0020254EA67
:105CF000030101D1112038BDBAB98578002DF9D042
:105D0000002B18BF002400E01D46204615F0BBF90B
:105D10000028EFD0284615F0B6F90028EAD0054B48
:105D200000209C76DD769883E5E7002BECD00024FC
:105D30002546EAE78C12002113B50088694615F064
:105D400088F9E8B1019890F832311BB13A24204625
:105D500002B010BD90F8DA3003F0FF04002BF5D14B
:105D600090F8D1309B0706D1FF2380F83231684686
:105D700015F0C1FBEBE70349D23018F05AFDE6E716
:105D80000224E4E7C9F202012DE9F84F0378044642
:105D9000032B03D912252846BDE8F88F4378032B3F
:105DA000F8D8437E8578002B50D1012DF2D102F036
:105DB000A1FB854340F09D8094F8029019F0010505
:105DC00006D001232269A168E078FFF777FA05463B
:105DD00019F0020F07D002232269A168E078FFF7CB
:105DE0006DFA2843C5B219F0040F00F0868094F8CC
:105DF00003B00423D4F808A0226958465146FFF79F
:105E00005DFA284310F0FF05C5D1B9F1050F0ED199
:105E100094F804900423E16862694846FFF74EFA5B
:105E200005460028B7D1CB4563D18A4561D1237E91
:105E3000013B062BAED801210020F3F76FFD05468C
:105E400090B940F674613920F3F738F8072DA1D8DE
:105E5000A90706D5022D9DD1294B5B79002BA6D130
:105E600098E7002D96D0A2E7A830F9F7E9FA18B123
:105E700095F854309A073ED1657EE278003DA178CE
:105E8000A06818BF0125012AB4F800E014BFB2FAD7
:105E900082F2022294F818C018BF5209CB071FD50E
:105EA0004B0726690BD56769F319984207D2430857
:105EB0009E4228BF1E46831B9F4228BF1F46104B91
:105EC00083F82150002519775A77A3F81EE083F84C
:105ED00020C083F82410C3E90A06C3E90C875AE7F7
:105EE000022902D1D4F81080E9E74B0748BF27699F
:105EF000E5E711254FE70C254DE7002D97D04AE740
:105F0000F80D00212DE9F041054688B0002002F08F
:105F1000A3FA2B78AC788DF804306B7804F0010686
:105F20008DF806408DF80530630748BF013602F052
:105F3000E1FA844349D10DF1060102AA05F10308F3
:105F400040F2712E10468C46E3B29E4219D8214B86
:105F500093F8200093F839308DF81C00A8788DF85C
:105F60001D3030F0050332D110F0050F2FD01A4C40
:105F7000D8B2864217D801A8FFF706FF08B0BDE8DF
:105F8000F08104EB8403013418F803702B440CF8FF
:105F9000017F9F88DB880EFB07F70EFB03F340F8B9
:105FA000047F8360D0E711F8010F01280FD8D06873
:105FB000A0F6C410A04206D852F8040F0133A0F690
:105FC000C410A042D4D93020D8E71120D6E712203F
:105FD000D4E700BFF80D0021CBF3700200B589B003
:105FE000437940F271218DF8043083798DF80530C2
:105FF00001238DF8063003788DF80730B0F80130B2
:106000004B430393B0F803204A430D4991F8201005
:106010000592A2F6C4128DF81C1000218DF81D10F7
:1060200008498A4209D8A3F6C4138B4205D801A8AF
:10603000FFF7AAFE09B05DF804FB3020FAE700BFC5
:10604000F80D00213C369C002DE9FF410646007802
:10605000012813D17378012B03D9022B0CD1B388FB
:1060600053B17288B2B1B388A3B10A214A434FF445
:10607000A0614B439A420DDB12247AE00028FBD149
:106080000121F3F74BFC0546002840F08E8040F6D6
:10609000CE7107E001210020F3F740FC054620B94E
:1060A00040F673713920F2F709FFB388002B76D1DF
:1060B000F7F778FC002874D195F81431002B72D1D1
:1060C0002846FFF777F904460028D5D10121DFF8EB
:1060D00028810846F3F722FC98F83810074619B1D2
:1060E00010B940F68F71DDE798F81C200023CDE948
:1060F000023312F001031CBFD8F82C0002905207A3
:1061000041BF04AA02EB8303D8F8342043F8082CDB
:10611000002941D097F81431002B3DD07388DBBBA8
:1061200098F81C303846009302ABD8F8282098F82D
:106130001E10F7F757FE78B33846F9F72DFA07F136
:106140004003064605F14002683753F8041BBB4282
:1061500042F8041BF9D12846FFF72CF9024610B18A
:1061600040F6B6719EE70C2E07D101462846F9F796
:1061700023FF204604B0BDE8F08116B140F6BF71A0
:1061800090E798F81D302846296D43F0040385F800
:106190005430F9F7DFFEECE7B2887188E6E71124A6
:1061A000E7E73A24E5E70C24E3E7F9F73FF904468B
:1061B0000028DED195F8543095F8A62022B195F844
:1061C000A720134385F8A600053B012BD1D82B6DE2
:1061D00013B940F6DE7165E701210846F3F79EFB2F
:1061E00029464FF4C072064613F00CFC0423316DAF
:1061F000304686F85430CCE7F80D00212DE9F04FF9
:10620000457A8BB00446A90706D46A070AD112243E
:1062100020460BB0BDE8F08FAB4B1B7913B945F0AE
:1062200001054572072DF2D802F064F935EA000045
:1062300040F08E8094F8483053B9012DE7D1A3691E
:10624000A24AA3F25373934200F25381012602E063
:1062500015F00106F3D1AB0745BF731CB1464FF0F3
:10626000FF09DEB26F070AD5B31D994A54F82330EF
:10627000A3F6C413934200F23C810136F6B204F156
:10628000080704F122054FF000085FFA88F39E42E8
:106290002BD823789A1E022A5AD9012BB7D813B9C2
:1062A000A378012BB3D86378032BB0D894F8493086
:1062B000013B062BABD8844F01210020F3F72EFBC6
:1062C00097F838300546002B5BD101210846F3F7DB
:1062D00025FB002818BF054605F1A800F9F7B0F81E
:1062E0000646002867D00C2492E7994532D0D7F8AB
:1062F00004A03B6953458AD86A8B2B8C9A4286D876
:106300000120B5F814B06988EB892A89CDE900B07D
:106310000020CDE90213FEF77FFE002800F0E9809F
:10632000B8F1000F28D02888029988427FF46FAF17
:10633000E98891427FF46BAFAA89039B9A427FF46C
:1063400066AF6B8A5B457FF462AF3B689A4513D0BA
:1063500011245DE7012E0FD13A695E49A2F57A73E7
:106360008B4200F2C6807B68A3F57A70884200F207
:10637000C0809A423FF64BAF08F10108043702355E
:1063800083E7A830F9F75CF800289ED06FF000434F
:10639000D5E92A129A4208BFB1F1FF3F95D1637A3D
:1063A0002846009304F11803E2686178F7F71AFDB4
:1063B0000646002889D02846F7F7FAFA08B13A24A9
:1063C00026E72846F7F7EEFA0028F8D1BB7E53B946
:1063D00005AF05937B6006238DF81A303846F3F736
:1063E000D7FA002865D000210DF11200F3F722FA48
:1063F000074600287BD001232246BDF81210FEF785
:10640000F5FF384609F014FB1EB961782846F7F706
:106410006FFC04F10309A278217828464B46F7F770
:10642000FFFB002861D016B92846F7F765FC4B46FC
:10643000A27821782846F7F795FC94F80980B8F1FE
:10644000020F05D002F056F808EA000808F0050827
:1064500041462846F7F7BAFB16B9042385F85430AD
:106460002F654A46A07814F090FD01462846F7F7BC
:1064700095FC237883B301212846F7F7ABFC012173
:106480002846F7F7ABFC002E35D004212846F7F755
:10649000F7FB002840F082800C2400213888F3F7B5
:1064A00053FA00283FF4B4AE41F2EF413920F2F73D
:1064B00005FD059B93F8CD20802A8FD093F8E53019
:1064C000002B8BD00FE700BFF80D00213CF67002C7
:1064D000CBF37002A7F970024A46A1783846FEF75E
:1064E00061FE0028C7D00B24D7E71224D5E70D247E
:1064F0008EE630248CE6637AE16813F001028DF8B1
:106500001460069104D0A069079001208DF8140052
:106510009E070DD5022B09D1901D54F8200008903C
:106520009DF8140040F002008DF814000132D2B240
:1065300058071BD59DF81400063203F0050354F8E4
:10654000222040F00400052B09928DF814000DD193
:1065500007981318994209D24B08834228BF034673
:106560000793CB1A934294BF0993099205A9284631
:10657000F8F76CFF94F848102846003918BF01213D
:10658000F7F74AFB94F849102846F7F71BFB284613
:10659000F7F7C8FC39462846F9F7DCFC002437E653
:1065A00010B5437994B0032B57D823F00203027936
:1065B00040F271218DF80630D0F806308DF80420B5
:1065C000CDF807304389027BADF80B3001238DF8FD
:1065D00005208DF80D3003884B43049342884A43CD
:1065E0000792A2F6C412847B417B41EA0421ADF8F4
:1065F0002810047CC17B41EA0421ADF82E10847C74
:10660000417C41EA0421ADF83410047DC17C41EAAB
:106610000421ADF83A10417D847D41EA0421ADF8B2
:106620004010C17D007E41EA00210E48ADF84610C1
:1066300000218DF84C108DF84E100B4990F8200079
:106640008A428DF84D000AD8A3F6C4138B4206D8AF
:1066500001A8FFF7D3FD14B010BD1220FBE73020D6
:10666000F9E700BFF80D00213C369C0030B5044628
:1066700095B0002001F0F0FE01A92046FEF742FD92
:10668000054601F037FF9DF80D4034EA000002D0C6
:10669000112015B030BD14F0050F1CD0072C1AD8EE
:1066A00001F028FF8443F3D103AB0C49E2B29542D9
:1066B00003D801A8FFF7A2FDEBE71A69A2F6C412FE
:1066C0008A4206D853F8042F0134A2F6C4128A4233
:1066D000ECD93020DDE71220DBE700BFCBF37002FE
:1066E00073B506230025CDE900558DF806306846C0
:1066F000F3F74EF908B1002610E0009D95F8CD3073
:10670000802BF4D095F8E560002EF0D095F831316B
:10671000002BECD195F8CC30002BE8D101210020E2
:10672000F3F7FCF8044620B941F222513920F2F780
:10673000C5FBA830F8F784FE224B93F8383073B3CA
:10674000E0B194F85430053B012B17D82046F8F7F8
:1067500023FF054610B141F22D51E7E72046F7F738
:106760002DF994F854302A46294623F00403204694
:1067700084F85430F9F720FC00250DE0012108468B
:10678000F3F7CCF8044610B941F23951CEE7A830FE
:10679000F8F756FE60B90C25284602B070BD28B93E
:1067A000002EF8D0FF2385F8CC30E5E7002EF9D194
:1067B0002046F8F7F1FE05460028EDD12046F7F710
:1067C000FDF8E9E7F80D0021F7B5067804460F4615
:1067D000EF2E03D91226304603B0F0BD90F9012008
:1067E0004378002AF6DB82789207F3D113F0100089
:1067F00048D19D0603F0030241D5002AEAD11907CA
:106800004FD503F06702012AE4D1627A013A062AE1
:10681000E0D8A27A032ADDD813F0040102D1023AAB
:10682000012A03D8E27A012AD4D811B9A27C032A1A
:10683000D0D8227D002847D0012ACBD1237E012B3E
:10684000C8D8002850D06378D90703D501F0FAFCE6
:10685000002850D06378227D03F01803082B5AD10A
:10686000022A48D103213046F3F758F8054600289C
:1068700057D019F008FA00285FD00C26ABE7032A9E
:10688000BDD1A7E713F0600FA4D103F00702052ADA
:1068900005D003F00F010D22CA40D2079AD51D077B
:1068A000B3D42179E278E57942EA0122617942EABA
:1068B0000142A17941EA0521257A41EA05418A424E
:1068C00088D81F2AA1D885E7022A04D103F06F03D4
:1068D000092B7FF47FAFA37D013B022B3FF67AAFFC
:1068E000E37D0F2BAAD975E701F004FE820707D4D8
:1068F000237D022B01D111266DE7A37D022BFAD057
:1069000001F0F8FD43079ED4237D032BF3D0A37D34
:10691000032B98D1EFE7022AA4D0237F002BA1D02C
:10692000E9E703213046F2F7BDFF0546002843D0D2
:10693000224B93F95C1019F009FB002130461AF044
:10694000B0F828BB284619F0C9FB21463870E0741E
:10695000284606F0ADFDE37E0646002B3FF43BAF34
:1069600000287FF438AF0246E96C6846F3F73AF93D
:106970003246E86C012114F0C2F8E96C6846042242
:10698000F3F730F932463146E86C14F0B8F822E7F4
:10699000403018F034FF0028D4D0637813F0330F60
:1069A0007FF418AFA67D2846296A19F0C3FBFEF7CD
:1069B000B1FC8642C6D060E707260CE7F80D00213F
:1069C00030B502798BB00346042A4FD84088B0F521
:1069D000804F4BD8264900241144ADF800408DF873
:1069E00008408A7C4D7B42F010028DF8244042EA38
:1069F0004502CD7D097F42EA850242EAC10269462D
:106A000002F01F028DF80020BDF80020ADF809202B
:106A10001A888DF80E00000A8DF80B20120A8DF8E6
:106A20000D408DF80C208DF80F008DF810405A7B2A
:106A3000D3F807008DF811205A79059002A88DF837
:106A400012209A798DF81320B3F80B209B7BADF8B8
:106A500018208DF81A307F238DF81B304FF001136A
:106A6000CDE90734FFF7B0FE0BB030BD1220FBE7D5
:106A7000FCC10301F7B5B0F801200546B0F80330BA
:106A80009A4202D9122003B0F0BD052AFAD9052B8B
:106A9000F8D9B0F80530002B40F09D800321007834
:106AA000F2F73CFF0646002800F0978019F01DFB26
:106AB0000028E7D1304619F033FB0028E2D13046F8
:106AC00019F00FFB0028DDD1304619F012FB01460A
:106AD0000028D7D1287819F0E4FF0446002850D1C7
:106AE00006212878F2F71AFF0746002850D1BCB9D2
:106AF00006202F7813F03EFF00285DD0062138468F
:106B0000F2F7D0FE002857D080F8E5400446374B16
:106B1000214638461B68984706F12803C4F8B03070
:106B2000E28D94F8300094F834104FF6FF7301F0C2
:106B3000FF07002955D19A4247D000280CBF2327D0
:106B40003B27A06814F06DF8B5F80320014640F229
:106B5000E240737942432046009719F0EDFF002888
:106B60003DD004F14001284614F03DFB73793046D6
:106B7000237419F0B3FA0146204619F0EFFF002004
:106B800081E7403018F0F0FD0028A9D00C207AE70A
:106B900090F8E53043B10146287819F0E1FF134B36
:106BA000394628781B68984706F12803C7F8B030A3
:106BB000002387F8E5309AE704213846F2F772FEA1
:106BC00004460028A3D107205DE794F83530002B58
:106BD00018BF0927B5E7112055E7422053E74520A4
:106BE00051E79A42A9D10927ABE700BF3C01002138
:106BF0002DE9F743074603214078F2F78FFE05465B
:106C0000002800F0BA8004217878F2F787FE044665
:106C100006217878F2F782FE06462CB1C8B141F61B
:106C20003B613920F2F74AF918B90C2003B0BDE8EE
:106C3000F083044690F8E5803B7804F1400913F0B6
:106C4000010F484600F08C8018F08EFD18B100202E
:106C5000ECE78046F0E7284619F047FA0028E4D12F
:106C6000284619F05DFA0028DFD1284619F039FAD4
:106C70000028DAD1284619F03CFA0028D5D13B7813
:106C8000C3F34003A373B8F1000F26D06B794846D5
:106C9000627B237495F846301B0963F30712627315
:106CA00003F0E4FD002E43D114F027F9206002F038
:106CB000C7FD20F07F406060284618F0E4FF002800
:106CC000C5D0B8F1000F3FD02F4B48461B689847FE
:106CD0000028BCD041F68A61A3E7A06813F079FFD1
:106CE0000028A2D1E28D94F8300094F834104FF6C9
:106CF000FF7301F0FF07002941D19A4212D000280A
:106D00000CBF23273B27A06813F08BFF6B7901464C
:106D100000972046D4F8982019F00EFF0028B5D12E
:106D2000452083E794F83530002B18BF0927EAE7A0
:106D3000B8F1000FB8D014F0E0F8144BC6F8B80062
:106D40001B7E86F8CB30AFE7114B42464846596967
:106D500003F0ACFD00283FF47AAF41F68F6160E7A5
:106D6000B8F1000F04D003B0BDE8F04319F0FABE4B
:106D700003B0BDE8F04318F0D8BD422056E79A4270
:106D8000BDD10927BFE700BF54010021F80D002144
:106D90008C1200210378072B73B5044600F29E8005
:106DA00013F0010307D142780F2A00F2998082780C
:106DB000012A00F29580B4F80920B2F5FA7F80F03C
:106DC0008F80B4F80B2043F6F6710A3A92B28A42E9
:106DD00000F28680627B1F2A00F2828002F0170296
:106DE000172A03D10C24204602B070BD6D464BB962
:106DF0000193009305238DF806302846F2F7C8FD6D
:106E0000002849D028460521F2F714FD0546002840
:106E100068D0354B0146BDF8000005F150061B68EF
:106E20009847BDF8003030462B812378C3F34003E8
:106E300083F00103EB742378C3F380032B7563782D
:106E4000AB72A378EB722378C3F30003AB75637B5B
:106E50002B76D4F80330EB60B4F807302B82A27A9B
:106E6000637A43EA022342F21072A5F8B030B4F814
:106E70000B305343C5F8B43003F008FD2846F7F74C
:106E8000A7F8044610B3304618F04FFDA0B142F207
:106E9000D3113920F2F712F800986378827A9A4277
:106EA000ABD100F10C01E31CA278C07A16F027FDEB
:106EB0000028A2D00B2496E70521BDF80000F2F7C8
:106EC00043FD00288ED042F2D411E2E7074B1B6845
:106ED000002B88D0BDF80000984784E7112482E792
:106EE000122480E707247EE74001002144010021AD
:106EF000014914F077B800BF000E00210278034664
:106F000072B1427862B142881A2A09D982881A2A53
:106F100006D90068034A106000209B889380704760
:106F2000122070478C12002102680020014B9A60E9
:106F3000704700BF8C12002102680020014BDA600C
:106F4000704700BF8C1200210378A3F10A02112AB6
:106F50009BBF024A00201220137470478C1200213C
:106F60000378FF2B15D14378FF2B12D18378FF2BA9
:106F70000FD1C378FF2B0CD1037923F0E0021F2A35
:106F800007D11F2B05D05B09034A002082F820306F
:106F900070471220704700BFF80D00210378012BC5
:106FA0009DBF03F00103034A0020122098BF82F81E
:106FB00039307047F80D002102680020014B5A61FA
:106FC000704700BF8C120021014B187600207047DB
:106FD000F80D0021014B587600207047F80D002174
:106FE0002DE9F04F04468BB000780591FAF7F4FDD7
:106FF000A37B08210393F2F791FC0646002843D0B7
:10700000D0F89C60002E3FD06FF404724FF000085F
:107010004FF00E09B71846460DF12602214697F8A3
:10702000B801FBF779FDA8B9039D0135EBB20393D5
:1070300097F8C730002B18BF46F00106FB7F002BE6
:1070400018BF48F00108D7F81172F7B16FF4047354
:107050001F44E1E79DF8263009FB0342B2F81120F6
:1070600052B109FB0343B3F81330002BEBD197F86F
:107070003030002BE7D003E097F8D820002AF0D07A
:107080000C200BB0BDE8F08FB046039B1F2B01D93D
:107090001220F6E72378EF2BFAD8B4F8093040F63F
:1070A0007C420493043B9BB29342F1D894F80EE0E7
:1070B00000230E21DAB2964536D876B1A2786378ED
:1070C00043EA0223E27843EA02439D4A03F18073D4
:1070D000FF3B23F07F439342DAD8B8F1000F0ED084
:1070E0006279237943EA0223A27943EA0243944A6C
:1070F00003F18073FF3B23F07F439342C8D8E379C9
:10710000002BC5D0237A002BC2D0E37A072BBFD83F
:10711000237B012B02D9BEF1010FB9D8637B022B6F
:10712000069311D11120ACE701FB03420133B2F801
:107130001100B2F81320002818BF46F00106002AFB
:1071400018BF48F00108B5E7A2D804F10F03A04624
:1071500026464FF0000907935FFA89F2964508D852
:1071600001F0C8F9039B06460E2B40F29B800920D4
:1071700087E7F17BEF298BD80023D8B2904205D066
:107180000E20079D5843285C884281D00133D8B235
:107190008645F2D896F810A00AF1FF331E2B3FF671
:1071A00077AF0E2101FB0941B1F81120B2F5805FE4
:1071B000BFF46EAFB1F81330B3F5805FBFF468AFC2
:1071C000B1F81500FB283FF663AFB1F81710FB29A3
:1071D0003FF65EAF96F81BC0BCF10F0F3FF658AFFD
:1071E000377F0F2F3FF654AF52EA030B9AD050EA85
:1071F000010B97D0BCF1000F04D1002F92D052EABE
:10720000000B0BD0002A8DD000288BD0BCF1000FD2
:1072100088D043EA010B5BEA070B07D0002B81D033
:1072200000293FF47FAF002F3FF47CAFBC45E3461D
:1072300038BFBB46DA45FFF475AF069D75BBB8B1E4
:10724000024494F802B094F801A0013A049D4AEA7D
:107250000B2A94F803B0B2FBF0F240F2E2404AEAA3
:107260000B4A6843B0FBFAF0424362453FF610AF69
:10727000A1B10B4440F2E2426079013BB3FBF1F370
:1072800004994A43217941EA0021A07941EA004169
:10729000B2FBF1F25343BB423FF6FAAE09F10109EA
:1072A0000E3659E70EF05AFF05460FF0DFF994F855
:1072B0000EE000214FF00E0CCBB29E4513D840F2E9
:1072C000E243B4F809500027E07A5D4301F028FF5B
:1072D0000146BA462846B9460FF008FF4FF0960817
:1072E0003D46039052E098F819200F46002A3FF4DB
:1072F00019AF531E13427FF415AF98F81A30002BC4
:107300003FF410AF03F1FF3919EA030F7FF40AAF1E
:1073100016423FF407AF1E423FF404AF0CFB01439B
:10732000B3F8113083423FF6FDAE0CFB0743013149
:1073300008F10E08B3F81330AB42BDD9F2E600BF36
:1073400000FF0F000E23039901375E4306F10F0281
:1073500022441046049213F099FF8346FAF79AFEEE
:1073600000283FF495AE049A00212644D9441046E3
:1073700013F08CFF0BF19602121A904538BF90461D
:10738000327C924502FB0B5538BF9246A37BFEB27E
:10739000B342D7D82078FAF71FFC0821F2F7BEFADB
:1073A00050B3D0F89C603EB36FF4047B0DF126021D
:1073B00021465E4496F8B801FBF7AEFBC8B90399C5
:1073C0000490304613F07AFF049B07463046194676
:1073D00013F074FFB6F8B631B9443B441B1A984514
:1073E00038BF984696F8B9319A4503FB075538BF20
:1073F0009A46D6F81162D6E7237B012B08BF0AFB19
:1074000009F5B8F5FA7F38BF05F5AF75FAF74EFE06
:1074100038B9B4F8093040F2E2425343AB42FFF4CA
:1074200081AE2078FAF7D8FB0821ADF82400F2F7F6
:1074300075FA054640BB082109A8F2F7FBF9054695
:1074400000B30027FAF780FB05F1200003F00EFAE5
:1074500095F89060002E7FF413AE09204FF00E0ACD
:1074600013F088FA94F80E808146A27BF3B29A4218
:107470000CD8C14580F0E08027B90821BDF8240070
:10748000F2F762FA0720FCE50127E1E70AFB034374
:107490002846D97BFAF7BCFB18B108F1FF385FFA30
:1074A00088F80136E1E709FB074A28469AF80F10E9
:1074B000FAF7AEFB0646002840F0A58009210DF141
:1074C0002600F2F7B7F9064620B942F69321392093
:1074D000F1F7F4FCF9F7CEFEBDF82430A6F8AE3192
:1074E000BDF826B0A6F8B0B19AF80F30A6F8B8B03B
:1074F00086F8B831D5F89C30A6F810B006F21126FF
:107500003360C5F89C60059B08F1010803EB470751
:10751000A7F802B0A67B5FFA88F7BE42C3D8012362
:107520002B7023782B75A3786278217942EA0322A5
:10753000E37842EA0342637941EA0321A379AA602E
:1075400041EA0341E960E3796B75237AAB75637BAC
:10755000002B14BF01200020E87517D10E2740F240
:10756000E24CD8B2864211D907FB0340B0F81100B3
:10757000002866D0B4F809000CFB00F0B0FBF2FE66
:1075800002FB1E0000285CD00123EB75B4F8093023
:1075900040F2E2424FF000080E275343A5F87C204A
:1075A000AB676B60237B2B76A37B5FFA88F6B342D5
:1075B00058D8AE6FE07A01F0B3FD014630460FF0C7
:1075C00095FD2B7E0746D5F89C60002B40F0D080BF
:1075D000002E00F099806FF4047906EB09081E462E
:1075E0003946404613F06AFE98F8B931C8F89C0154
:1075F00000FB0366D8F81132002B00F085806FF491
:1076000004789844ECE7D0F81132B0F8B0B10393A5
:10761000F9F730FEBDF82420039BA6F8AE21A6F8AA
:10762000B0B19AF80F20C6F8113286F8B821A6F842
:10763000B8B0A6F810B066E74FF000084FF00E099A
:1076400068E707FB0340B0F8130048B1B4F809003D
:107650000CFB00F0B0FBF1FE01FB1E00002893D1F3
:1076600001337EE707FB0646284608F10108F17B57
:10767000FAF7CEFA014610B942F6EC2127E7337C3F
:1076800080F8B931B27C737C43EA0223A0F8C4309D
:10769000327DF37C43EA02238383EB7D80F8D43090
:1076A00080F82C30B6F8153080F8C630B6F81730B0
:1076B0008377707E13F06FFC81F89001B07E13F039
:1076C0006AFC81F8B000F37E81F8C730337FCB7756
:1076D000A278637843EA0223E27843EA02436279BC
:1076E000C1F8CC30237943EA0223A27943EA02436A
:1076F0004B626B68C1F8D0308B626B7D81F8C9300A
:10770000AB7D81F821304FE7D5F89C302E616BB10D
:107710006FF4047E734493F8B921D3F89C11C3F835
:10772000986101FB1266D3F81132F0E7EEB92B69CC
:107730006A7DE87D0093D5E90113FAF79BFC2B697C
:10774000AA7D0646E87D0093EB686968FAF792FC2B
:10775000D5F89C30002B3CD06FF404721344C3F86E
:10776000BC605861D3F81132F4E742F62031AEE63E
:10777000BEB16FF4047C06EB0C080026B146394616
:10778000404613F09BFD98F8B93181449E4238BFC2
:107790001E46D8F811322BB16FF4047003EB0008C9
:1077A000EDE7B14609FB06F6D5F89C302E61002BBB
:1077B000BDD06FF4047103EB010839464046C8E9B7
:1077C000666913F07BFDD8F81132002BAFD0361A62
:1077D000EFE723780020059A1370A37B537050E4E1
:1077E0002DE9F0470446BEB000780F46FAF7F4F9E9
:1077F000082194F80E80F2F791F8054618B3D0F8F6
:107800009C5005B36FF40472AE180025A9462146BA
:1078100096F8B801FBF770F970B996F8C73008F11F
:107820000108002B18BF49F00109F37F5FFA88F8BF
:10783000002B18BF45F00105D6F8116226B16FF490
:1078400004731E44E3E7A946B8F11F0F00F2F88065
:107850002378EF2B00F2F480E379072B00F2F0801D
:10786000237A012B03D9A37B012B00F2E980637AF1
:10787000022B04D1112528463EB0BDE8F08700F266
:10788000DF8094F80EC0264622460023D9B28C45EC
:107890005DD8B9F1000F17D0A278637843EA0223CC
:1078A000E27843EA0243684A03F18073FF3B23F026
:1078B0007F43934200F2C480638940F69B72053B8C
:1078C0009BB2934200F2BC80BDB16279237943EA56
:1078D0000223A27943EA02435B4A03F18073FF3B30
:1078E00023F07F43934200F2AB80A38940F69B7262
:1078F000053B9BB2934200F2A38000F0FBFDB8F180
:107900000E0F00F29F8094F80EE0002340F6896C81
:10791000DAB2964549D82B464A4609A92046FAF7D5
:1079200013FC05460028A6D101A909A8FFF758FBBA
:10793000054600289FD12078FAF74EF94FF6FF73DD
:1079400098424BD142F675013920F1F7B7FAD17B55
:10795000EF2975D803EBC3012144B1F810E0BEF55F
:10796000805F6DD2498AB1F5805F69D292F814A028
:10797000BAF1070F3FF67EAF507D013806283FF67B
:1079800079AFBAF1000F3FF475AFBEF1000F09D126
:1079900000293FF46FAF002918BF45F001050133FE
:1079A000093273E74FF00109F5E7317D1A460842C5
:1079B0003FF460AF717D08423FF45CAF03EBC3015D
:1079C0002144098A61453FF655AF02EBC2020133FB
:1079D00009362244528A62459AD94BE70821F1F7C9
:1079E0009DFF804650BB42F67701ADE706EBC60629
:1079F000404609F101092644F17BFAF709F910B96B
:107A000042F67C01A0E7B37D80F8D530F37D80F8A5
:107A10002D30A17B5FFA89F6B142E7D823780022A6
:107A200079703B7001ABD0B281427FF624AF07EB97
:107A3000420033F8024F01324480F4E7A946E8E7F8
:107A4000122518E7092516E700FF0F00024B1B68F7
:107A500003B11847112070477401002138B503881D
:107A600004469AB20B80B2F5706F3ED28278012A3A
:107A70003BD8C078FF2838D02179032901D1237B56
:107A80009BBBA57A637A43EA0523E57A43EA05437B
:107A9000184DAB4229D850BB032928D182F00105EB
:107AA00005F0010572B109212088F1F737FF78B997
:107AB0000B212088F1F732FF78B12946BDE8384024
:107AC00015F038B80EF0C2FD0028ECD10C2038BDFE
:107AD0002946BDE8384014F0E7BF0C212088F1F7B3
:107AE0001DFF0028E9D10220F1E71220EFE7112065
:107AF000EDE700BF00093D0037B5002504460DF154
:107B000006010DF105008DF80550ADF806500EF098
:107B1000A5FD074B28465A8822801B78A370BDF824
:107B20000630A4F803309DF80530637103B030BD12
:107B30008C1200212DE9F04703788CB00546EF2B1D
:107B400003D912200CB0BDE8F0874378EF2BF8D8AA
:107B50008378013B1E2BF4D80279C37843EA0223D1
:107B6000427943EA0243554A03F18073FF3B23F015
:107B70007F439342E5D8C38840F67C42043B9BB2E6
:107B80009342DED8037A013B1E2BDAD8B0F80930D5
:107B900040F6FE72013B9BB29342D2D8B0F80B3054
:107BA000013BFA2BCDD8467B002ECAD0731E334240
:107BB000C7D100F09FFC864376D1AB7B012BC0D8A8
:107BC000EF7B022F70D0BCD8297C4B1E062BB8D877
:107BD000687C431E0E2BB4D8AB7C0F2BB1D8EA7C4B
:107BE000012AAED82A7AB2FBF1F401FB1422D2B2F8
:107BF000002AA6D1A042E2B2A3D806D0002BA0D082
:107C0000121A5343DBB2142B4ED8DFB940F2E242D2
:107C1000EB88E87853432A7940EA02206A7940EAFF
:107C20000240B3FBF0F200FB12335BB9B5F80B0076
:107C3000B5F809300344013B93FBF0F35A4392B289
:107C40008A4231D80121687818F02BFF07460028B6
:107C500000F0ED81C28D4FF6FF739A4240F0E7814C
:107C6000EB7C002B90F8342080680CBF23243B244D
:107C700012F0D7FF3B7C00940146D7F89820384695
:107C800018F05AFF002800F0D481B5F80930B5F893
:107C90000B000193AB7CC0B200936B7C2A7C297AE9
:107CA00019F05DFA804608B911204BE70B2012F05D
:107CB00061FEAB78834203D90D2043E700FF0F003C
:107CC0000A212878F1F72AFE002840F0B4810A2121
:107CD0002878F1F7E7FD04460028EDD019F09BF96C
:107CE000032384F838302B7884F83930012395F851
:107CF000029084F83C3084F83A9084F83B902B7AD8
:107D000084F83E3084F83D30EB7C003B18BF012303
:107D100084F857302B7C84F85430AB7C84F8553091
:107D20006B7C84F85630B5F80B3084F858302A79DB
:107D3000EB7843EA02236A7943EA02436366A97A4D
:107D40006A7A42EA0122A4F85A2040F2E242E98823
:107D5000E87B514320B9B1FBF3F203FB121323B9C3
:107D6000B0F1000818BF4FF0010884F86E80687BFE
:107D700013F011F984F86F003B7C032B03D1042826
:107D800008BF84F86F30B9F1010F03D9AE7B003E14
:107D900018BF01264FF0FF324FF0FF3384F89C608C
:107DA0000026C4F820114846A4F80261E681C4E91F
:107DB000042340F2E243A4F82431FDF7E3F8C4F8C9
:107DC000A00001F03DFDA4F8A4006B783146D4F882
:107DD000A00084F8A630267613F0AFF83146C4F838
:107DE0003C01B4F8A40019F0B7F994F85730C4F87E
:107DF000400194F86F1094F8580084F844312677C5
:107E0000E67603B1043013F0B8FA04F15C0394F899
:107E10003A20064694F83E1094F89C00029304F130
:107E20006003CDE90063EB8819F0CFF994F83E10B8
:107E300094F83A000096D4E9173219F03EF994F814
:107E40006E2094F83E30A066039294F8552002927A
:107E500094F85620019294F854200092D4F82021EE
:107E6000616E19F064F92065204619F09BF9A4F8B9
:107E70006C0004A801F062F920B943F2BA1139206C
:107E8000F1F71CF804A9204615F026FF94F85730A6
:107E900063B304F1400805F1140305F124014246DF
:107EA00053F8040B8B4242F8040BF9D1182108AEA9
:107EB0000DEB0100F1F7AAFA06AB04F1A80203CB1F
:107EC0009446C4F89000C4F894103346083203CBAB
:107ED00042F8041C0CA942F8080C1E468B42F4D14F
:107EE00004F18002614640460BF000FF94F85730E1
:107EF00094F83E2094F83A1094F89C00029394F879
:107F00006F300193E36D0093236E19F0E7F8D4F816
:107F1000203100F56179994509D90A212878F1F7CE
:107F200013FD00283FF4C0AE43F2FB11A7E704F1B4
:107F3000C80A504602F09AFC95F8028008F1FF3812
:107F40004FFA88F8B8F1000F09DA01224946504685
:107F500002F0ACFC00285CD043F223218FE70B2118
:107F600006A8F1F767FC064610B943F2062186E73A
:107F70005FFA88F819F05CF9BDF8183008F10101D2
:107F8000A6F8F230C9B286F8F01094F8573086F8A7
:107F9000EC302B7886F8F430D4F8A00012F0CDFF46
:107FA00096F8F010C6F8E400B4F8A40019F0D4F87C
:107FB000BDF81830C6F8E80000223380304694F847
:107FC0006F3086F8D830FB7B86F8D9300023C6E9BD
:107FD000322394F86E304FF0FF323377B4F85A30D2
:107FE000B38194F85830B37394F85430F373636EDC
:107FF0007361D4F82031B361002373744FF0FF3301
:108000001AF088FAD4F8983046F8F83FC4F8986027
:1080100094E7D4E94432293342F10002C4E90C3236
:1080200094F8573087F830302B78FB858AE542206A
:1080300088E5452086E50C2084E500BF0279C378F9
:1080400043EA0223427943EA0243224A03F180735E
:10805000FF3B23F07F43934230B504468BB002D9F7
:1080600012200BB030BD038940F69B72053B9BB2DA
:108070009342F5D8837A1E2BF2D8C28840F6FE715F
:10808000531E9BB28B42EBD840F689639A4201D9CA
:108090001120E6E7C57A072DFAD800F02BFA8543C0
:1080A000F6D1A378013B1E2BDAD8237B012BD7D83E
:1080B000637B022BECD0D3D8A37B012BD0D801A9B2
:1080C00020460BF0EFFB0028E2D001A8FFF732FDBD
:1080D000C7E700BF00FF0F0008B52B21012001F00A
:1080E0002DFB182000F0C4F908F010FE034B044AE1
:1080F0001A60044B044A1A6008BD00BF4801002101
:10810000F9F201014C0100210707030108B52B21F9
:10811000012001F013FB182000F0AAF906F0E8FD99
:10812000034B044A1A60044B044A1A6008BD00BF9E
:1081300048010021F9F201014C0100210707030168
:1081400008B52B21012001F0F9FA192000F090F96F
:1081500018F072FA01F0D8FF09F002FB014B024A55
:108160001A6008BD4C0100210707030108B52B2147
:10817000012001F0E3FA192000F07AF918F028FC48
:1081800001F0C2FF09F0ECFA014B024A1A6008BD87
:108190004C0100210707030108B5054A2421054BBE
:1081A00001201A6001F0CAFABDE8084006F0ACBD33
:1081B0001BB302017401002108B50122054B1A719D
:1081C00005F008F805F0A0FF15F0F9F8BDE8084043
:1081D00001F020B9580E002110B50C20084C00F019
:1081E00047F9282000F044F904F10800054914F08B
:1081F000C3FF04F10C000449BDE8104014F0BCBFFB
:10820000580E0021780100218001002110B5094C91
:10821000094904F1080014F0AFFF04F10C0007490C
:1082200014F0AAFF04F110000549BDE8104014F055
:10823000A3BF00BF580E002188010021900100213A
:1082400098010021014B1879704700BF580E00219A
:1082500010B507200B4C00F00BF90C2000F008F9CA
:1082600004F10800084914F087FF04F10C000749E5
:1082700014F082FF04F110000549BDE8104014F02D
:108280007BBF00BF580E0021A8010021B0010021D2
:10829000A001002110B5094C0D2000F0E9F80849B3
:1082A00004F1080014F068FF04F10C00054914F013
:1082B00063FF2420BDE8104000F0DAB8580E00211A
:1082C000B8010021C001002110B5084C0D2000F0BC
:1082D000CFF8074904F1080014F04EFF04F10C0038
:1082E0000449BDE8104014F047BF00BF580E0021FC
:1082F000C8010021D001002110B50A4C1D2000F05A
:10830000B7F8094904F1080014F036FF04F10C0035
:10831000064914F031FF04F110000549BDE8104092
:1083200014F02ABF580E0021E0010021E8010021CD
:10833000D801002110B50A4C1C2000F099F8094919
:1083400004F1080014F018FF04F10C00064914F0C1
:1083500013FF04F110000549BDE8104014F00CBFF4
:10836000580E0021F0010021F8010021D801002160
:1083700010B50A4C1E2000F07BF8094904F10800F2
:1083800014F0FAFE04F10C00064914F0F5FE04F1B5
:1083900010000549BDE8104014F0EEBE580E002153
:1083A0000002002108020021D801002110B50A4C6A
:1083B0001F2000F05DF8094904F1080014F0DCFE0C
:1083C00004F10C00064914F0D7FE04F11000054931
:1083D000BDE8104014F0D0BE580E0021100200215C
:1083E00018020021D801002138B5074C0D4600F0D5
:1083F000E5FFA068256014F0B7FEFDF71FFA01F055
:1084000037FA0123237538BD580E0021014B187D22
:10841000704700BF580E002110B50A4CE06814F0F8
:10842000A3FE206914F0A0FEFDF7B6F9202000F0AD
:1084300033F8262000F030F8292000F02DF8002332
:10844000237510BD580E0021004870476D0E0021A5
:10845000004870476F0F0021014B83F819027047E5
:10846000580E0021014B93F819027047580E002155
:10847000C208074900F0070001238340885C0343DA
:108480008B5404490B78934238BF13460B707047E6
:1084900018000021721000210F4B012110B503EBD1
:1084A000D002C40800F0070001FA00F0195D21EACB
:1084B0000001195509490B78A34205D1002012F893
:1084C000014914B100B10B7010BD002BFAD0013B73
:1084D0000120DBB2F3E700BF180000217210002179
:1084E000014BD3E900017047180000210048704794
:1084F00020000021054B1868C0F3C022C0F3002003
:10850000400040EA820040F001007047180000215E
:1085100008B50EF027FE0023074A32F823108142E7
:1085200005D302EB83029378044A137008BD01332C
:108530000C2BF2D10023F7E724C2030173100021B2
:10854000024B1878072828BF0720704773100021B6
:1085500010B54468238884F87D11A4F87E3194F81E
:108560007400FCF7E7FE84F8800194F87500FCF7CE
:10857000E1FE054984F8810104F5BA7016F059F955
:10858000002384F82C3110BD59D4020130B5C1F359
:108590000723CCB21E4985B0C5B2C0F307220978C3
:1085A000019049B91946204614F061FF20B91146DF
:1085B000284614F05CFF10B32A40224003EA02016F
:1085C0000B46880720D411F0010203D1C1F38001CA
:1085D0008900CAB2990719D413F0010003D1C3F37B
:1085E00080039B00D8B2042A04D1BDF80630012BC9
:1085F00008BF0322D2B242EA002005B030BD05EA2E
:10860000030102EA0403DCE70222E3E70220EAE7CF
:108610007410002140680749038800F26710A0F831
:10862000093010F8FB3CC37210F8FA3C037316F0E3
:10863000FAB800BF93D402012DE9F0438946497886
:10864000456885B099F8028001F00701044695F865
:108650008C7008F007084B1E08F1FF320B4002EA4D
:108660000802134395F88D20242A3DD105F18D068B
:108670000BBB404614F04EFF002840D095F87430F4
:1086800098423CD095F82E2118EA020F13D0222FE1
:1086900035D095F86D2018EA020F30D10138013B32
:1086A000574AC0B2DBB21044032B007922D81A44D7
:1086B0001379834223D995F82C31012B60D11E21E7
:1086C0002046FFF745FF222F5ED16368182283F80A
:1086D00011210A2283F88C2093F8CA30002B4BD149
:1086E0004FF43371AE2008E0222F40F0868005F170
:1086F0008C06BDE740F23E210620F0F7DFFB08467E
:1087000014F008FF38B195F87530834203D095F81E
:108710002F311942CFD0B9F8037003AB2846424637
:1087200000933B4614F003FF656800283FD195F89D
:108730002C31012B38D1B5F8863005F5307295F81B
:108740007410B5F8300114F054FF074640BB0146E1
:108750002046FFF7FDFE3770636803F18D029642F5
:1087600002D1002283F88D20636803F18D029642C6
:108770003FD1204616F05EFA002005B0BDE8F08338
:10878000002385F82C319EE700232046337016F035
:1087900051FA1821204605B0BDE8F04316F076BA2C
:1087A000282385F88C30D7E785F82C01D4E7B5F875
:1087B0008630A5F8C072013FFF1A47F6FD73BFB2BD
:1087C0009F4206D92823204685F8AF3001F0A4FC4B
:1087D000CAE795F88D300E2B02D00B3B012B01D848
:1087E0002A23F0E7BDF80C30A5F8C23226233370F7
:1087F000BAE7002283F8CA20BEE70220BDE700BF27
:1088000054C20301024B002283F832209A8670473B
:1088100076100021044B93F83220012A1ABF03601E
:1088200001200020704700BF76100021054B024652
:1088300093F8321001291BBF01209A86002083F88B
:108840003200704776100021054B024693F8320043
:1088500020B1136009B19B8E0B800120704700BFCF
:1088600076100021044B002293F832009A8610B152
:10887000012083F83220704776100021034B93F8D3
:108880003200B0FA80F04009704700BF7610002136
:1088900050B90A4A0120134603F8010B0868C2F8D0
:1088A00001008A889A807047012805D1034B0A6825
:1088B000D8719A608A889A81704700BFAC100021F5
:1088C00050B90B4B187888B1D3F80120B3F80530B4
:1088D0000A6001208B807047012806D1044BD879AB
:1088E00020B19A689B890A60F3E70020704700BFB7
:1088F000AC10002110B9044B18787047012806BF4E
:10890000014BD87900207047AC100021F7B58A8858
:1089100000238DF80600ADF8042008680B4A8DF896
:1089200007300146147802F5A872019DD8B284423E
:1089300001D8082007E052F8087F01335668AE429C
:1089400008BF8F42F2D103B0F0BD00BFC0100021BC
:10895000084B0146002230B55C7803F20113D0B217
:10896000844201D8082004E013F8015F01328D42EF
:10897000F5D130BDC0100021F8B52D4C6378221818
:10898000013B92F80251DBB28342637030D01A018E
:108990000101961C8F1C2644274406F1100C56F842
:1089A00004EB664547F804EBF9D182328231224468
:1089B000214402F1100652F8047BB24241F8047BD4
:1089C000F9D1E118221891F8026182F802610626B5
:1089D0007343704303F5857300F58570E618E3581B
:1089E00027182350B388BB8091F83A3182F83A3186
:1089F0002846FFF7ADFF082818D12378013BDBB2EA
:108A00009D42237012D02B3305F12B0204EBC303DC
:108A100004EBC20293E8030082E803002078FFF72A
:108A200097FF08281CBF241884F80251F8BD00BF26
:108A3000C0100021F0B5254D89B095F8984105F298
:108A400099116846224610F0DDFF2146684614F071
:108A500074FF0446B8B300EB400102A8C9B2F0F7B6
:108A6000D5FC631E95F8A1610124DBB295F898113D
:108A700005E0721CB2FBF1F001FB1022D6B206F148
:108A800020020DEB020010F8202C002AF1D103EB9C
:108A9000430100F8204C06EB460220312A44694489
:108AA00011F8187C82F8A27111F8177C11F8161CC5
:108AB00082F8A37182F8A411013BAA19DBB282F8F3
:108AC0009941FF2BD2D109B0F0BD00BFC0100021E9
:108AD00070B5064688B00C46002A4ED0294A92F856
:108AE000A131D01890F8991119B9FF212820F0F779
:108AF000E5F903EB43010133114491F8A251E5700C
:108B000091F8A35191F8A41125716171002180F8A9
:108B1000991192F89811B3FBF1F001FB103382F830
:108B2000A13192F8C23123B9174902F5DD7015F071
:108B30007DFE65790D220021684605F03F0545F070
:108B40004005657110F0F4FEE37804AA69468DF8DB
:108B50000F30304623798DF80D508DF80E300423F8
:108B600010F0C4FC9DF81F3023709DF81E30637018
:108B70009DF81D30A37008B070BD03216018F0F798
:108B800045FCD6E7C0100021358A0101044B5A7814
:108B9000824286BF1B1893F84A010020704700BF2D
:108BA000C0100021044B5A78824286BF1B1893F8EC
:108BB00042010020704700BFC0100021064B002278
:108BC0004FF461711A8083F8C32183F8C421A3F89C
:108BD000C61183F8C2217047C0100021014B83F8F1
:108BE000C4017047C0100021014B93F8C4017047C5
:108BF000C010002110B51446FFF788FE082813D0D6
:108C0000FFF7A6FE094B5A7882420DD904B12070B5
:108C1000184490F83A3190F84A01012B08BF40F00F
:108C2000010000F0010010BD0120FAE7C010002192
:108C30002DE9F0478246894617469846FFF766FEBB
:108C400008280546064603D0FFF782FE082860D1B3
:108C5000324C6378072B5ED8082D15D12678731C0B
:108C6000072E237003D96C212820F0F727F906F18D
:108C70002B02D9F8000004EBC20344F83200B9F823
:108C8000042083F806A09A80657807F110026B1C17
:108C9000290163704B1C234412F8010DBA4203F8FA
:108CA000010FF9D1813108F11003214413F8012D8E
:108CB000984501F8012FF9D125441021404614F0C0
:108CC00027FF102185F84201384614F021FF85F86E
:108CD00002616678002385F84A013146104885F81C
:108CE0003A3114F02AFE0128054607D831460D48CE
:108CF00014F023FE002818BF0135EDB284F8985116
:108D00000025284684F8A151FFF794FE2846BDE8C7
:108D1000F0871220FBE70720F9E700BFC010002111
:108D2000021200210A120021064B10B558780138B2
:108D300040B2002800DA10BDC4B22046FFF71CFE86
:108D4000601EF5E7C0100021014B83F8C301704796
:108D5000C0100021014B93F8C3017047C0100021DF
:108D6000431E4AF2B7129BB293429DBF024BA3F837
:108D7000C601012000207047C0100021014BB3F84C
:108D8000C6017047C01000210A4B30B55C788442A0
:108D90000ED9184490F802012B3003EBC004A579DA
:108DA0000D7053F8300010600120A388938030BD0F
:108DB0000020FCE7C010002170B506460D460CF0FF
:108DC000ADFA0BF083F80A4890F8C34164B14178DA
:108DD00061B100F1820302303246002D08BF18460F
:108DE0000BF040F80BF098F8204670BD0C46FBE7FE
:108DF000C010002108B5064B024603EB0113012108
:108E000003F182000BF02EF8BDE808400BF084B8A7
:108E1000C01000210246074810B590F8C34124B1A4
:108E2000417821B102300BF01DF8204610BD0C46F0
:108E3000FBE700BFC010002108B5084B5A788242FA
:108E40000AD91A1892F8422132B903EB0010823085
:108E5000FFF73EFE012008BD0020FCE7C010002106
:108E600008B5084B5A7882420AD91A1892F84A2152
:108E700032B903EB00100230FFF72AFE012008BDD3
:108E80000020FCE7C01000212DE9F74F2F4C9A4637
:108E9000804689466378834256D9231893F8425115
:108EA00085F00105F9B193F84A31E3B945F00207BD
:108EB0000135BAF1000F18D1FA070AD5062104EBE3
:108EC0000810524601FB0841823001F58571FFF719
:108ED000FFFDBB0734D504EB08105246494602306B
:108EE000FFF7F6FD2CE02F46E3E794F8A1614FF081
:108EF000010B002DE0D0A31993F89911019399B9B2
:108F00000092DAB100F084FC019B06EB4601009A66
:108F10004FEA102C83F899B1214481F8A201000C8A
:108F200081F8A3C181F8A401013694F89831013D7C
:108F3000B6FBF3F103FB1166F6B2DAE747F004077C
:108F4000384603B0BDE8F08F0027F9E7C0100021D4
:108F5000F8B50646174C48B3617804F5A17014F0D3
:108F6000ECFC94F89851074604F29910294614F045
:108F7000E4FC2D1AEDB2AF421AD800256278EBB2AC
:108F80009A4201D80120F8BDE21892F842215AB95C
:108F90000621324601FB034104EB031301F5857101
:108FA00003F18200FFF794FD0135E7E70546E5E7A9
:108FB0000020E8E7C0100021F0B51B4E89B007463D
:108FC0000D46737883422CD9331893F8424144BB41
:108FD0000D222146684610F0ABFCEB7806EB07103B
:108FE00004AA8DF80F3069462B7982308DF80E3047
:108FF0006B798DF80D30042310F078FA2A789DF8FB
:109000001F309A420AD16A789DF81E309A4205D1E3
:10901000AC789DF81D30E31A5C425C41204609B0F3
:10902000F0BD0020FBE700BFC0100021074B5A78BD
:10903000824209D91A1892F842212AB9062202FB63
:10904000003000F58570704700207047C010002187
:10905000064B5A78824281BF1B1893F83A01B0FA46
:1090600080F0400998BF0020704700BFC010002169
:10907000F8B50E46074606211546304614F048FD61
:10908000044670B10C4B0022587803F23913D1B268
:10909000884202D801242046F8BD013203F8015F5E
:1090A000F5E73146384614F064FC0828F3D0024B4B
:1090B000034483F83A51EDE7C010002130B5002495
:1090C00042F21075A0F84040B0F844404C43B4FB65
:1090D000F2F4A0F84440541E05FB0343B3FBF2F343
:1090E000A0F84230084BB3FBF2F30133A0F848304C
:1090F000838F05FB0344436B5943B4FBF2F4B1FB8C
:10910000F2F18463416330BD005A6202034B80F880
:109110007C101B680BB100881847704720020021A3
:109120000B2808B504D940F2C7112920EFF7C6FE75
:10913000014B33F8100008BD5CC20301054B1B78DE
:1091400033B9054B1A681B7902600371012070471F
:10915000002070478812002128000021054BFF22C3
:109160001A70054A016811600179117100221A70A4
:10917000704700BF881200212800002107B5064A69
:1091800010681279009068468DF80420FFF7E6FF1A
:1091900003B05DF804FB00BFB4CD030103460846ED
:1091A00071B13F2B0BD8074AD35C03F07F02914289
:1091B00005D08CBF0120002000EAD31070470120A9
:1091C000704700BF74C203012DE9F04F85B08B4694
:1091D0001546984602A99DF8384014F0E0FB8246F7
:1091E00020B9039E35B9012386F89330012005B0DC
:1091F000BDE8F08F77692946384611F0D7F9014666
:109200000028F4D0224B5B88AB423FD30190384614
:1092100011F020FB96F8933001998146002BA0F8BD
:1092200001A018BF4FF0020B80F800B0084611F003
:1092300019FB8246E4B1748FD4B10EF013F840F2FA
:1092400071235C43241841F10001CAF804102A4636
:10925000414609F10300CAF8004010F0D3FB29464B
:10926000384611F0DEF928B98C212B20EFF726FEC5
:109270002146EAE79DF8083033B102A812F03BF925
:10928000039B0022A3F8CA210023ADE75046AEE7B6
:109290008C12002183230B70014B1B78CB7070471D
:1092A000AC1200212DE9F84FD0F804800D46D8F813
:1092B0001860304611F0C0FA044620B940F245115A
:1092C0001020EFF7FBFD0146304611F0C3FAB4F869
:1092D00000B082461FFA8BF9B9F1000F02D140F2BB
:1092E0004911EDE71E4BC71C1B688BB9B8F800305D
:1092F000A5F806B0AB8000236B729AF8003003F03B
:109300000303012B0FD0022B0DD040F26311D7E7DE
:109310004A463946B8F80000984704460028E5D187
:109320002046BDE8F88F30462B7211F09DFA0446B6
:1093300010B94FF4B671C3E7B9F1FB0F02D940F28F
:109340007B11BDE7286810B94FF4BE71B8E74A46F3
:10935000394610F057FB304611F0C5F9E0E700BF81
:109360002402002138B5134C10220021201D10F0DA
:10937000DFFA0125257404F108031022002104F10D
:109380001400C4E9013310F0D3FA84F8205004F13A
:109390001803094AC4E9053300236362A36284F811
:1093A0002C30C4F82D30C4F8313084F835301360D7
:1093B000A36338BDAC1200212402002110B5084C73
:1093C0002378FF2B04D04FF4C3711020EFF776FD04
:1093D00010F0D2F82070BDE81040FFF7C3BF00BF07
:1093E0002D00002110B5034C207810F0DFF8FF238A
:1093F000237010BD2D000021014B187810F0E6B845
:109400002D000021014B024A1A6070472C020021F6
:10941000A5920101014B024A1A6070472C020021FB
:10942000A59201012DE9F341DFF88881054608F195
:109430001407D8F80830D8F81840227A012A22D127
:10944000D8F8382052B1137A1BB9B9211020EFF7A0
:1094500035FDD8F83840C4B9002093E01A7A012AC3
:10946000FAD01C46544AEFF3108172B65068006877
:10947000506001B962B6A34208BFC8F83840237AE9
:109480001BB9E821E2E73A46EDE7267AF6B2052372
:109490002372731E0B2B7ED8DFE803F07A06233687
:1094A000773F4E3F3F3F3F6B636813B940F2F71180
:1094B000CCE72046294698470420EFF3108272B685
:1094C000237A052BD9B24FF0000369D12372D8F863
:1094D0003810A14201D1C8F83830002A45D162B60F
:1094E00043E0636813B94FF40071AFE729462046A3
:1094F00098470346ADF80400C0B2C3F30723012B1D
:109500003ED0022BD9D129E0636813B94FF4027120
:109510009CE7204698470020CFE7284B1B68002B8C
:10952000F9D03246606829469847A6F10A0204201D
:10953000534253415B00E4E763680BB9FA2185E7C6
:109540000D222A7001221988AA706A7100225869B6
:10955000A5F80310AA7111F0C6F80420D8F8383025
:10956000A34202D10023C8F8383000283FF461AF8D
:1095700008E0134B294620461B689847034668B904
:10958000267298B102B0BDE8F08140F23F215DE75C
:1095900040F242215AE740F2452157E70220DDE739
:1095A00011B940F2662151E7184696E7002B7FF487
:1095B00040AF51E7AC120021B01200212802002177
:1095C0002C020021014B1860704700BF24020021CB
:1095D000134610B5027A22B140F2ED211020EFF7C8
:1095E0006DFC0A4601460248BDE8104015F0FBB884
:1095F000B0120021044890F82C301BB903492430E4
:1096000015F00EB9704700BFAC120021D9E7020176
:109610000346064890F83C203AB190F8352022B92C
:10962000034900F82D3B15F0FBB87047AC12002140
:10963000959201010A4610B5037A23B140F2F52153
:109640001020EFF73BFC014607230248BDE810401D
:1096500015F0C9B8C01200211346027A0AB103728C
:1096600070470A460146014815F0BDB8B012002106
:1096700003460846F0B4B3F86020B3F8544093F8BA
:1096800075509442B3F85810A5F10305B3F84A7029
:1096900028BF1446B3F86220EDB2B3F84E608A4298
:1096A000A3F84A4028BF0A46012DB3F8501087BFDF
:1096B000B3F852C015464FF4296C4FF42965A14206
:1096C000A3F84E5038BF2146624538BF6246A742D4
:1096D000A3F85010A3F8522026D1741B18BF012400
:1096E000B3F85C20B3F85610B3F848609142B3F871
:1096F0004C5028BF114693F87420033A012A15D91B
:10970000B3F85A20B3F85E70BA4228BF3A468E4288
:10971000A3F84810A3F84C2002D1954200D144B1DF
:109720000549F0BC15F085B80124D9E74FF429624A
:10973000EDE7F0BC704700BF45E8020108B50B4AF1
:109740000B460B4970B12B2B04D940F207312C206A
:10975000EFF7B4FB012008701178994238BF194621
:10976000117008BD08701B21FAE700BF2E00002110
:10977000E9120021014B1878704700BFE91200215F
:10978000014B1878704700BF2E0000212DE9F047EB
:109790000446174690F874908A4690F87580058FB5
:1097A00059BBC68E043611212088B6B2F0F7B6F840
:1097B00040B3BAF1000F22D194F8741015F073F889
:1097C000B0F804A04946384615F055F80F4B074647
:1097D000B4F850001B78063541469842354438BFEE
:1097E0001846554415F047F838440544E069A84246
:1097F0002CBF00200120BDE8F087868ED2E794F8C8
:109800007510DBE74FF0960ADCE700BF2E00002161
:10981000094AD2E90003434083EAB01181EA4321B7
:109820004FEAF34311605360044B58434FEAF06032
:1098300000EB8000704700BFEC120021BB79379E1F
:10984000094AD2E90003434083EAB01181EA432187
:109850004FEAF34311605360044B58434FEAF06002
:1098600000EB8000704700BF30000021BB79379EBD
:1098700010B50A4C08210948EFF7C8FDD4E90032B9
:109880001343F7D0064CFFF7DBFF2060FFF7D8FF4C
:10989000236860601843F6D010BD00BF300000217F
:1098A000EC12002138B5A0F10C0314460D46DBB2D2
:1098B00020463F2B96BF0A4AFE21D15C15F06CF979
:1098C00068B965B12978272907D03F2908BF3E210B
:1098D0002046BDE8384015F05FB92621F8E738BDCD
:1098E000B4C20301174B184A9A60184ADA62184A40
:1098F0001A61184A5A61184A9A61184A1A63184A32
:109900005A62184ADA64184A9A64184A9A63184BD9
:10991000184A9A60184A1A62184A5A60184A1A6015
:10992000184A9A62184ADA62184ADA60184A9A6142
:10993000184A1A63184A9A64184ADA64184A5A622A
:10994000704700BF300200210BED020101F002015F
:10995000CFEF020193EF020141A201015DA50101D8
:1099600015A4010111F2020139F20201B1A30101B2
:109970003003002127ED0201B7F1020187ED02015A
:1099800057EF02014BF102011DF002016DF10201DE
:109990002DF10201E7F2020187F2020171F20201E8
:1099A000D1F10201174B184A9A60184A5A60184AB6
:1099B0001A60184A9A62184ADA62184ADA60184A33
:1099C0009A61184A1A63184A1A62184ADA64184ADD
:1099D0009A64184A5A62184B184A9A60184A5A628E
:1099E000184ADA62184A1A61184A5A61184A9A6182
:1099F000184A1A63184A9A64184ADA64184A9A6329
:109A0000704700BF300400210BED02013BED020165
:109A10008BEE020141F00201B3F00201A5A20101A7
:109A2000C9F002015DA50101B1A3010111F202011A
:109A300039F2020115A401013005002127ED0201D0
:109A4000D1F10201EBF002018FF002010FF10201EE
:109A500051A30101E7F2020187F2020171F2020152
:109A6000B7F102010C4B0D4A0D491A600D4B0E4A1D
:109A70001A600E4B0E4A1A600E4B0F4ADA670F4AF5
:109A8000C2F880100E49C3F884100E49C3F888103C
:109A90000D4BC2F888307047300600217148010133
:109AA000594A010134060021594B01013C060021AD
:109AB000F9410101300300213D4A0101300200213A
:109AC000354C010141480101BD4701010B4B0C4AD6
:109AD0000C491A600C4B0D4A1A600D4B0D4ADA679F
:109AE0000D4AC3F884200D4AC2F880100C49C3F80F
:109AF00088100C4BC2F88830704700BF3806002130
:109B000051410101D14201013C060021F94101010D
:109B100030040021C93E0101D94301013005002173
:109B2000BD47010141480101054B064A9A65064AB5
:109B3000DA65064B064A9A65064A1A66704700BF00
:109B40003002002167D6020117D80201300300213C
:109B5000FBD402016DD80201054B064A9A65064AFC
:109B60001A66064B064A9A65064ADA65704700BFD0
:109B70003004002165D7020139860101300500213A
:109B8000FBD40201D9D8020110B5084B084C094892
:109B90005C6798670849094B094A59679A67094BF6
:109BA000C3E91D40084BC3E91D1210BD300300215D
:109BB000651503017F150301B11503013002002172
:109BC000FF1503013005002130040021024B034A38
:109BD0001367034A1367704755F0010130020021F3
:109BE00030040021024B034A1367034A136770478E
:109BF000D5EC020130030021300500213F2A2DE978
:109C0000F04105460C4643D83F2A44D8DFE812F01D
:109C100046009700B200BE00D900DF01DF01E90075
:109C2000EB00F100DF01DF01F4000001EB00430075
:109C300043000401DF01DF01180118012F012F018A
:109C4000360143004300DF017601820186018A016B
:109C50009301950197019901A201AA01BF01C101D8
:109C600043004300B101C901C70143004300430061
:109C700043004300430043004300430043004300CC
:109C8000430043004300CB01CD014300C301C501A4
:109C9000FF2A00F0908140F2165149E1456841F2F7
:109CA0007073D5F84412B5F83E22A1F57A70984247
:109CB0000BD84FF47A73B1FBF3F303F550639BB207
:109CC00064200126B2FBF0F20CE040F2E2406FF4B7
:109CD0005066B1FBF0F39BB29E19062EF0D9002618
:109CE000B2FBF0F223711B0A62706371B5F848325F
:109CF000A3711B0AE371B5F84A3223721B0A63721F
:109D000095F8173133B905F50F7305F5107228462C
:109D100015F046F8B5F83C32A3721B0AE372D5F889
:109D200040324EB164220C20B3FBF2F3A370C3F3B4
:109D30000723E370BDE8F08140F2E242F3E74668B2
:109D4000D6F83032C1F8013096F834324B714068A1
:109D500090F817313BB914F0C8FF6B68B3F8863040
:109D60001844A6F83602B6F836320820A3711B0A4A
:109D7000E371DFE70378012B436802D193F81831D0
:109D800001E093F8213102206370D3E74368172084
:109D9000D3F87822C1F80120D3F87C22C1F805203D
:109DA000B3F88022A1F80920D3F85822C1F80B207B
:109DB000D3F85C22C1F80F20D3F80831C1F8133072
:109DC000B8E74268D2F8E631C1F80130D2F8EA319A
:109DD000C1F8053043680D20D3F80C31C1F80930C3
:109DE000A8E74368CAE7084600F06CFB0028A1D149
:109DF0009CE000F079FBF9E7102306204B70592313
:109E00008B700023CB7077230B7120234B7191E76C
:109E1000436893F81231B6E70278436852B993F871
:109E200018213AB193F815214A7093F814310320A0
:109E3000A3707FE793F81321627093F81231F6E76D
:109E400043680920B3F860204A70120A8A70B3F898
:109E50001A21CA70120A0A71B3F85C204A71120AF8
:109E60008A71B3F81831CB711B0A0B7262E7436831
:109E700093F82E214A7093F82F31D8E7476897F866
:109E80003A82A8F10303012B32D897F87430DA1E16
:109E9000012A2DD8B8EB030818BF4FF0010897F836
:109EA0003B0213F0B7FB0646B8F1000F23D197F839
:109EB0003A0213F0AFFB8046686890F817316BB92F
:109EC00046EA080313F0FF0306D014F00EFF6B6898
:109ED000B3F8863003449BB2A7F83832B7F838326B
:109EE000A670E3701B0A84F801802371052021E726
:109EF0004FF00008D3E74FF00008DDE743680F217B
:109F00001888EFF70BFD00F15B01204614F0ACFA66
:109F100023200FE7084617F013FB67E7084617F002
:109F200018FB63E72B4B1B68002B40D140F21B5101
:109F30005120EEF7C3FF284BF5E7284BF3E7284BFA
:109F4000F1E7284B1B68002BF0D0024623209847EE
:109F50000420EFE6234B1B68002BE7D002462420A9
:109F60009847C3E71F4B1B68002BDFD00246252014
:109F7000F6E743680F211888EFF7D0FC00F17D0267
:109F800000F15B01204614F07BFA2B20D2E6164B41
:109F9000C9E7164BC7E7164BC5E7164BC3E7164B89
:109FA000C1E7164BBFE7164BBDE7164BBBE729468B
:109FB000204698471AE74368204693F8B722D3F81B
:109FC000B81214F019FA6B6893F8B7020EE7012083
:109FD000B0E600BF3006002138060021340600211B
:109FE0003C060021400600214C06002150060021BD
:109FF000540600215806002144060021480600218D
:10A000005C060021600600213F289ABF024B53F8EE
:10A0100020000020704700BF300200213F289ABF77
:10A02000024B53F820000020704700BF300400218D
:10A030003F289ABF024B53F820000020704700BF12
:10A04000300300213F289ABF024B53F82000002024
:10A05000704700BF3005002130F8023CF7B50446D8
:10A060000D4630F8A66C73B101226846ADF8016068
:10A070008DF80020ADF80330FBF760FD18B1952195
:10A080006320EEF71BFF194B1B6813B1A4F12600E8
:10A090009847174B1B680BB1304698470A23002797
:10A0A000A5F803602B70AF70637A54F88E0C6B7157
:10A0B00010F023FB08B9BA21E2E739463046EFF742
:10A0C00043FC02213046EFF73FFC18B9094B1B68EF
:10A0D00003B198474FF40173002003F004021B0AF8
:10A0E00062F3070063F30F2003B0F0BD64060021A4
:10A0F000680600216C060021014B024A1A60704775
:10A100006406002145480101014B024A1A6070476C
:10A110006806002173060301F7B5456804464FF64B
:10A12000FF776E690DF102010DF101023046ADF8C5
:10A13000027010F091FA01A9304610F0AFFA40B168
:10A14000019810F08FFB616800220272FFF772FA2B
:10A15000E8E7044905F1A60003B0BDE8F04014F0BB
:10A1600062BB00BF59A00101F0B5044685B00D46A1
:10A17000FF2600F8E96C10F8EA3CF3B1184F3B7881
:10A180001BB148211F20EEF799FE0C21381DEFF777
:10A190003DF93E70002304F8E93C09232A4602F801
:10A1A000033BD4F80930C5F80330D4F80D305360C0
:10A1B000D4F81130936005B0F0BD01A80C21EFF781
:10A1C00025F9A4F53673039AC3F80C2101AB03CB30
:10A1D00044F8F20C44F8EE1C04F8EA6CDAE700BF2D
:10A1E000F412002110B5054C23782BB90C21201D49
:10A1F000EFF70CF9FF23237010BD00BFF41200210C
:10A20000024690F8EE31BBB990F8EF3103F0FF0150
:10A210000BB100207047094B18780028F9D019704D
:10A22000D9680433C2F80C1103CBC2F8E601C2F8B6
:10A23000EA11FF2382F8EE3101207047F412002169
:10A2400038B54368044693F88C201C2A24D1002298
:10A2500083F8CF2083F8CA2083F88222436893F8DA
:10A26000D01003F5D4701D8869B10C4983F8D02053
:10A27000A3F8B25183F8B12114F0D2FA6368002038
:10A2800083F88C0038BD012283F8B111A3F8B251D4
:10A29000034983F8B421EFE70220F3E77FEF0201DF
:10A2A00071EF0201426838B592F88D3004460D46D0
:10A2B0003BB1142B05D0123B0B2B8CBF0120082087
:10A2C00038BDD2F81C3193BB92F8D03013B9204678
:10A2D00014F09FFC6268D5F80B30C2F8DE31D5F877
:10A2E0000F30C2F8E2316368D5F81320C3F80821B3
:10A2F0001A88A3F8E122D5F80120C3F8E322D5F8A3
:10A300000520C3F8E7226368B5F80920A3F8EB221B
:10A310006368002283F8EE2160680C4900F536700E
:10A3200014F07EFA6368162283F88D200BE00C226D
:10A330002046032114F091FC63683222204683F802
:10A340008D2014F066FC0020BAE700BF69A101016E
:10A3500038B54368044693F88D201D2A04D040F296
:10A36000D9111F20EEF7AAFD002293F8D0101D8806
:10A3700003F5D47083F8CF2069B10B4983F8D0205E
:10A38000A3F8B25183F8B12114F04AFA63680022AD
:10A3900083F88D2038BD012283F8B111A3F8B251A2
:10A3A000024983F8B421EFE77FEF020171EF020168
:10A3B00038B50578446825B994F88D302BB1012063
:10A3C0001CE0D4F88030DB07F9D4D1F801200F4B22
:10A3D000D1F8051013400E4AC4F8E030C3F3076308
:10A3E0000A4043F00803C4F8E42084F8E33014F092
:10A3F00010FC25B9042384F88D30002038BDD4F832
:10A40000803043F00103C4F88030F6E72FC904F729
:10A410006FDB008038B5436893F88C20042A32D172
:10A42000D1F801204C1C0078D1F80550C3F8E02089
:10A43000C2F30762C3F8E45042F0080283F8E32055
:10A44000002283F8CA2083F88C2008B983F83301EE
:10A4500093F83421AAB993F88A2102F0FF0082B957
:10A460001A8883F88B0103F5C170A3F88C21D1F809
:10A4700001200649C3F88E216268C3F8922114F0C6
:10A48000CFF9002038BD0120FCE700BF95F10201A3
:10A49000436893F8342112B1084B1B68184793F8AE
:10A4A0008A2152B91A8803F5C1700549A3F88C2195
:10A4B0001A2283F88B2114F0B3B97047700600217B
:10A4C00095F1020110B50446FEF70AF8044A054B5F
:10A4D000024009200B40C4F80120C4F8053010BD2B
:10A4E0002FC904F76FDB008037B50C464568FDF7D0
:10A4F000F7FF0A4B0A4A03400A4095F8E010009320
:10A500000B4001928DF800306B4603CBC4F801007C
:10A510000920C4F8051003B030BD00BF2FC904F7EF
:10A520006FDB008038B5DB04154604D5837C13B19E
:10A530000023436338BD446B0134446314F0B4FE1C
:10A54000836B9C42F6D30023034943632846BDE84E
:10A55000384014F06EB900BF03F2020170B54468D0
:10A560000546067894F88C30012B09D026B994F86A
:10A570008D302BB101203DE0D4F880309807F9D41C
:10A5800094F8D1309A0713D44A78D80784F8DB209E
:10A590004A88A4F8DC208A88A4F8DE2043F002026E
:10A5A00084F8D12010D5194904F1D20014F041F9F2
:10A5B00094F8D130D90712D4EEB994F88D3043B164
:10A5C00052214020EEF77AFC94F83231002BEAD188
:10A5D000EEE7012384F88D30284614F01AFB94F836
:10A5E0008C300020012B4FF0000304BF84F88C3026
:10A5F00084F8CA3070BDD4F880309A0701D557214D
:10A60000DFE743F00203C4F88030E5E7C9F2020156
:10A6100070B54568044609F0C1FB054B014685F855
:10A620008B001B681BB12046BDE87040184770BD09
:10A6300078060021024B1B6803B11847704700BF22
:10A6400074060021F0B51F4D00242B7814709BB1C7
:10A65000013B6D68DBB21E1B012E0FDC05EBC4064F
:10A6600055F8347076688E4208BF874227D0B842CA
:10A6700071EB060612D214700020F0BD1E1977107F
:10A68000C6F3470655F837C005EBC70E8445DEF81C
:10A6900004708F412CBF33463446DCE705EBC3041E
:10A6A00055F8335064688C4208BF854206D0A842F2
:10A6B00071EB040428BF01331370DDE71C46012051
:10A6C0001470DAE71413002110F0070208B503D064
:10A6D00063214820EEF7F2FB18B1034B1972586062
:10A6E0001A70C80008BD00BF14130021014B0022DE
:10A6F0001A70704714130021014B187A704700BF7D
:10A70000141300212DE9D34314F01AFE0DF10702B2
:10A7100007460E46FFF796FF90B90F4C2378227A32
:10A720009A420ED0626819469DF807E002EBC3001A
:10A730008E4509D302EBCE020133C2E900762370C5
:10A74000012002B0BDE8D08350E90289013960E8F8
:10A750000289C9B2ECE700BF1413002137B514F029
:10A76000EFFD0DF10702FFF76DFF58B10A499DF8A3
:10A7700007300A78013AD2B20A70496801EBC30186
:10A780009A4201D803B030BDD1E902450133E1E876
:10A790000245DBB2F4E700BF141300210A46064865
:10A7A000822302F8033B0368C1F803304368536017
:10A7B00083689360704700BF1D130021162200219B
:10A7C00001480FF0B5B800BF1D130021F7B51E4CAE
:10A7D00002AB03E90300637DA3B39DF800300D468F
:10A7E0002BBBD1E9727615F0CFF895F87420174B92
:10A7F0008A3033F812304FF47A7203F23F63B3FBBE
:10A80000F2F3DB192A8846F100061B18228046F174
:10A8100000066360A660B5F8863002220C4904F198
:10A820000C00638003B0BDE8F040FEF715BF53068F
:10A8300008D50B882380D1F868326360D1F86C3278
:10A84000A360E8E703B0F0BD1D1300213CC4030181
:10A850009DA7010108B50022034B1A600AF0A0FB76
:10A86000BDE808400DF074BE3413002110B5044655
:10A8700090F838303BB90246034908300DF07CFEB1
:10A88000012384F8383010BD87F7020110B5044663
:10A8900090F838303BB90246034908300DF06CFEA1
:10A8A000012384F8383010BD11F802012DE9F0437E
:10A8B000044689B00F46914690F83830012B7AD182
:10A8C0003E4B83620CF0CEFC05460E4600F03EFA8D
:10A8D00049463846276500F0FDF90146804604F1F7
:10A8E000480000F0BFF940F6B833ED1846F1000615
:10A8F000B9F1010F4ED100F0DDF98269002A54D080
:10A90000A16D7B1E90460B44B3FBF1F34B43DB1B65
:10A91000D2E9000761EB0101181841EB0701CDE90D
:10A920000056A26D15F03EF80746B8F92400022142
:10A93000A4F86C0014F0A4F8B4F86C303F18A3EB42
:10A940000003A4F86C304FEAE07343F100037F1971
:10A950003D4646EB030600F0FFF9204614F044FDA7
:10A960000027236B03905B6820688DF80870984778
:10A9700004238DF810008DF81130CDE9065602231E
:10A9800084F83830204602A914F0A7FD384609B0F3
:10A99000BDE8F083B8F1000FDDD0D8F80830D8E971
:10A9A0000021981841F10001B9E7B8F1000FD2D0A9
:10A9B00028463146B3E70C20E9E700BF87F70201DC
:10A9C0002DE9F04786B00446174698460E9990F850
:10A9D0003830012B43D1234BB2F1C905836248F1D2
:10A9E000FF39BDF840306D18A0F8543049F1000926
:10A9F000BDF83C30C0E91228A0F868304FF0040AD6
:10AA000080F838A014F021FD0023064620688DF858
:10AA10000030236B1B68984700F5DD70236B00EB5B
:10AA200046005B68019020689847AD1B8DF80800D0
:10AA3000694669F1000320468DF809A0C4E916783B
:10AA4000CDE9045314F0D8FC48B1049B059AC933EE
:10AA500042F100029B1942F10002C4E9123206B031
:10AA6000BDE8F08711F80201024610B5072928D881
:10AA7000DFE801F0042A272713182124438F01332C
:10AA8000438714F071FE0146136B106819B9DB6837
:10AA9000BDE8104018479B68FAE7036B5B69BDE8A7
:10AAA00010401847094B1B68002BF8D140F2511198
:10AAB0000B20EEF703FA036B1B69F0E74FF4B1715B
:10AAC000F6E740F26511F3E710BD00BF3413002133
:10AAD00008B590F83820032A09D1022280F83820DE
:10AAE000084A826241B9BDE8084014F001BD40F255
:10AAF00007310B20EEF7E2F914F035FDBDE8084010
:10AB0000FFF7A8BE87F7020108B590F83820062A9B
:10AB10000AD1052280F83820094A826249B9012108
:10AB2000BDE8084014F052BD40F21E310B20EEF794
:10AB3000C5F9002114F04AFDBDE80840FFF78ABEC0
:10AB400011F80201418F10B50131B0F85440091BD2
:10AB500009040CD5D0E91210521A064963EB000320
:10AB60008A4273F10003ACBF0120002010BD012018
:10AB7000FCE700BF0140420F30B5D0E91614456E26
:10AB8000511A63EB04048D424FF00001A1410CD334
:10AB9000D0E91210521A064963EB00038A4273F19E
:10ABA0000003ACBF0120002030BD0120FCE700BF46
:10ABB0000140420F024B0022C3E90022704700BF50
:10ABC0003813002108B5044B186810B9FFF7F2FFDD
:10ABD00008BD0C20FCE700BF38130021024B187A97
:10ABE000003818BF012070473813002113B5CDE994
:10ABF0000012054BFF225A7200F11003DDE900013B
:10AC000083E8030002B010BD38130021C3693BB9CB
:10AC100083692BB9034B1B681B1A58425841704774
:10AC2000012070473813002130B50D4AFF231372FD
:10AC3000D0E9065373B1D0E902149D610C44D96880
:10AC40002144D960816939B1CB610023C0E9063361
:10AC5000137230BD1560F5E7002BF6D0D960F4E72C
:10AC60003813002110B5124AFF231372C16189B94C
:10AC70001368836103B1D86110600023C169C360A8
:10AC800099B1CB687BB18468A3420AD230213720C6
:10AC9000EEF714F98B6988618361002BEDD0D861E0
:10ACA000EBE71B1BC3600023CB600023137210BDB6
:10ACB00038130021014B1868704700BF381300217A
:10ACC000034B00201B6803B9704718469B69FAE7DD
:10ACD000381300210B4B002230B51B6804464FF09F
:10ACE000FF35104623B911B9002808BF104630BD02
:10ACF000DA68A24203D3AA423CBF154618461A4658
:10AD00009B69EFE73813002170B50F4CFF232372C6
:10AD1000036A1BB181689D68A94203D2E5213720EF
:10AD2000EEF7CCF8C2698669DA619E6152B193612F
:10AD30009A691AB1D361C26811444A1BDA600023D0
:10AD4000237270BD2360F3E738130021014B012209
:10AD50001A71704738130021014B00221A71704795
:10AD600038130021014B1879704700BF38130021B8
:10AD7000F8B54FF0000C0446284E084686F809C086
:10AD8000002135680B4685B9757A002DF6D15BB187
:10AD9000984225D3013CB0FBF3F11C4403FB01F5C1
:10ADA000B4FBF3F48C420ED9F8BD2F690BB19F426E
:10ADB00007D23B4627B94FF4A3713720EEF77EF850
:10ADC000A98AAD69DFE7B5FBF3F603FB165626B992
:10ADD000B5FBF2F602FB1656DEB10139ED1AE1E7DA
:10ADE000451E1D44B3FBF4F4B5FBF0F5AC42DBD3D8
:10ADF000B3FBF5F605FB16374FB9B6FBF2F702FBCE
:10AE0000176727B9B6FBF1F701FB17671FB10135CB
:10AE1000ECE72846C8E73046C6E700BF38130021F4
:10AE2000094B53F8203003F5234370B5A133164680
:10AE30004FF47A720C46B3FBF2F534440AF0C6FEC6
:10AE40002C44204470BD00BF28C403012DE9F04FFD
:10AE500099468BB00023044688461746069390F81F
:10AE600075B012F0F7FA064694F87F00FEF758F92D
:10AE7000064414F089FD94F88D3000F17B05B6B2DC
:10AE8000442B3BD00E2B39D094F88CA0AAF144016E
:10AE9000D1F1000A4AEB010A002F75D194F804326F
:10AEA000032B71D1BAF1000F58D0B4F8C03243452A
:10AEB00054D1D4F80C322046B4F8DC21C4F8F8316F
:10AEC000E369C4F8FC31B4F87A321344C4F80032B0
:10AED00003F08CFE41F64B53D4F8C82294F8D412F8
:10AEE0009A428CBF0023012359B9E1698A421ED0DE
:10AEF0002088029316F0DEFB029B18E04FF0010A57
:10AF0000CAE7208816F0D3FB20B940F25A713020EE
:10AF1000EDF7D4FFB4F8D0326386B4F8D23283812F
:10AF2000B4F8C032C7814381013B03823B4694F8A9
:10AF30007E20002A50D1002B4FD1D4F8C42284F8AF
:10AF40007E300223E262B4F8C22284F80432228600
:10AF5000D4F8C822E261D4F8CC22626294F88C1052
:10AF6000262945D0A1F128025142514194F88D2063
:10AF7000262A00D041B1B4F8C032A8EB03031B0469
:10AF800002D4204603F068F8B4F878E204F51273AE
:10AF900094F87500A8EB0E0E0293B4F886300FFA01
:10AFA0008EFEA8EB0303BEF1000F0FFA83FC21DA3B
:10AFB000E646D4E99823C4E99C23002384F81F3291
:10AFC000012394F80422032A00F2AD81DFE812F095
:10AFD000140029016E004B012BB14FF04D1262633A
:10AFE00000222287A9E74FF0961223876263A4E725
:10AFF0000121BBE74B46E4E7014694F8D60112F085
:10B00000F9FD8346E06A314658440CF06FF831464A
:10B01000C4F80802E0690CF069F894F87E3007A9DA
:10B020005B00DBB2034408A8C4F80C320AF0EEFA65
:10B03000079B0093DDE90823D4E99C010CF01AF981
:10B040000646204614F0E0FCD4F87C32E26A94F81C
:10B050007500069302920AF0C1FD069B00F523409D
:10B06000029A203BD4F80812A13013444FF47A72AC
:10B070005B1A30315B1BB0FBF2F05B442A469B1B32
:10B080001B1A94F875000693238E03EB4101FFF71A
:10B09000C7FED4F87C22069B22309B1AC4F810020B
:10B0A000B3F5A07F5DD240F2E44130E7E36A314678
:10B0B000D4F8FC0118440CF019F83146C4F8080221
:10B0C000E0690CF013F894F87E305B00DBB20344C7
:10B0D0002046C4F80C3214F097FCE36AD4F8FC6103
:10B0E0001E44B4F8DC31002B40F09780B9F1000F1A
:10B0F00000F0938094F875000AF070FDD4F80812FF
:10B10000D4F8683200F52340761A94F87520A130FF
:10B11000203E1E449E4B53F822204FF47A7302F2D5
:10B12000E732D4E998BCB2FBF3F2A6EB0B06B0FB16
:10B13000F3F01644761B361AD4F8F831D4F800220E
:10B1400094F8750002FB0311238E2A4606963031CF
:10B1500003EB4101FFF764FE0123C4F8100284F8F9
:10B160000432E36904F13C00D4F80C22F43B069964
:10B170009B1A5D1BD4F810329D4228BF1D46002348
:10B1800084F84832C4F8D851D4E99C325B1842F1B3
:10B190000002C4E9963213F0ACFB04232844A4F85F
:10B1A000788284F85132C4F84C02D4E99623C4E979
:10B1B0009C2303F067F820B1D4F84C321E33C4F856
:10B1C0004C32B4F8C831A3EB08031BB2002BD4BF38
:10B1D00000220122520084F85022BAF1000F40F000
:10B1E000A580B9F1000F40F0A48094F80432002B40
:10B1F00000F0BB80E16904F51270D4F80C32C91A72
:10B2000012F092FC80B2002800F0AF80149B03B1D2
:10B21000188001200BB0BDE8F08FD4F80812761A20
:10B220008AE7D4F80C22E369D4F800129B1AD4F808
:10B23000F8610EFB03F30693B4F8DC319C44D4F8B8
:10B240000832ACEB010C30330CF1FF3C06FB013350
:10B25000218E02FB0C332A4601EB4301FFF7E0FD90
:10B26000C4F810027DE7E26902FB0EF20692B9F122
:10B27000000F1BD0B4F8DC11C1B984F81F12D4F848
:10B280000C1201FB1E2EB4F8DC210291CDF818E05F
:10B2900003925BB352BBD4E99A61D4E99823B242DA
:10B2A00073EB010108D340F22B5130E694F81F12E2
:10B2B00000297FF456AFE2E7354B203E53F82B10C0
:10B2C0004FF47A7BD4E99823CDE9042301F2E733E4
:10B2D00001F52341049AA131B61AB3FBFBF3B1FB8C
:10B2E000FBF11E44761A761B76440696039E2A4688
:10B2F000029B66445E43303676003146FFF790FD90
:10B3000041F64B53C4F81002E06998423FF629AF6A
:10B3100006AB2A463146009304F5047312F087FC0D
:10B3200084F81F021DE740F24351F0E5B9F1000F28
:10B330001BD0B4F8F00110B3B4F8F21194F8F42172
:10B340004D1CA4F8F21101FB022290420DDD002BEE
:10B350000BDD0023A4F8F25184F85032FEF758FABE
:10B3600000F00700013084F8F40104F5127104F5CF
:10B3700008700DF00BF920B940F28D51C7E5014678
:10B38000DCE787F0010784F81C72002042E700BF69
:10B3900028C40301F0B5044685B018B9A9213020AE
:10B3A000EDF78CFD072900F2D980DFE801F004CF2A
:10B3B0002D2D28D7CAD590F81C32B0F88620ABB115
:10B3C000B0F81A32934208BFB0F8CC319A1AA0F8FC
:10B3D000CE21A4F886302046D4E99623C4E99823E8
:10B3E00002F0A0FE94F8D33105B0F0BDB0F81832E9
:10B3F0009B1AA0F8CE31B0F818329BB2E9E705B03D
:10B40000BDE8F0400AF00EB90BF02CFFD4E9982308
:10B41000801A61EB0301012871F1000302DA4FF495
:10B42000C361BCE76FF0010383424FF000038B411F
:10B4300002DA40F21961B2E7E3690BB1B0FBF3F352
:10B4400094F88D00B4F81A22442810D094F88C1087
:10B45000433901290BD90E2809D0B4F886100B44C2
:10B460009BB2D11A0D0444D501339BB243E00132A3
:10B47000A4F81A22B4F87A3202AEB4F88650013336
:10B48000374FA4F87A32B4F8C2301D44B4F8C03053
:10B49000013DED1AADB23B685BB1B4F81A1200225F
:10B4A0002046013989B29847B4F81A321844A4F8F2
:10B4B0001A02B4F81A126B1A18042CD4002320466E
:10B4C00000961A46FFF7C2FC01288DD1B4F81A2263
:10B4D000B4F8C811BDF808301344521A12049BB2D4
:10B4E00004D5EA1A12F4004F18BF0B46A4F81A321A
:10B4F000D1E7013293B2A4F81A3294F81D32002B2E
:10B50000B8D1B4F8CC31B4F81A22934204BF013355
:10B51000A4F81A32AEE794F8903030460394002B2A
:10B5200014BF08233E2384F8AF3001238DF8083080
:10B53000FEF7F2FD204615F046F8002384F80432A9
:10B5400052E705B0BDE8F040EFF7FAB990F80432E1
:10B55000042BF2D0CB2122E7D12120E7D5211EE711
:10B560007C060021F7B5044618B9DD213020EDF73F
:10B57000A5FC072900F2B580DFE801F0048244440D
:10B580003FB32FB10BF0CCFFC4E95A01204602F0C3
:10B590001FFAD4F85C01DC380BF066FE204614F08C
:10B5A000ACFD054608BB0146204614F015FD00F130
:10B5B000F606D4F85C01B04209D2301A03214028C3
:10B5C00038BF40200BF07CFF68B10BF04FFEC4F891
:10B5D0005C61204614F0CEFD4DB1204603B0BDE8BD
:10B5E000F04014F0C8BD0125F1E70025F1E7D4E9EA
:10B5F0005A23C4E9542303B0F0BD03B0BDE8F040C2
:10B600000AF010B814F037FD042307460E4684F8FC
:10B6100061310BF027FE0722A7FB023502FB06551E
:10B62000D4F854210192D4F850219B18019A45EB8B
:10B630000205D4F8382132B157EA060203D0984205
:10B6400071EB050216D2022284F86021D4F8702131
:10B65000D4F874C1121A6CEB010C94F880E1BEF1BD
:10B66000000F09D1012A7CF1000E0DDA204602F00C
:10B67000B7F905E00122E7E7012A7CF1000CF5DBD0
:10B68000002384F87831B6E7984271EB050E0ED2AC
:10B690003E430CD01B1A65EB01019A427CEB010082
:10B6A00005DB012B71F10000A4BF1A468C460E4940
:10B6B000012304F58870914284F879314FF000033A
:10B6C00084F8583173EB0C03B8BF0A4604F5AC712B
:10B6D0000DF00CF800288ED140F2CA6146E7FB213C
:10B6E00044E7FF2142E700BF0040420F2DE9F84345
:10B6F00004460E46154690F8783103F0FF07002BFC
:10B7000040F0A28000F588783946782240460EF055
:10B710000FF922464D4940460CF02EFFC4F838611F
:10B72000FF2384F8783166B1FEF78AF800F007004D
:10B7300032464749013086F8F40106F508700CF0EE
:10B740001BFF40F202434FF00009A4F8603184F877
:10B7500058910BF011FD00F1BC06204614F0CDFC11
:10B760000146B6B2002845D011F074FE00F5CD6157
:10B77000284689B20BF0BAFC2844C4F85C010BF0EF
:10B7800071FD30184FF00106A4F8269041F1000138
:10B7900084F83C61C4E95A01204614F0C5FC20B38A
:10B7A000A5F2F2453146204614F016FC2D1AC4F8D5
:10B7B00040514FF0FF356FF000414046D4E95A2325
:10B7C000C4E95C51002504F5AC71C4E95223C4E915
:10B7D000542384F8795142F210720CF087FF60BB59
:10B7E00040F2C9113020EDF769FB3046F63D14F008
:10B7F00095FDDBE72046DFF85C9014F0EDFBF630BA
:10B80000C4F85C01B9F8000048B1E08C38B1FEF72B
:10B8100017F8B9F80030B0FBF3F202FB130006444E
:10B820000BF020FD361841F10001C4E95A61002DEA
:10B83000BFD0AD1941F10001BFE72946204614F001
:10B840009CFC3846BDE8F8830C27FAE765B5010192
:10B8500095B3010144130021F0B5002385B0CDE973
:10B86000003303238DF806306846EEF791F888B16F
:10B870000123124EB3700023CDE9023302238DF869
:10B880000E3002A8EEF784F8044638B10023B370F6
:10B8900005B0F0BD009814F012F9E5E7029D95F8A7
:10B8A0000432002BEDD005F5087738460CF0E0FEA9
:10B8B00038460CF017FF85F80442E2E744130021F4
:10B8C000044B0022DA709A7042F210721A80FFF76D
:10B8D000C3BF00BF44130021014BD870704700BFA5
:10B8E0004413002108B508F0E5FE044B5A68824273
:10B8F0002ABF9878002080F0010008BD4413002181
:10B90000F0B5044685B090F8D33103F0FF05002B65
:10B910006AD190F80432032B66D10BF0A3FCD4E972
:10B920009823801A61EB0301012871F100035BDBAE
:10B930006FF00103834275EB010104DA40F2C1515B
:10B940003020EDF7BBFAE269B4F886300AB1B0FBFB
:10B95000F2F2013313449BB2A4F81832B4F8CC319C
:10B96000B4F818229B1A1BB2002B3DDD04F50870B9
:10B970000CF07EFE002837D0FF2384F81D32B4F887
:10B98000C2300DF10E07B4F88650184E1D44B4F8BD
:10B99000C030013DED1AADB2336863B1B4F818128E
:10B9A00000222046013989B29847B4F81832184469
:10B9B00080B2A4F81802B4F81832EB1A1B0413D49E
:10B9C000B4F8181200230122204689B20097FFF72D
:10B9D0003DFA012808D1B4F81832BDF80E201344FE
:10B9E0009BB2A4F81832D7E705B0F0BD7C06002161
:10B9F0002DE9F3410446062900F29E80DFE801F0BC
:10BA0000042714242B3097004D4B9B7803F0FF0242
:10BA100053B900920123B0F8CC11FFF717FA30B1F7
:10BA200040F2E66130202AE0042384F8043209F071
:10BA3000B7FA0CF08DFD0023B4F88620A4F87A3212
:10BA4000A4F81A2284F81D3202B0BDE8F081032365
:10BA500080F80432F8E708F07FFEC4E99A01F3E7C2
:10BA600011210088EDF75AFF00285ED094F8753058
:10BA7000022B58D005D8012B08D0DC21B420EDF7DB
:10BA80001DFA033B012BF8D81E3000E00A308588F0
:10BA900094F87500DFF8A880C31E012B8CBF002628
:10BAA000282613F09AFFC230D4F80C2206F5A976A6
:10BAB000A84234BF2B1A0023E56999188D428ABF2A
:10BAC000AD1A0025ED1A98F803301BB9E36B9D42BF
:10BAD00028BF1D46D4F8D87104F13C0012F009FFCC
:10BAE000074402200BF0C0FC0221ED1B25EAE5759E
:10BAF000854228BF054628460BF0E2FC10B12F44D2
:10BB00000BF0B4FB012332463946204612F095FF74
:10BB1000D4F8D831C8F80400E069184402B0BDE890
:10BB2000F0410BF0A1BB1430B1E79625B0E702B0AD
:10BB3000BDE8F04113F068BF40F2B47172E700BF96
:10BB400044130021014B1880704700BF44130021AB
:10BB5000044B1A78012AD0B203D01878831E5842B9
:10BB6000584170474C1300210C4B4FF47A7233F854
:10BB70001130023903F2E733C9B2B3FBF2F3022901
:10BB800000F1FF3210B54FEAC21296BF044CF0210B
:10BB900034F81110134400FB013010BD3CC4030104
:10BBA000F4C20301D928F0B5054628BFD925BDF850
:10BBB00014600446303501F5A57006F00207ADB2F9
:10BBC000FF2D28BFFF2516F0010621D10FBB002B4A
:10BBD00000F0C580911EC9B2022996BF7B4D40F688
:10BBE000480135F811100844D92C7FD9D93C951E4D
:10BBF000F721A4B2EDB2002B00F0CF80F634022D75
:10BC0000B4FBF1F400F2C680714B33F815306BE0F1
:10BC1000EFB1911EC9B2022997BF6E4D4FF4147156
:10BC200005EB4101C9880144D01E012837D801F62F
:10BC300014409830002E3BD0023AD2B2022A97BF6D
:10BC4000644BC02303EB42035B8A18444EE053B1BC
:10BC5000911EC9B2022997BF5E4D40F6480105EB1F
:10BC600041018989DFE7042A05D1691D89B289016B
:10BC700001F5C871D7E7032A05D1691D89B2090109
:10BC800001F5BF71CFE7022A0BBF05F10B0105F1EA
:10BC90000A0189B289B20CBF8900C900C3E7022A30
:10BCA00001F19C0114BF4FF4B070B4200844C0E708
:10BCB000EBB1911EC9B2022996BF474D40F648012B
:10BCC00035F81110D92C084410D9D93C951EF7210C
:10BCD000A4B2EDB24BB3F634022DB4FBF1F459D853
:10BCE0003C4B03EB45031B8B03FB0400F0BDF12C25
:10BCF000214628BFF121042A05D1133189B28901D7
:10BD000001F5C871DEE7032A05D1133189B20901B3
:10BD100001F5BF71D6E7022A0BBF1931183189B27C
:10BD200089B20CBF8900C900CCE7B4FBF1F3022D46
:10BD3000DBB239D8294931F8151001FB0300C3EBF8
:10BD40004311C3EBC103E41AA3B2002BCED00833D6
:10BD5000042A9BB22BD19B0103F21A4375E7042AF4
:10BD600006D10535ADB2AD0105F5C87528443BE7F0
:10BD7000032A05D10535ADB22D0105F5BF75F5E7EF
:10BD8000022A0BBF0B350A35ADB2ADB20CBFAD0008
:10BD9000ED00EBE740F69213A6E7B4FBF1F3022DBA
:10BDA000DBB201D80E49C6E740F69211C5E7032A77
:10BDB00003D11B0103F5467347E7022A0BBF9B0023
:10BDC000DB0003F5BB7303F5CD733EE700C303014E
:10BDD0000CC30301F4C2030100C303010CC303013C
:10BDE0000CC30301264B5A6A10B5D2F80F30036218
:10BDF000537D117D1B0443EA0123D17C0B436FF477
:10BE000050618362B2F81930591806298DBF40F28B
:10BE1000E241A3F550634FF47A714B438EBF00218A
:10BE20004B430121C36180F87E10937DD9B103EBB0
:10BE3000830303EB83039B000386B2F81730D9B169
:10BE400064214B43C362B2F81B308384B2F81D30C7
:10BE5000C38492F8243003F01F025B0980F8A1200C
:10BE600080F87F3010BDC3EB431403EB840303EB76
:10BE700083035B009BB2DFE740F2E241E1E700BFF2
:10BE80004C130021042937B5144617D19B0103F543
:10BE90003473417990F844500139C9B203291AD852
:10BEA000194A0A44907FE201CA3203FB0422174B6D
:10BEB0009A4215D940F289712D200FE0032903D150
:10BEC0001B0103F5E773E4E702290BBF0B330A33C9
:10BED0009B00DB00DDE740F2D9310620ECF7EEFFF6
:10BEE0001E23B2FBF3F205F03F03110AD2B241EA7E
:10BEF000401143F04003002063F3070062F30F207A
:10BF000061F3174003B030BDF4C20301C3BF0300A7
:10BF10000346074A506AD3F86920C0F80320B3F8F3
:10BF20006D20A0F8072093F8681012F01FB800BF2A
:10BF30004C130021D0F8803073B50BB101221A6088
:10BF40004388DB0724D50023124E056ACDE9003370
:10BF500002238DF80630FF2333776846EDF718FD8E
:10BF6000B0B9009CA542F8D005F10A036A7A04F141
:10BF70000A01607A11F0C3FC0028EED0A378337771
:10BF8000D4F80330C6F81D30034BB4F807209A806C
:10BF900002B070BD4C1300216913002138B5084D63
:10BFA000044600F169010623686A002212F0F0F8E5
:10BFB00094F86810686ABDE8384011F0D7BF00BF38
:10BFC0004C13002107B515F091FA8DF807000548CC
:10BFD000012306220DF10701406A12F0D9F803B0DF
:10BFE0005DF804FB4C130021034B586910B140303D
:10BFF00013F0BABB704700BF4C130021034B986984
:10C0000010B1403013F0B0BB704700BF4C1300219B
:10C0100070B504460E461346807F6588324615F09B
:10C02000040118BF04F17701FCF72EFF4107054614
:10C0300021D4C2070BD50123A07F84F86830FCF718
:10C04000F5FF0368C4F869308388A4F86D30AB0746
:10C0500001D4012070BD094B0121586AD4F8773012
:10C0600084F87610C0F80930B4F87B30A0F80D30B1
:10C0700011F089FFEDE70020ECE700BF4C13002131
:10C0800010B50446084694F8D8306BBB23780829CD
:10C0900004F1DB0284F8D93016D004F1DA01FCF7A0
:10C0A00073FE20B940F65C712D20ECF707FF94F881
:10C0B000DA3043F0020384F8DA3004F1D0000B499F
:10C0C000BDE8104012F0ACBB094B586A034613F8A8
:10C0D000031BC1F3801184F8DA10D0F80310C4F800
:10C0E000DB109B889380E8E710BD00BFA9FC02012C
:10C0F0004C13002170B504460E461546FCF7B2F904
:10C1000098B92378A4F8C16084F8C030637C84F8BF
:10C11000BF500BB194F8483004F1B60084F8C33036
:10C120000249BDE8704012F07BBB70BDD1FE020138
:10C1300010B504460E498C3012F072FB0D4904F123
:10C14000C40012F06DFB94F89520B4F896102046C8
:10C15000FFF7D0FF084B00221A70084B1B682BB169
:10C160002146206A0222BDE81040184710BD00BFDA
:10C1700031FD020193FC02014C13002184060021D1
:10C1800003292DE9F043054685B0174607D14388BA
:10C19000980723D40024204605B0BDE8F0834288E8
:10C1A00090F88830D107DBB2F4D5002BF2D14FF0F4
:10C1B0000108DFF8D49099F80C60C6B111F0E3FBE8
:10C1C0000828387016D002AA0DF10701FCF7DCFD33
:10C1D00038B940F6E6612D20ECF770FE4FF002080A
:10C1E000E7E702A99DF8070013F0B6F806463B788A
:10C1F000082B08D1D9F8241011F8030BC0F38010D4
:10C2000013F0AAF80646D9F8241005F1700395F842
:10C210006F2011F8030BC0F3801011F070FBD9F8F8
:10C220002410044611F8030BC0F3801011F0A1FB99
:10C230008146FCF70DFF40B1B9F1080F1BD048460D
:10C24000FCF7A4FC80F00103D8B23A78082A14D095
:10C250001CB9AC7FA21A544254416A8853079AD43D
:10C26000002897D176B92C7D444518BF002C0CBF0F
:10C27000012400248FE70020E7E780F0010222403C
:10C28000D4B2EAE7344686E74C1300212DE9FF419A
:10C2900008230DF10702052104468DF80730FFF74A
:10C2A0006FFF054620B90025284604B0BDE8F0819F
:10C2B000F8F79EFF06460028F5D1334F0DF1080828
:10C2C000216A7A6A91F89530104610F803CB03EA98
:10C2D0005C1303F0010381F89530D2F80330C1F804
:10C2E00003308388A1F807301146D4F820C011F834
:10C2F0001F3BC3F380138CF80230D2F81F000B7978
:10C30000029060468DF80C30FFF76CFD434694F9BF
:10C3100013200121206A13F04DFD216A84F89560F5
:10C3200020460B889DF80720A4F89630FF2384F858
:10C33000B3304FF6FF73A4F8B43013F062FD134925
:10C3400004F18C0012F06CFAFCF78CF860B9236AE7
:10C3500004F1C4000E491A88A4F8CD2093F8953052
:10C3600084F8CF3012F05CFA236A00222046198844
:10C37000FFF7C0FE074B00221B683A70002B93D0DA
:10C380002146206A98478FE74C13002131FD0201B6
:10C3900093FC020184060021032973B5044604D0EE
:10C3A000052927D0012002B070BD08230DF1070236
:10C3B0008DF80730FFF7E4FE0028F3D0237C23B18B
:10C3C0009DF807102046FFF75BFE0F4D062204265E
:10C3D00020466B6A5A701E70FFF79AFD686A94F8DF
:10C3E0005C20A16D11F0E8FD686A2E7008F07EFEF9
:10C3F0000020D8E7054B1B68002BF9D0984780F048
:10C400000100C0B2CFE700BF4C130021800600211D
:10C4100038B5B0F848300446194D0133C3F30E0364
:10C42000A0F848302B7B2BB108F078FF07F04EFDC9
:10C4300000232B7300232B7094F889302BB101213A
:10C440002046BDE8384013F09CBB637CB3B1B4F820
:10C4500048209A4212D30121204613F092FB6388B0
:10C460002046DB0747BF236A432243224FF6FF7172
:10C4700048BF1988BDE83840FFF73CBE0021DFE720
:10C480004C13002110B5FFF763FB064C28B1237B4A
:10C490001BB108F043FF07F019FDA06ABDE810408A
:10C4A000FFF7B6BF4C1300210346074A906A03B951
:10C4B00009B9FFF7ADBF1378D26A03F1804312695F
:10C4C000033B52F8233018474C1300212DE9F34168
:10C4D0000146FFF73DFB054620B940F671412D208E
:10C4E000ECF7ECFC3A4CA26A176A0FB197F87D7032
:10C4F000C9B3616A02F1690392F8682011F8096B07
:10C50000F00911F0FCF970B306F00F06606A052E11
:10C510003CD190F8243003F01F03102B36D9D4F807
:10C52000288098F812308BB308230DF107023146AA
:10C5300040468DF80730FFF723FEA0B198F8E930A8
:10C540008BB9626A08F1EA01D31C233253F8040B59
:10C55000934241F8040BF9D11B8808F1E1000B80EC
:10C560001C4912F05DF9237B1BB108F0D7FE07F0E0
:10C57000ADFC55B3A06A13F0BDFA00B308F080FC1F
:10C58000E36A9B6802B0BDE8F0411847394611F0F4
:10C5900022FD0028E7D0A56AFFF7DAFA10B940F6C5
:10C5A0004B419CE723782846E26A314603F18043F9
:10C5B0005269013B52F8233098470546D3E7A06AF9
:10C5C00002B0BDE8F041FFF723BF02B0BDE8F08143
:10C5D0004C130021C1FC0201F8B504460F4619B303
:10C5E00000F13005284613F043FEA0B963881A070E
:10C5F0002ED5284613F051FE0646284613F038FE85
:10C60000301AC0B213F08AFE474A536803442846E2
:10C61000536013F00CFE284613F00EFE08F09CFA4F
:10C620002179252008F0E2F83F4E002394F8762087
:10C63000706A037043706388103B0D2B64D8DFE889
:10C6400003F05F635B0C6340636363636363634036
:10C650002046BDE8F840FFF7DBBE062343702023E9
:10C6600003702046FFF754FC638823F008039BB255
:10C67000152B05D094F85420216D706A11F08DFCB3
:10C68000706A08F033FD032321790020337008F02D
:10C6900079FA054607B9B06063881B0704D513F023
:10C6A0003AFE0544C4F844516388103B0D2B36D83C
:10C6B000DFE803F038352F2F352F35353535353553
:10C6C000352F0C2321214370034603F8091B52B177
:10C6D000D4F877200121C0F80920B4F87B209A8093
:10C6E00011F051FCBDE7226FC0F80920B4F87420A6
:10C6F0009A8094F86F10F3E7062303704370B0E755
:10C70000022303700623F9E740F24D612D20ECF778
:10C71000D5FB21790120BDE8F84008F009BF40F6BB
:10C72000E441F3E7F8BD00BF4C13002138B543885E
:10C730000446102B04D10121BDE83840FFF74CBF5F
:10C740000B4D2B7B23B107F0A5FB402008F0DAFD51
:10C75000686A08F0CBFC608810F0040002D12179EF
:10C7600008F0E6FE002008F0A9FD01232B7038BD7B
:10C770004C13002103292DE9F743044605D0052970
:10C7800000F08480FFF744FE7CE008230DF10302F3
:10C790008DF80330FFF7F4FC002875D0237C23B11B
:10C7A0009DF803102046FFF76BFC0123B4F80280CC
:10C7B0003C4E00251F464FEA9812706A294662F3E4
:10C7C000861707224370C8F380180270C57011F0F5
:10C7D00009FD2A463946706A11F00BFD2046FFF725
:10C7E000DDFB706A11F070FDB4F85C30C0F1FE053D
:10C7F000AB42B4BFDDB2EDB2AB422AD947F010076D
:10C800000022A5F10309706A3946023D11F0F1FCDE
:10C81000706A11F0E3FC411920465FFA89F9C9B248
:10C8200013F0BAFA0422C0F307238DF80400C0F312
:10C8300007400DEB02018DF805304D4603238DF8BE
:10C840000600706A11F0A4FC00223946706A11F0EB
:10C85000D0FCB8F1000F06D094F9132094F84410DE
:10C860006079FFF7AFFB2A46A16D706A11F0F5FC05
:10C87000FF20F581617907F0B9FF0723706A3370F3
:10C8800008F034FC002009E020467BE7064B1B68DB
:10C89000002BF7D0984780F00100C0B203B0BDE88C
:10C8A000F08300BF4C1300218806002110B5144C02
:10C8B000237B1BB108F032FD07F008FBA06A13F0E0
:10C8C00019F9A16A18B14B8803F0180323B9084677
:10C8D000BDE81040FFF79CBDFFF73AF920B940F6DC
:10C8E00075312D20ECF7EAFA23780846E26A03F165
:10C8F0008043D268013BBDE8104052F8233018470E
:10C900004C1300212DE9F04F44888BB016460546A4
:10C9100014F0030204F002030291019204F00402F5
:10C920001DD0E10705D54BB140F27A612D20ECF71F
:10C93000C5FA002BF8D04FF0020A12E01FFA82F875
:10C94000002A00F0A5804FF0010A002E00F0F680CA
:10C950004FF000084FF00109C34601210EE0DDF859
:10C9600004A092B2002B55D0002AEED1002E00F088
:10C97000E580904693464FF001091146012714F0D7
:10C98000400003D0002E00F0E780012047EA410478
:10C990008C4F0022012144EAC9047B6A44EA0B144B
:10C9A0005A70597044EA481444EA8014072004F08D
:10C9B0007B041870A046002E40F0EC80DE7000234F
:10C9C0005146786A019311F00DFC786A2146019A6C
:10C9D0005FFA84FA11F00DFCE00702D52846FFF754
:10C9E000DDFA1AF0020F0ED0029B786A002B00F0DD
:10C9F000DF8005F177010623012211F0C9FB012137
:10CA0000786A11F0C0FA0023002B00F0DD8040F6B8
:10CA10005C018BE704F0200B002A4ED126BBB5F851
:10CA200054208AB1BBF1000F40F088802F794FF07D
:10CA300000084FF0010B033F012F94BF002701278F
:10CA40004FF0010941469AE7BBF1000F76D1FFF79D
:10CA5000CBFA0028EAD1FFF7D1FA01460028E5D148
:10CA6000B046B346B14689E7FFF7BEFA804610B933
:10CA7000FFF7C4FA8046BBF1000F66D12F794FF063
:10CA800001095946033F012F8CBF0027012776E794
:10CA9000077966B9A7F1020C4FF0010AB04631469A
:10CAA000DCF10007D346D14647EB0C0767E7023FAE
:10CAB000B246C34618BF0127C2E74EBBB5F85420A3
:10CAC000AAB1BBF1000F21D12F79033F012F94BFF1
:10CAD0000027012729794FF000084FF0010B033997
:10CAE000012994BF002101214FF0010947E7BBF163
:10CAF000000F0BD1FFF778FA0028E5D1FFF77EFA97
:10CB000081460028E0D1B046B34626E73746E1E744
:10CB1000FFF76AFA804610B9FFF770FA8046297964
:10CB2000033901298CBF00210121BBF1000F14BF83
:10CB3000002701F001074FF0000BD5E74FF0010B84
:10CB4000B04631463746D94619E74FF0000B4FF053
:10CB5000010959465F4612E7B5F8540030B128790B
:10CB60000338012894BF002001200FE7688800F0F7
:10CB700023000028F3D10391FFF736FA0399002828
:10CB8000EDD1FFF73BFA03990028E8D1019B002B78
:10CB9000E5D1FAE6DA70FFF731FA00283FF40FAF7B
:10CBA000BB6993F8E530002B3FF409AF0A2307E790
:10CBB00005F170010623012211F0EAFA95F86F10D1
:10CBC0001EE700BF4C1300211AF0080F19D06A6C41
:10CBD00005A98DF81530C2F30B22BDF81430786A20
:10CBE00062F30B0395F84620ADF814301209C3F335
:10CBF000072362F3071303228DF81530022311F087
:10CC0000C7FA1AF0200F00F0AF80D5F86831029310
:10CC1000D5F86C310393BB69002B52D09B46DBE9FE
:10CC2000229AFFF7EBF978B1B86990F8E50058B1AE
:10CC30000BF1400013F0AAFF30B9DBF8980010EBBD
:10CC4000090081464AF1000A9BF810C0A2483B69DE
:10CC500030F81C004FF47A7C029900F2E730B0FB08
:10CC6000FCF2D3F1900C60EB0000BCEB010C0399DB
:10CC700060EB010012EB0C0C9DF8151040F1000068
:10CC80001CEB090201F0BF01D5F85CC14AEB0000C2
:10CC9000B2F5161F70F1000A0DDAB2F5703FACEB79
:10CCA000030C70F1000A4FEAEC7E0DDB94457EEB3D
:10CCB000000EC0F2088121F020018DF8151000222D
:10CCC00016E0D7F814B0AAE7944521F020017EEBD6
:10CCD000000E8DF81510F2DA9DF8151011F0200FE6
:10CCE0000CBF1E214FF49671B2FBF1F2C2F30C029D
:10CCF000BDF8141062F30C01DBF89820ADF81410A5
:10CD000040F2E241B2FBF1F2ADF81620DBF8172059
:10CD10009BF81B1006929DF81C2061F304028DF80D
:10CD20001C20FBF70DFC9DF81C2060F347128DF8CA
:10CD30001C209DF8152022F080028DF81520DBF8CC
:10CD40000020BBF87A30CDF81D209BF80420013379
:10CD50008DF821209BF805208DF822209BF80620D5
:10CD6000ADF824308DF82320012E53D1B5F854307E
:10CD7000002B4FD06B8899074CD4DFF860B1DBF8FB
:10CD8000240011F02BFA00F1010AB5F85410034603
:10CD90005FFA8AFABBF80E20CAF1FF008A1A8242B3
:10CDA000AABF6FEA0A0A5FFA82FA5FFA8AFA514565
:10CDB00025D96A88D20722D444F01001019A786AF2
:10CDC000AAF1030A8846029311F013FA029B5FFA54
:10CDD0008AFA2846191D5144C9B212F0DDFFC0F38A
:10CDE00007238DF81000C0F307408DF8113004229E
:10CDF0008DF81200032304A9786A11F0C9F952468C
:10CE0000296DDBF8240011F028FABBF80E309A44A3
:10CE1000ABF80EA018F0200F5FFA88F406D02F4868
:10CE20001223052205A9406A11F0B2F963060CD558
:10CE3000002E4DD105F130002C7913F039FA01465E
:10CE400095F913202046FFF7BDF8FFF7D7F8002823
:10CE500036D0224CA36993F8E5308BB30721606A82
:10CE600011F0B5F9092340F2E24203703223437016
:10CE7000A369D3F8B8308370A369D3F8B8301B0A1C
:10CE8000C370A369B3F8BA300371A36993F8BB30D8
:10CE90004371A36993F8C9308371A369D3F8BC3097
:10CEA000B3FBF2F3C371A369D3F8C030B3FBF2F361
:10CEB00003727D22A369D3F8C430B3FBF2F343724B
:10CEC0000BB0BDE8F08F41F020018DF8151003E79D
:10CED0006C7995F84410B3E73CC403014C1300216E
:10CEE0002DE9F74304460F4690F8440007F034FE5E
:10CEF0006179FF20734D07F079FC002F47D1686AF4
:10CF000011F02BF894F80480064604F1300013F079
:10CF1000C4F9B8F1040F2BD1B60106F53476A9682F
:10CF2000638801EBC011CA3106FB00111E074FF0E8
:10CF3000000048BF6B68296144BFC9182961627944
:10CF400007F042FF6388980728D04FBB6179012022
:10CF500008F0EEFA94F8761001222046FFF7D2FC92
:10CF6000686A08F0C3F806232B7003B0BDE8F083AD
:10CF7000B8F1030F03D1360106F5E776CFE7B8F134
:10CF8000020F0BBF0B360A36B600F600C7E7627910
:10CF90004FF4A571002007F02DFFD3E7002FD9D063
:10CFA000C3F34007C3F380129907686A87F001074B
:10CFB0004FF0070348BFD4F858804FF000064FEAFF
:10CFC000C7074CBFB4F85C90D4F85080314647EAAC
:10CFD000821758BFB4F854900370012307F0480734
:10CFE000C670437011F0FEF832463946686A11F097
:10CFF00000F93A0717D5626C01A9BDF80430C2F3F5
:10D000000B22686A62F30B0394F84620ADF80430F3
:10D010001209C3F3072362F3071303228DF80530C7
:10D02000022311F0B5F8686A11F04EF9EB89C0F1EE
:10D03000FE06A9EB0302B242B4BFD6B2F6B2334445
:10D0400099452BDD002247F01001686A11F0D1F8F4
:10D05000686A11F039F9EB89C0F1FE06686AA9EB3C
:10D060000303B342B4BFDEB2F6B211F0B7F88119D0
:10D0700020460131C9B212F08FFE0422C0F307230B
:10D080008DF80400C0F307400DEB02018DF8053068
:10D0900003238DF80600686A11F07AF863885B064E
:10D0A00006D594F9132094F844106079FEF78AFFAE
:10D0B000E9893246686A414411F0CFF8EB891E4491
:10D0C000EE814DE74C13002110B5084CB0F85C30F0
:10D0D000E2899A4205D00121FFF702FF072323705E
:10D0E00010BDBDE81040FFF793B900BF4C130021FD
:10D0F00038B5438804461E4D13F0020F0FD1DB07ED
:10D100000DD4EA89B0F854309A4203D1BDE83840D2
:10D11000FFF77EB90121BDE83840FFF7E1BE0020EE
:10D12000617908F005FA6388617913F0020F0CBF8A
:10D1300022200C2007F05AFB02232B702B7B4BB1D3
:10D1400006F0A8FE6379033B012B94BF45204020E5
:10D1500008F0D8F86379033B012B94BF2820002006
:10D1600008F0ACF8686ABDE8384007F0BFBF00BF00
:10D170004C130021064810B5037803F0FF042BB9C7
:10D18000242221460CF0D4FB204610BD0C24FBE7E2
:10D190004C13002110B50023094C2370FBF754F900
:10D1A0006062FFF7E7FF20B14FF43F712D20EBF7EE
:10D1B00085FEE36A13B940F2FF21F7E710BD00BF17
:10D1C0004C130021014B024ADA6270474C130021D4
:10D1D00058DA0101044B054A1A60054B054A1A60EA
:10D1E000054B064A1A607047800600218DC2010176
:10D1F0008406002143FB020188060021BDD60101FF
:10D200002DE9F34704460E46002964D10A4690F8FA
:10D210007610FFF777FB3E4D686A0379D90623D570
:10D22000C3789A0620D010F098FE074604F130002B
:10D2300094F8048013F01CF8421C3B464146D2B2DD
:10D240002046FEF71FFE0422C0F307238DF80400DA
:10D25000C0F307400DEB02018DF8053003238DF874
:10D260000600686A10F094FF3EB304F1300A686A61
:10D27000D5F8088010F071FE8146504613F00DF885
:10D2800007465046013F12F0F3FF4A46391A20790B
:10D29000C9B213F02AF8638880441B0708D56B686D
:10D2A00001212046984412F097FE4044C4F84401FE
:10D2B00022794146002007F087FD686A07F016FFD3
:10D2C00026B92179304607F05DFCA86005232B7054
:10D2D00002B0BDE8F08700F13005284612F0C8FF23
:10D2E00028B9638818070CD5284612F0A0FF2846F5
:10D2F00012F0A2FF07F030FC2179252007F076FA22
:10D3000089E7204602B0BDE8F047FFF781B800BFCB
:10D310004C13002170B5164E01250446303075734C
:10D3200012F0A6FFE8B96388DA0615D4727B9AB1C9
:10D3300003F02303B4F85420134305D02046002102
:10D34000BDE87040FFF7CCBDFEF74EFE0028F5D1DA
:10D35000FEF754FE0028F1D12046BDE87040FFF7EB
:10D3600057B829462046BDE87040FFF749BF00BFC7
:10D370004C13002170B5124D002601210446EE81A8
:10D3800012F02AFE6B6803446B60B4F84830013336
:10D39000C3F30E03A4F84830FCF73AFA4FF47F7356
:10D3A00094F87610B0FBF3F202FB13006B68324680
:10D3B000184468602046BDE87040FFF7A3BA00BF7C
:10D3C0004C13002110B5094CA06A4388092B07D1E2
:10D3D000FFF7D0FFA06A0121BDE81040FFF710BFA2
:10D3E0000121BDE81040FFF7F7B800BF4C13002142
:10D3F0002DE9F041467D0446B31E06F0FD06DBB282
:10D40000012B8CBF4FF000084FF00108371E18BFEA
:10D410000127012B19D800F1700190F86F0010F06E
:10D42000A8FA054663889B0616D4082D0FD17EB353
:10D43000FBF718F8B0BB237F8BB3D4F81630C4F8D1
:10D440006930638BA4F86D3006E00825EAE72846CA
:10D45000FBF7A8FB0028EAD1A57784F81D8084F8A3
:10D460006870FBF78BFC054609F0FCFE00220F4BB1
:10D4700084F87620E5FB0301C4E918011146204633
:10D48000FEF7C6FD60B940F297412D20EBF716FD7F
:10D4900004F169013046FBF713FA0028DCD10020C3
:10D4A000BDE8F08104F169010120F4E740420F007A
:10D4B0002DE9F04F07469DB00C46054610AE0FCF44
:10D4C0000FC60FCF0FC697E80F0008AF86E80F0012
:10D4D00038466E7912F091FEA37A6178039323782F
:10D4E00001F07F0A0493D146237D013BDBB2022B7E
:10D4F00000F28E80704AC906134493F8228008D443
:10D50000A37D013BDBB2022B00F282801A4492F829
:10D510002260637E03F0FD03012B04D1B8F1030FF9
:10D5200028BF4FF00308A37E03F0FD03012B02D1B7
:10D53000042E08BF0326617A384612F065FE237D6B
:10D54000227F3846022B02F101020CBF617D0121CE
:10D55000D2B204BF0131C9B212F058FE1AF0080F5E
:10D560006CD1384612F099FE63788346DA0654D4BB
:10D57000ECF720FB824641465846FEF7F5FA0123B8
:10D58000014632465046CDF80090FEF70BFB40F2C4
:10D590007122217900F53970E378B0FBF2F043EAAB
:10D5A00001236179504343EA01435343984239D8F8
:10D5B0004FF0000B94F818A00793A37CE86C059338
:10D5C0000AF1FF33D3F1000A4AEB030A0DF029FBFD
:10D5D0000690E86C0DF035FB0699079B814238BF39
:10D5E000014688B268B308A90C9306930A910AA968
:10D5F000ADF82C90CDF834B08DF838808DF83960C6
:10D6000012F06DFB069BE0B945201DB0BDE8F08F20
:10D6100040F29D310620EBF751FC2822494600F0EC
:10D6200027FAB4E7E179A37943EA0123217A43EAAF
:10D6300001435343834228BF0346B9E700239B4677
:10D64000B8E7CDE9123B059B0DF1400C049A8DF82B
:10D650005430039B8DF845602E468DF850A08DF810
:10D6600055308DF84020ADF842908DF84480BCE8EC
:10D670000F000FC6BCE80F000FC69CE80F0086E83D
:10D680000F0097E8030028630020A986E37A03F0DF
:10D69000FD03003B18BF012385F86F30E3682B675B
:10D6A000238AA5F8743095F84630E27D62F30713BB
:10D6B00085F84630A9E700BFF4C203012DE9F04325
:10D6C00085B00823052104460DF107028DF80730C7
:10D6D000FEF756FD002877D0F7F78AFD002873D1B2
:10D6E0003B4D02AF206AFEF77DFB6B6AD3F81F004B
:10D6F00093F8232002903A71226AD3F80310C2F8FB
:10D700000310B3F80710A2F807101B78206AC3F3C0
:10D71000801383702F4B1B6813B101222146984759
:10D72000D4F820800E23686A082698F80290002119
:10D730004370067010F056FD00224FF00301686A36
:10D7400010F057FD2046FEF729FC4946686A10F0A4
:10D750001AFC0623012208F10301686A10F018FD83
:10D760006179FF2007F042F8686A07F0BFFCD4F83F
:10D7700020802046414612F0DDFC3B46014694F9EC
:10D780001320404612F016FB216A00239DF8072063
:10D79000204684F895300B88A4F89630FF2384F84F
:10D7A000B3304FF6FF73A4F8B43012F02AFB236AAB
:10D7B0001A882E70A4F8CD2093F8953084F8CF30D5
:10D7C000012005B0BDE8F0832046FEF721FEF7E713
:10D7D0004C130021840600212DE9FF41564F0446D9
:10D7E0003A7802F0FF0312B90278FF2A04D140F61A
:10D7F000CF112D20EBF762FB7B60FB817B7380F800
:10D8000089304E4B684604F1300500934C4B019330
:10D810004C4B0293FB6A5B68039307F051FC07F0E3
:10D8200059F807F07BFD06F051FB474807F08AF9ED
:10D83000464807F03FFC284612F0F9FC284612F053
:10D84000FBFC07F089F92179252006F0CFFF94F938
:10D85000130007F071F904F15001E06C0DF06DF95F
:10D86000064604F15801E06C0DF08EF98046002E5A
:10D870003AD094F82430BBB3B4F94850ED43ED0FDF
:10D88000637F13B963885B0709D56FF00043D4E960
:10D8900018129A4208BFB1F1FF3F2FD1ADBB94F8E7
:10D8A0008B301BB946EA0806F6B2AEB1638813F0B6
:10D8B000100511D1606CC0F30B2012F046FC94F8F7
:10D8C000463084F84500C0F3032023F00F030343E0
:10D8D00084F8463084F88B50786A0330FBF79AFA64
:10D8E000387304B0BDE8F081B8F1000F04D094F8AB
:10D8F0002550002DC0D1C3E74546C1E709F0B2FC71
:10D90000D4E9182390429941C8D3012229462046E0
:10D91000FEF77EFB50B1FBF731FA054609F0A2FC99
:10D920000B4BE5FB0301C4E91801B8E7002DB6D0A5
:10D9300040F60D215DE700BF4C130021ADC8010189
:10D94000CDC40101A9C40101D6BE898E555555002B
:10D9500040420F0037B504461C4DFFF73DFF042140
:10D960002078EBF7DBFF062168612078EBF7D6FF24
:10D970006B69A8612BB120B140F644212D20EBF753
:10D980009DFA204612F0FAF9618811F0100118D0C2
:10D9900000212046FEF720FE94F88A305BB16846ED
:10D9A000FBF7CCFB38B1694604F1360010F094F96E
:10D9B000002384F88A30204603B0BDE83040FEF7EB
:10D9C000B9BA2046FFF71CFCE6E700BF4C13002164
:10D9D000024B9862DB6A1B68184700BF4C1300219A
:10D9E00043881A0710B504460ED5036A3C220F4936
:10D9F0008C3042721B884381FF2380F827304FF61A
:10DA0000FF73038510F00CFF63882046DB0747BFD8
:10DA1000236A3C223C224FF6FF7148BF1988FEF76B
:10DA200069FBFF2384F8893010BD00BF31FD02017E
:10DA300017FF0201250003012DC701011DFF02018F
:10DA400015D30101F1D00101C9D0010131C101019A
:10DA500099C3010175C7010155D9010185C40101AF
:10DA6000C5D3010130DA010138DA010150DA0101D0
:10DA70000138022808B503D9C4212F20EBF71EFA7C
:10DA800013290A4B05D811290CD8102907D0D22107
:10DA9000F3E71529FBD103EB4003D88801E033F805
:10DAA000100008BD03EB40039889FAE71AC303018D
:10DAB0002F4A38B50346148950681C43402B148103
:10DAC00004D10421BDE83840FDF792BF802B01D17D
:10DAD0000521F7E703F00304032C04D140F6AC2141
:10DAE0003120EBF7EBF9DD0706D50C68D16024781F
:10DAF000062C1CD00B2C26D09C0713D50C68217843
:10DB00000729117430D00B2928D005290AD190F8A3
:10DB10008D10172906D1002400250121C0E93C45BC
:10DB200080F892109B0644BF0823537438BD90F8C8
:10DB30008D40192CE0D100240025C0E93A4501248C
:10DB400080F89140D8E790F88D40132C01BF002455
:10DB500080F89140012480F8D040CDE790F88D10F6
:10DB60001229DFD10021DBE7617880F81811D9E7AD
:10DB70007C1300210D4A0346517C91B950683BB992
:10DB8000B0F86410B0F8482091420AD8FDF7AABE58
:10DB900013891B0707D590F88E00083818BF01209D
:10DBA0007047002070470120704700BF7C130021A0
:10DBB00013B5044601A8FAF72DFE20B940F6B101CD
:10DBC0003120EBF77BF93222002101980BF0B0FEF7
:10DBD00001992246064801F8034FFCF70FF8FAF7BF
:10DBE00025FE10B940F6B801EAE702B010BD00BF4B
:10DBF0007C13002170B54B7804464268262B5AD01E
:10DC00001ED81D2B92F88C5051D00FD8A3F10E02C4
:10DC1000D2B2092A08D8012140F2512001FA02F6B5
:10DC2000064220D1082A24D0002070BD232BFBD12E
:10DC3000292DF9D1234B1B68002BF5D09847F3E72A
:10DC40003E2B3AD005D82B2B39D03B2BECD11E4B99
:10DC5000F1E7FF2BE8D11D4B5B69002BE4D00123DA
:10DC600082F8B632E0E722461846BDE8704012F06E
:10DC7000FABB222D01D02F2DD6D1204610F0C0FFA7
:10DC8000636893F88D20232ACED093F8E1201A21DF
:10DC9000204622F0010283F8E120626892F8E13028
:10DCA00023F0080382F8E130FAF752FCBCE7332D89
:10DCB000BAD1074BBFE7074BBDE7074BBBE7074BA5
:10DCC000B9E700BF98060021E40600217C1300217B
:10DCD000A8060021BC060021C8060021D0060021AC
:10DCE0000029034608BF1F21262870B5144639D8DD
:10DCF0001C2806D8A0F10E03DBB2092B1CD900208A
:10DD000070BDA0F11D02092AF9D801A050F822F037
:10DD1000A9DD0101FFDC0101FFDC0101B9DD010129
:10DD2000FFDC0101FFDC010193DD010193DD010155
:10DD300093DD0101C7DD0101012540F251269D401F
:10DD4000354215D1082BDAD1556895F88C30222B45
:10DD500013D12046FAF7FCFB002385F88C3085F8B8
:10DD6000CA30CCE73B2836D03E28C8D11B4B2BE02D
:10DD70000021BDE8704012F076BB2F2BBFD195F883
:10DD80008D30A3F12102062AE6D92F2BE4D02A21D7
:10DD9000DFE7134A1568002DB1D00A462046194620
:10DDA0002B46BDE8704018470E4B1B68002BA6D0D1
:10DDB0000A461D212046F4E70B4B1B68002B9ED022
:10DDC0000A462021F6E7094B1B68002B97D0204616
:10DDD000BDE870401847064BF6E700BFC4060021B7
:10DDE00094060021A4060021AC060021B8060021FB
:10DDF000E00600212DE9F8438D4D06466C680028A9
:10DE000040F0D1802B8919074AD594F816312A2B76
:10DE100016D00CD81C2B13D0222B18D094F8163106
:10DE2000FE2B20D140F2D1513120EBF747F83C2BAB
:10DE3000F4D1804B1B68002BF0D028469847EDE7C3
:10DE4000002384F835317A4810F0DAFEE6E784F8EA
:10DE50003601794B1B68002BF5D004F59B7104F556
:10DE60008E709847EFE7FE2384F8163194F88D30D2
:10DE70001B2B07D100276E4884F8CF7010F0DAFE14
:10DE800084F88D7094F88C30212B2BD0342B37D024
:10DE900094F88E30082B02BF02232B7684F81631BB
:10DEA0002B89DA0756D5D5F80480E96898F88D30C3
:10DEB000D1F80090123B99F800700B2B0BD8BB1EC9
:10DEC000DBB2092B00F2B28040F2333222FA03F3C4
:10DED000DB0740F1AB8009793846FBF75FF9C0B941
:10DEE00039468AE094F88D30A3F12102062A05D93B
:10DEF0002F2B03D0222384F88C30C9E72F23FAE795
:10DF0000012384F8B532002384F88C3084F8CA30B9
:10DF1000BEE7012F01D9162F51D198F88C0010F0CF
:10DF2000A2FE40B198F88C30212B04D0222B36D1A0
:10DF30002F2388F88C303846FCF770F80346002809
:10DF40004CD1FF2FCCD16B69002B54D06B680122D0
:10DF500083F8B6222B89580705D594F88E20072A16
:10DF600004BF01222A7699074ED5287C01226B68CE
:10DF70000D2883F8172144D0112850D0072850D0FD
:10DF8000FCF760F8034600283CD12A7CFF2A4AD1DE
:10DF90006A68342182F8B40282F88C1034E0162FBB
:10DFA00014BF022620266B7C1B0705D594F88D3004
:10DFB000123B0B2B98BF08263046BDE8F883112F83
:10DFC00015D005D8072F14D00D2FB4D11B4B05E069
:10DFD000142FB0D11A4B1B68002B81D0EA68494638
:10DFE0001348127998470028B4D00646DBE7154B52
:10DFF000F4E7154BF2E799F800100D4810F046FED3
:10E00000F1E7124B0A4898472B89DA06CBD594F8EA
:10E010008D300B2BC7D10C2384F88D30C3E70C4B0C
:10E02000F0E70C4BEEE740F2C451FDE60826BAE7F4
:10E030007C130021D8060021B40600210505030148
:10E040009006002155050301F5DB01014B03030197
:10E050009B0303010F0403012DE9F743012390F80B
:10E06000C28204460D4690F8C36201908DF80030DC
:10E07000B8F1000F33D190F8747096BB94F8759096
:10E0800084F8747084F87590FF2384F87630184B08
:10E090001B6813B1394620469847164B1B681BB1C5
:10E0A0003A4649466846984794F82C31012B02D0ED
:10E0B00058EA060603D000216846FAF749FA04F246
:10E0C0004B112046FBF7D4FA06212046FDF790FCC1
:10E0D0004DB1002384F88C3003B0BDE8F08347468F
:10E0E000CBE7B146CCE784F88D5084F82C51F3E7A8
:10E0F0009C060021D4060021024B00205861D86103
:10E10000704700BF7C13002108B50022044B5A6100
:10E11000DA61FBF747FCBDE80840FCF763B800BFD5
:10E120007C1300212DE9F3410122514D00270446C3
:10E130002A7068602F816F742F76FF2380F8D331A7
:10E14000B0F8CA312E46002B67D090F81631FE2B5E
:10E1500063D190F82031002B5FD090F88E30073BD0
:10E1600093425AD990F821310221A0F8C47080F866
:10E17000183112F0F9F8022084F8D271FFF718FD77
:10E18000B4F8CE1104F18008638E0139B4F8D021BF
:10E19000404689B2B1FBF3F31344A4F8D031B4F88C
:10E1A000C0300B44A4F8C03012F00FF920B1D4F8FD
:10E1B000B4300B44C4F8B430B4F8CA310027012B92
:10E1C0009CBF0133A4F8CA3109B184F8D77194F81F
:10E1D0008D3084F8D2710B3B012B11D8B4F8863006
:10E1E000B4F8C0229B1A1B040AD404F2C22104F121
:10E1F00095000FF071FD84F88D70FF2384F8CB300B
:10E20000B4F8CE21214640460FF0ADFD074698B147
:10E2100040F6B8113120EAF751FE94F81601FE28B5
:10E22000ACD1144B1F68002FAAD009F079F902462F
:10E230000B460F48B847A3E794F88D300E4A123BBF
:10E240000B2B8CBF0023012301930C4B00930C4B31
:10E2500096E80300ECF7E4F9E96929B1384602B021
:10E26000BDE8F04107F04CB802B0BDE8F08100BF56
:10E270007C130021E8060021B1DA010195E20101D9
:10E2800075DB0101024B5869003818BF0120704747
:10E290007C1300212DE9F04FDFF804820F4689B08E
:10E2A0008146B8F80810D8F804408E0504F1800AB9
:10E2B00054BFB4F8C0200023504653BF0132A4F825
:10E2C000C03084F8D731A4F8C02012F07EF830B105
:10E2D0000B4604F5A17221465046FCF723F9B8F825
:10E2E000083003F4C0633BB194F89030002B00F089
:10E2F000AE80032B00F0B28094F89020B8F808307C
:10E30000012A04D11D0544BF022284F89020B9F1EE
:10E31000000F40F05E81580657BFB4F8F0214A461E
:10E32000013292B2A4F8F02103F00A020A2A0FD1B6
:10E3300098F81020022A0BD123F008033846A8F8D9
:10E340000830FFF757FD38430823C7B2A8F8083054
:10E350003846FFF74FFDD8F814303843C7B2002BCA
:10E360005BD01422002103A80BF0E2FA94F87500A8
:10E3700007F034FC054694F8750007F027FC05F516
:10E38000FA754FF47A72238841F27071ADF80C304F
:10E39000B4F88630B5FBF2F5ADF810300544E3690A
:10E3A000ADF81250A3F57A70884295BFB3FBF2F333
:10E3B00040F2E24203F55063B3FBF2F39BB2ADF8D7
:10E3C0000E3094F8B63233B1D8F80C301A689B8806
:10E3D00006928DF81C309DF8143003A894F8B522ED
:10E3E00062F300038DF81430D8F8143098470023F6
:10E3F000069A84F8B63284F8B53272B194F8B43221
:10E400005BB994F88C30342B07D09DF81C3023B1C5
:10E410001178FF2927D11B2B2CD9D8F8046096F846
:10E420001631FE2B4CD1002F4AD196F88E30073B87
:10E43000012B45D996F8203123B396F821310122DA
:10E440000221A6F8C47086F818313046B0E10121E7
:10E4500084F890102046FDF7CBFA4DE70223012106
:10E4600084F89030F6E70729D7D1022BD5D151781F
:10E47000FF29D2D10121C4F8B82284F8B73284F838
:10E48000B412CAE796F88D50113DEDB20C2D40F252
:10E490005D81D6F88030D90704D53A460921D4E702
:10E4A0007C1300219A0740F1F3803A460C21304654
:10E4B00011F05AFF96F8D13043F0010386F8D130BD
:10E4C000B4F8D03194F8D4510133A4F8D031002DF0
:10E4D00000F0F882ECF748FA10B10023A4F8D0312C
:10E4E000208813F0E4F894F890300646B4F832B07F
:10E4F000012B40F2278394F88E30082B40F0FA82EB
:10E50000B4F8C030022B40F21D83B4F8C25001357C
:10E51000ADB2B4F88630DFF8B0A22B44A4F8C8310D
:10E52000DAF80030002B00F01183BBF1010F40F24C
:10E530000D83ECF70DFADAF800300246B4F88610D5
:10E540002046984700F1010A1FFA8AFA94F8D5315B
:10E55000002B39D1012D37D994F88D300BB10C2B0C
:10E5600032D194F88C307BBB94F88E3063BB94F836
:10E570009030022B28D194F8D7312BBB60690CF076
:10E58000BCF808B394F81631FE2B1DD1B4F8CA318B
:10E59000012B19D9B4F8D021A38C9A4214D20EB110
:10E5A000F18989B9013D9B1AADB29BB2B5FBFBF570
:10E5B0009D4228BF1D4605FB0BAB003D1FFA8BFAA1
:10E5C00018BF012584F8D251B4F886309A44A4F8D3
:10E5D000CCA1B8F80830D8F804505E0657BFB5F89B
:10E5E000DC310023B5F8CE219B1858BF9BB2A5F8AB
:10E5F000DC3195F8203123B995F88E30073B012B9B
:10E6000006D8B5F8C430B5F8CE211344A5F8C43007
:10E6100095F8CA1031B1B5F8C630B5F8CE2113441B
:10E62000A5F8C63095F9CE20002AC1BFB5F8CC3088
:10E63000B5F8CE011B18A5F8CC3095F8AF306BB902
:10E64000B9F1000F40F0CB8298F81830022B40F05F
:10E65000808295F81831062B18BF162395F8AE2046
:10E6600022B95A4885F8AF30FBF756FD284611F01D
:10E67000AAFF574B1B681BB1564A204611689847A2
:10E68000002384F8D33109B0BDE8F04FFAF7EAB8B7
:10E69000580702D53A461321D7E6190706D596F84A
:10E6A00010313A4686F818310721CEE61A0602D50F
:10E6B00000221B21C9E613F0300238D096F823312E
:10E6C000002B52D196F82231DBB196F88D3006F549
:10E6D000917106F2C222262B27D096F88C30A3F136
:10E6E000260043424341304610F00CF9D6F8803002
:10E6F00023F0200343F01003C6F88030002386F88F
:10E700002231D6F88030DA062FD506F24B1130468A
:10E71000FAF7AEFFB6F85E3000221521A6F81831E0
:10E72000B6F86230A6F81A318FE60123DBE713F062
:10E73000400101D0242188E613F4807202D00A46F9
:10E740001E2182E6DB0410D52C217EE6D8F804B029
:10E750009BF88D30123B0B2B12D8DFE803F026110B
:10E7600011112C3D111111111166D8F8040090F807
:10E770008D30322B5CD013D8232B5CD02B2B6AD05E
:10E7800096F88C30002B69D196F88D30113B0C2B0C
:10E790006CD996F8BE30002B68D00122122154E6C5
:10E7A0004B2BEDD100223C2102E000220B215846E8
:10E7B00011F0DAFD84E65846FBF722FD00283FF40D
:10E7C0007FAE00220421F2E7C00600217C13002165
:10E7D000B0060021380000219BF8B032012B08D18F
:10E7E00000220521584611F0BFFD00238BF8B032FE
:10E7F00066E69BF8B032022BD9B27FF461AE9BF88B
:10E80000D05025B1062300228BF81831EAE7032106
:10E810000622A54810F021FA9BF8E0302A4613F0B2
:10E82000040F0CBF0D211121DCE700220621BEE7F9
:10E8300000221121BCE790F82C31022B02D10022DA
:10E840001721B5E790F82C31012B99D190F82D3193
:10E85000002BF4D094E700222021A9E70A2B05D150
:10E8600096F81131012286F818311DE70C2D7FF63C
:10E8700027AED8F8045095F88CB0BBF1000F40F0EB
:10E88000BE8095F833313BB101220E21284611F0AC
:10E890006BFD85F833B1ABE795F8323193B195F85C
:10E8A000D1B01BF003030DD14BF0010B01220C2161
:10E8B0002846019311F058FD85F8D1B0019B85F8E9
:10E8C000323195E795F834317BB195F8E730DB09C3
:10E8D00003D001222B2128466AE7744B1B68002BCA
:10E8E00000F08D807048984789E095F8223133B365
:10E8F00095F823311BBB95F88D3005F5917105F224
:10E90000C222262B19D095F88C30A3F12600434261
:10E91000434128460FF0F6FF002385F822310122FB
:10E920001421284611F020FDB5F85E30A5F8183105
:10E93000B5F86230A5F81A31C2E50123E9E795F888
:10E940002C31012B71D195F82D31002B6DD195F81B
:10E950008D30A3F12102062A67D92F2B65D095F8B7
:10E9600074104A1ED2B2032A09D895F87500DFF850
:10E9700040C101381CF802E0C0B2032804D940F2BB
:10E9800087310620EAF79AFABEF1020F95F82E2198
:10E9900014D0BEF1030F13D0BEF1010F04D1012A30
:10E9A00014BF002201226AB9A3F14402012A26D928
:10E9B0000B3B042B23D9012216218CE7022AEFE717
:10E9C000042AF1D11CF8000095F82F21022823D049
:10E9D000032823D00128E7D1012A14BF00220122F5
:10E9E000002AE1D0B5F8863005F53072B5F830016F
:10E9F0000EF0FFFD0146A0B92B48F9F7A9FD96F8E6
:10EA00008C30002B7FF45CAD96F8B432002B3FF4D1
:10EA100057AD0122FF2118E5022ADEE7042AE1D0E2
:10EA2000C2E7282385F88C304AE595F8363113B1D2
:10EA3000012222214FE795F8353143B11D4B1B6868
:10EA400019489847FE280146D9D0012243E795F896
:10EA50003E3113B101221D213DE795F83F3113B13D
:10EA60000122262137E795F8BC3213B101223E215D
:10EA700031E795F8403193B1D8F804301021188867
:10EA8000EAF74CFF03699B0706D50B4B06481B684A
:10EA9000984701223B211EE7084B1B6822E7084BE1
:10EAA0001B68002BCCD1AAE77C130021D0060021E3
:10EAB0002CC303018C060021DC060021E4060021A2
:10EAC000A0060021EBF73EFF08B1A4F8D051EBF708
:10EAD00053FF00283FF404AD94F8D7310133DBB283
:10EAE000022B84F8D73182BF0023A4F8D03184F8F8
:10EAF000D731F5E494F8BE301BB194F88C30102B6C
:10EB000020D1B4F8C2505046B4F8C0304FEA8B015F
:10EB10000135ED1AA5EB8B0511F057FCA0B1D4F827
:10EB2000B830D4F8B42001339B1A5B1A9D42A8BFB9
:10EB30001D4626B1F389043B9D42B8BF1D46012DF9
:10EB40003FF7E6AC0125E4E42B46EFE74FF0010A7E
:10EB5000FCE4012B09D195F88F30002B7FF47EADBA
:10EB600000212846FCF744FF83E55FB1F80634D462
:10EB7000390734D4BA0634D4BB0734D140F62D213A
:10EB80003120FFE639B1B5F8C610B5F8C830994262
:10EB900001D3222362E5002A05DDB5F8CC20B5F8C3
:10EBA000C8309A42F5D2B5F8C420B5F8C2309A42BE
:10EBB0000AD295F89020B5F8C03052B1B5F8C2200D
:10EBC0009A42CDD8082349E595F82031002BE0D1B1
:10EBD000EFE7052BC4D93E2340E51E233EE53D2348
:10EBE0003CE523233AE52A2338E500BFD0F8C832B4
:10EBF000C269934273B5044612D1D0F8CC62426A1E
:10EC0000B61A18BF012694F8D422002A42D02088D0
:10EC100012F04DFD30B94FF446613120EAF74EF95C
:10EC20000126F0E7B4F8D022638E9A421CD1B4F8E2
:10EC3000D23282899B1A18BF012394F88C50442D3C
:10EC400016D094F88D20442A10D0002502212046A9
:10EC50000EF0BBFE002D44D0002384F88C3003233B
:10EC600084F8903002B070BD0123E6E73343ECD066
:10EC70001D4B1B6813B940F66B41CEE7A5F144026A
:10EC80000021684601945542554101228DF800202B
:10EC90009847DBE7002ED8D02288A3F57A7104F5D7
:10ECA000CB70A4F8A02141F2707291420F4995BF38
:10ECB0004FF47A7240F2E242B3FBF2F3B3FBF2F3A9
:10ECC00098BF03F550639BB2A4F8A231B4F8CC32DC
:10ECD000A4F8A431B4F8CE32A4F8A6310FF0A9FDFF
:10ECE000B3E784F88D50BAE7CC0600216BEE020141
:10ECF00008B5FAF777FF024B024A1A6008BD00BF59
:10ED00008C060021CB06030108B5FAF7DFFE054BA0
:10ED1000054A1A60054B064A1A60064B064A1A60F5
:10ED200008BD00BFAC06002121420101B006002150
:10ED300089420101B4060021F5420101014B186826
:10ED4000704700BF38000021014B1860704700BFBA
:10ED50003800002108B5FAF717FF034B034A1A6081
:10ED6000034B044A1A6008BDA406002137030301BF
:10ED7000A80600212503030138B521220B460446CD
:10ED800003F8022B00F109021D3052F8045B8242A5
:10ED900043F8045BF9D11088188092789A708A78C9
:10EDA000122A03D80F4B1341DB0717D5B1F80750D0
:10EDB00005212846EAF7B2FD18B99821AA20EAF7FA
:10EDC0007DF8503010F0B1FD08B19B21F6E7052128
:10EDD0002846EAF7B9FD08B19C21EFE7002304F8C3
:10EDE000053C38BD7EFFFBFF70B5027805464368E1
:10EDF000BAB9D3E9726410F0C7FD6B688A3093F832
:10EE00007420094B33F812304FF47A7203F23F63E7
:10EE1000B3FBF2F39B1944F10001181841F1000112
:10EE200070BDD3E99A01FBE73CC4030110F8023C32
:10EE30002DE9F043044689B023B900F8053C09B038
:10EE4000BDE8F0830023CDE9063305238DF81E309D
:10EE500006A8EAF79DFD054680B105210DF11600D3
:10EE6000EAF7E8FCBDF816300546E381E8B9072368
:10EE70007549204663720FF0D3FCE0E70698237CC7
:10EE8000827A9A42E4D1627C00F10C0104F112030F
:10EE9000C07A02F0FD02003A18BF01220EF02FFDE9
:10EEA0000028D5D004F8055CC9E70146184602F0F1
:10EEB0007DFC14F8043C654FEB7414F8033C2B758F
:10EEC00034F8083CA5F8B03054F80C3CC5F8B43020
:10EED00014F8063C2B760023AB753B680BB3072177
:10EEE000BDF81600EAF7DEFC0646D0B13B680146E5
:10EEF000BDF816009847237F1A1E18BF01226A76B4
:10EF000054F8102C86F83530326040F2E242637FCC
:10EF100053437360A37F53437D22B360E37F534326
:10EF2000F36005F150063046FBF7B0FC237C04F19A
:10EF3000340105F11E00AB72637C03F0FD03003B5E
:10EF400018BF0123EB72D4F81230EB60E38A2B82F6
:10EF500001236B750EF0C0FEB4F8199040F2E24345
:10EF600003FB09F9E36A2B60236BC5F8A0906B6083
:10EF7000E37E85F8BA3094F8423085F8C030E38FEC
:10EF8000A26AA5F8C830638F5343C5F8C430A37A8A
:10EF9000E17A43EA0123A5F8CA30237E013BDBB2C4
:10EFA000022B0BD82A490B441B79EB7594F8463099
:10EFB0004BB1012B3CD040F2FF3101E040F29D31DA
:10EFC0000620E9F77BFF4FF01E08B4F93C104FF420
:10EFD0001610CB17A1FB027102FB031194F8473006
:10EFE000B4F84420434308FB0233FF1A61F10001E7
:10EFF000012F71F100031EDA4A4638460AF078FB09
:10F00000B4F84030034409FB00F09BB2C01B5A1E09
:10F010000633A5F88A209BB26A7D85F8BB20009054
:10F020003046CDE90183D4E90823FBF7C9FC06E7A4
:10F030004FF49678C9E7781E4A4661F100010AF05C
:10F0400057FB0130DCE700BF79ED0101EC06002140
:10F0500030C303012DE9F04F804687B008460E46C5
:10F060000FF0FEF9D8F8047081460F21B7F886300A
:10F0700038880093EAF752FC827B0446002A00F0AD
:10F080000B81C27A02F0FF0B002A40F0058199F84B
:10F0900019506A1E012A02D9042D40F0FD80F9F7AB
:10F0A00029FA854340F0F88099F8182009F11A03ED
:10F0B0000DF1100A12F0100FC2F30011019319D0D4
:10F0C00099F81F2002F0C002402A13D11846F9F720
:10F0D00073FE78B10EF057FC082805460AD0524658
:10F0E0000DF10F01F9F750FE90B94FF4C671AA2047
:10F0F000E9F7E4FE99F818200825D9F81A00C2F3B8
:10F10000001204908DF80F20B9F81E20AAF80420F0
:10F1100032782A2A40F0C48030460FF0A3F9064620
:10F12000002800F0BD8002682260027984F82C205B
:10F13000427984F82D20827984F82E2090F807B047
:10F1400084F82FB0404699F80A20D9F806B0C2F3E7
:10F1500004020192FFF748FE009B019AC4E90C01EA
:10F16000F969A163B9F8141084F844B0591A84F805
:10F170004820A4F84C104FEA1B2184F845104FEAB0
:10F180001B414FEA1B6B84F8461084F847B0D9F84E
:10F190000B2099F81010E26399F80F2042EA01223F
:10F1A00099F8111042EA0142226499F81820C2F33A
:10F1B000421284F8522099F8171099F8162042EA62
:10F1C0000122A4F84E2099F8131099F8122042EA6F
:10F1D000012299F80310A4F8502001F01F0199F8BA
:10F1E000022042EA0122A4F8542099F80320C2F335
:10F1F000401284F8562099F80320C2F3801284F854
:10F200005720B9F8202004989A1A9DF80F80C4F866
:10F210002200A4F84A20BAF8042084F82180E2846D
:10F2200099F80A20C2F3421284F82B2099F8192089
:10F2300091073DD412F0010003D1C2F38002920085
:10F24000D0B2F6F787F884F8280099F81820082D2E
:10F2500000994846C2F3030218BF48F0020884F838
:10F260002020B9F80420A4F829203A886283B9F84C
:10F27000002018BF84F82180A2834FF0FF32A277CC
:10F28000E2770FF009F9024604F1100092B9122357
:10F29000174963760FF0C4FA002007B0BDE8F08F7D
:10F2A000002684F82C6084F82D6084F82E6047E7EF
:10F2B0000220C6E7AEB13279511E0B06E7D4717950
:10F2C0000529E4D9B7797D1EEDB2FD2DDFD8F5799A
:10F2D000012DDCD94A43B9F804309A42D7DCB9424F
:10F2E000D5D9FF23E37203490FF0A0FAD4E700BF9A
:10F2F00079ED01012DEE0101012A70B50C4606469B
:10F30000114605D9931E012B62D940F27A2106E0FD
:10F310000521EAF703FB054620B94FF40771AA203F
:10F32000E9F7CCFD503010F086FA002840F09E80BE
:10F33000237EAA7A62F303032376AB7C13B9EB7ABC
:10F3400003F00103227E63F304122276F9F7F8F842
:10F35000237E60F347132376E87DF5F7FBFF013842
:10F36000434B05F10C01C0B21B5C6376AB7C73B1FF
:10F37000E87A0EF0FEFA082801D1122070BD04F1DF
:10F380001A01F9F76DFD38B940F23D21C7E7EB6886
:10F39000C4F81A308B88E383E37840F2E24223F02A
:10F3A0008003E370D5F8A030B3FBF2F395F8BA20F0
:10F3B000A380A37A62F34713A3722B680020C4F8DA
:10F3C0000B302B79E3736B792374AB796374D5E7D6
:10F3D00011F034F9054603213046EAF79FFA064654
:10F3E00015B94FF415719AE710B940F2552196E717
:10F3F000437D6A7B003B18BF01231B0143EA1213C4
:10F40000227E22F01F0213432376F9F799F8A37A9C
:10F4100000F0070060F34713A372237E60F34713E5
:10F420002376287CF5F796FF0138114B04F11A0179
:10F43000C0B21B5C6376737F83B1B07FF9F7FCFCCD
:10F4400000289AD0E37840F2E24223F08003E37090
:10F45000D5F89830B3FBF2F3A380AEE7D6F8693065
:10F46000C4F81A30B6F86D308B80EBE7422085E7A0
:10F4700034C303012DE9F74F037806468A46D0F8D6
:10F48000049033B1B9F8C0301BB1012003B0BDE81E
:10F49000F08F3046FFF7A8FC88469AF85A100746C6
:10F4A000012904D98B1E012B5AD90220EEE7052130
:10F4B000BAF85800EAF732FA03460028F5D090F877
:10F4C0002C20002AE1D1B0F8A62000F11F0B7D1EF0
:10F4D000D0F8A000AAF871200544D3E92A412D1BD9
:10F4E000B5FBF0F5ADB202EB050CA5FB00051FFA6C
:10F4F0008CF30419AAF86DC0A3EB020345EB0105D8
:10F50000002BB8BF5B42012B04DD002824DA4C4BF2
:10F510009842BADBB9F8C020A742B9F8863078EB38
:10F520000505A3EB0203AAF87B307368B3F88620C5
:10F53000AAF86F20DBF800109BF80400CAF86110ED
:10F540009AF8651060F304018AF8651040D340F220
:10F55000FE21AA20E9F7B2FC3A4B984295DCD9E7A4
:10F56000BAF8580011F06AF8024600289DD090F8C9
:10F570003530002B89D1B0F87A3000F1170BAAF89A
:10F5800071300133AAF86D302F4B017C33F81140F4
:10F590004FF47A7304F23F64B4FBF3F4D0E92235FC
:10F5A000903345F10005E4189AF85A3045F100050A
:10F5B000032BAFD14030019211F0E8FA0028A9D115
:10F5C000019AD2F898301B191C4645F10005A1E7B5
:10F5D000E41BB4F5960F0CD9D969A1F59603013B4C
:10F5E0002344B3FBF1F31A449BB201FB1344AAF882
:10F5F0006F20164900209AF85E308C4294BF00229A
:10F600000122B4F5161F62F345138CBF01220022BC
:10F6100062F386138CBF4FF41612002203F0E0034E
:10F62000A21A8C4294BF1E244FF49674B2FBF4F2DB
:10F630008AF85D20C2F3042213438AF85E3025E77E
:10F64000C1B4B3FF3F4B4C003CC40301C3BF030034
:10F65000F7B50123104E33700023CDE9003368461F
:10F66000EAF796F9044618B10023337003B0F0BDF1
:10F67000009D95F8F031002BF1D005F5FC77384668
:10F6800008F0F6FF384609F02DF805F5E47085F826
:10F69000F041FBF7C9FAE2E79C13002138B50D4BA6
:10F6A0000D4633F81040084606F098FA4FF47A7386
:10F6B00004F29D74033D0444012DB4FBF3F404F5FE
:10F6C00086748CBF0025282510F05EF9204428445C
:10F6D00038BD00BF3CC403012DE9F74F91F88CA061
:10F6E000994605460C46AAF144031646012B19D942
:10F6F00091F88D30443B012B8CBF4FF0000B4FF045
:10F70000010BB9F1000F04D000220121204601F0C5
:10F71000ABFA94F8F031032B00F29480DFE803F0A9
:10F72000058F868F4FF0010BEBE726B940F22121C0
:10F730003520E9F7C3FB4FF0000801232046474678
:10F7400084F8F03110F0F4FF674B1B6823B1494691
:10F750002046984708FB0077FBF704FB002874D18C
:10F760000221B4F9EC010FF08BF9B4F8EC311B1A5B
:10F77000A4F8EC310026D4E97232FB1842F1000201
:10F780001B1842EBE072C4E97232C5E904322E70F4
:10F7900094F88C20A2F10C03DBB21A2B57D8534EED
:10F7A000DE4006F0010694F88D30442B08BF46F089
:10F7B0000106204611F00EF930B1002E4BD194F81D
:10F7C000F001012818BF0220042328726B7204F193
:10F7D0003C03184601930FF08CF86860B9F1000FF4
:10F7E0007ED0AAF10E0ABAF1010F8CBF5B464BF036
:10F7F0000103002B74D1414628460EF095F91FFAFB
:10F8000080F9204611F0E6F882466EBB81452BD385
:10F8100007FB00F12E72D4E972325B1842F100024C
:10F82000C5E90432CFB940F2A92181E7D4F8288292
:10F830000323D4F8407284F8F031474484E7E76941
:10F84000B84681E740F25A2172E7002092E7442A45
:10F85000A9D10126ADE70020B6E7414628460EF0C3
:10F8600063F982441FFA8AF901224946204601F0D1
:10F87000FBF91D4B1B687BB101212046984708FB13
:10F8800000F84844D5E904321FFA80F913EB080365
:10F8900042F10002C5E9043204F13C000FF029F8FE
:10F8A0006860FBF75FFAB8B94FEA4901B4F9EC01B7
:10F8B000B1F5803FB4BF89B24FF6FF710FF0E0F8A9
:10F8C000B4F8EC311B1AA4F8EC31D5E904321B185A
:10F8D00042EBE072C5E90432D5E90423C4E972239E
:10F8E00003B0BDE8F08F00BFF00600210500000462
:10F8F0002DE9F0410E46044618B9EA213520E9F712
:10F90000DDFA07297ED8DFE801F004736969657DB7
:10F910006F7A90F8F0310BB9F221EFE701F004F9BA
:10F92000002872D011212088E9F7F8FF034694F8E7
:10F930007400002B4CD0022848D004D8012807D0EE
:10F94000DC21B420DBE7C21E012AF9D81E3300E017
:10F950000A339F8894F87510CB1E012B98BF282678
:10F96000FFF79CFE7630E569F936874288BF3B1A7F
:10F97000274F98BF00237A78ED1A1AB9E36B9D429E
:10F9800028BF1D4604F13C000EF0B3FF00F17608DD
:10F990000220A5EB080507F067FD022125EAE575C1
:10F9A000854228BF0546284607F08AFD10B1A844C5
:10F9B00007F05CFC32464146204600230FF03DF83C
:10F9C0007860E069BDE8F04107F04EBC1433C0E751
:10F9D0009627BFE7BDE8F04105F024BE01220021D3
:10F9E000BDE8F04110F0B3BEBDE8F041EAF7A8BFB2
:10F9F00090F8F031042B08D040F213117EE74FF459
:10FA00008C717BE74FF48E7178E7BDE8F08100BF21
:10FA10009C130021024B0022C3E90022FFF718BE0D
:10FA20009C130021014B5870704700BF9C130021AC
:10FA3000024608B520B940F285113520E9F73EFAB3
:10FA400090F8F03113B14FF4C371F6E7034900F5B4
:10FA5000FC70BDE8084008F08FBD00BFF1F801015F
:10FA600008B504F027FE044B5A6882422ABF187872
:10FA7000002080F0010008BD9C13002137B504462A
:10FA8000042900F28480DFE801F00316121B7D00D8
:10FA9000404B1B7803F0FF024BB9012110F057FED9
:10FAA00005F07EFA03B0BDE8304008F051BD0423F4
:10FAB00084F8F031F4E7032384F8F03103B030BD6B
:10FAC00041F64B5540F2E241D0F84432C269AB42B4
:10FAD000ADF8041090F850128CBF00250125C0F835
:10FAE000282229B99A421CD0008811F0E3FD18E0C1
:10FAF000008811F0DCFD20B940F20F313520E9F724
:10FB0000DDF9B4F84C3200256386B4F84E328381B7
:10FB1000B4F83C32C5814381013B03827D23ADF8BB
:10FB2000043094F87E30EBB9EDB9D4F8403204F5E6
:10FB3000E470D4F84422E362B4F83E32E2612386F2
:10FB4000D4F8483284F87E506362638E5343009346
:10FB500002AB13E90600FBF749F8204610F0E8FD78
:10FB60000223A9E74DB14FF04D13636300232387B0
:10FB70004FF47A73ADF80430D7E74FF0961325872A
:10FB80006363D2E703B0BDE8304010F0D1BD4FF45D
:10FB90005971B3E79C13002138B5184B1C895A687A
:10FBA00004431C8100F00304032C04D140F63121EE
:10FBB0003620E9F783F9C50748BFD960840706D521
:10FBC000096809780629197406D00B2910D0820615
:10FBD00044BF08225A7438BD92F88C101A29F6D105
:10FBE000002400250121C2E93C4582F89210EEE78D
:10FBF00092F88C101429EAD10021F6E7A413002111
:10FC00000D4A0146507C98B90129536807D1B3F8D1
:10FC10006420B3F848309A420DD8FFF721BF12890B
:10FC2000520707D593F88E00073818BF0120704798
:10FC30000020704701207047A4130021F7B590F809
:10FC40008C300446A3F14402012A21D990F88D207A
:10FC5000A3F10E01443A0129D2B216D8012A8CBF71
:10FC600000220122B4F88610B4F83C02013189B2B6
:10FC7000884240F0A58094F85032002B73D04AB9E6
:10FC80004FF407713620E9F719F9012A00F298803C
:10FC90000122E7E7514B1B6813B940F21D21F1E740
:10FCA0000021684601948DF800109847002584F8DB
:10FCB0005252022120460DF0D1FE03212046FFF7CB
:10FCC000DDFE94F88C30A3F14402012A03D9A3F19C
:10FCD0000E02012A6DD8002384F88C3094F88D2010
:10FCE000262A73D1A3F1280255425541B4F8863033
:10FCF000B4F8382201339B1A1B0469D4002394F80A
:10FD00003A6201948DF800300EB994F8746094F85A
:10FD10003B720FB994F8757084F8746084F875704C
:10FD2000FF2384F876302E4B1B6813B131462046F2
:10FD300098472C4B1B681BB132463946684698479A
:10FD400000216846F8F704FC04F24B112046F9F74D
:10FD50008FFC04212046FFF791FE002D3AD00023AE
:10FD600084F88C3034E0238841F2707204F5CB7053
:10FD7000A4F8A031D4F84432A3F57A7191421A491B
:10FD800095BF4FF47A7240F2E242B3FBF2F3B3FB59
:10FD9000F2F398BF03F550639BB2A4F8A231D4F8F4
:10FDA0004832C4F8A431002384F89F310EF041FD9D
:10FDB0007CE794F88D20443A012A98BF84F88D504E
:10FDC000A3F12602012A89D801258FE7282BFBD031
:10FDD00003B0F0BD84F88D50FAE700BF2C07002176
:10FDE00000070021380700216BEE020100231E29C5
:10FDF00080F8161180F817310ED92439C9B21B29A1
:10FE000003D8104BCB40DB0705D40023A0F8C63045
:10FE1000012380F8CA30704701220B4B8A401340FF
:10FE2000002BF8D115290AD01129EED190F818210C
:10FE300012B1A0F8C6307047A0F8CC207047A0F8E7
:10FE4000CC307047090100098712084910B54B787A
:10FE500002464468232B94F88C1027D018D81D2B09
:10FE60002BD00AD8A3F11201042904D84FF4A80119
:10FE7000D940C90714D4002010BD1F2BFBD12D2958
:10FE8000F9D1124B1B68002BF5D020469847F2E7BA
:10FE90003B2B18D03F2B14D02B2BECD10C4B08E074
:10FEA00001211846BDE8104010F0EABC2929E2D132
:10FEB000084B1B68002BE9D1DDE73329DBD1064B6A
:10FEC000F7E7064BF5E7064BF3E700BF1407002101
:10FED00034070021FC0600210C0700213007002117
:10FEE00048070021034610460A1E08BF1F22252B83
:10FEF00070B535D8112B03D8032B3FD0002035E047
:10FF0000A3F112011329F9D801A454F821F000BF7C
:10FF10006FFF0101FDFE01016FFF0101FDFE010107
:10FF20006FFF0101FDFE0101FDFE0101FDFE01016A
:10FF3000FDFE0101FDFE0101FDFE0101E3FF0101E6
:10FF4000FDFE0101EFFF0101FDFE0101FDFE0101CA
:10FF5000FDFE0101D1FF0101D1FF0101D1FF01012E
:10FF60003B2B4BD0FE3B58425841400070BD0246EF
:10FF700000211846BDE8704010F082BC446894F837
:10FF80008C30182B01D0152B41D194F8D030002B98
:10FF90003DD184F8CF3084F8CA3094F8B03103F002
:10FFA000FF0523B14FF472713620E8F787FF2388ED
:10FFB00084F8B121A4F8B23184F8B45184F88252A3
:10FFC000144904F5D4700EF02BFC84F88C5095E79E
:10FFD00011490C68002C91D019462346BDE87040A9
:10FFE00018470E4B1B68002B88D01D21F6E70C4BE1
:10FFF0001B68002B82D01F214068EFE7094B1B686C
:020000040102F7
:10000000002B3FF47BAF1146BDE87040184702203B
:10001000ACE700BF71EF0201F806002108070021DC
:1000200010070021440700212DE9F3479E4F0E469B
:10003000804639897C688D0504F1800554BFB4F889
:10004000C020002228465CBF013292B2A4F8C02032
:1000500010F0CCF930B10B4604F5A17221462846C8
:10006000FAF760FA3B8903F4C06343B194F8903027
:100070002BB90121204684F89010FFF7FFFCB8F15E
:10008000000F40F0D581002E40F0D2813B897D6881
:100090005C0707D595F88E20072A02BF012285F854
:1000A0008E60BA74980713D5387C0123072885F829
:1000B00017310AD0112824D0F9F7BAFF034628B91E
:1000C00040F2B3513620E8F7F9FE784B764898476E
:1000D0003B89190740F1BB807C6894F816312A2BC4
:1000E00036D81B2B0FD8012B5AD0032B63D0002BF3
:1000F00044D094F81631FE2B40F08D804FF4B86157
:10010000E0E76B4BE2E71C3B0E2BF2D801A252F862
:1001100023F000BFD1010201F3000201F30002014C
:10012000F3000201F3000201D9010201E70102011B
:10013000F3000201F3000201F3000201F3000201E7
:1001400005020201F3000201F3000201D1010201E4
:100150003C2B5ED03F2BCCD1B4F88630B4F83C2297
:100160009B1A1B0402D4002384F8523294F88C307A
:10017000442B0DD1002384F8CA30BAE7B4F88620A6
:10018000B4F83C12521A1204B3D484F85232B0E7D5
:1001900094F88D30442BACD143480EF04BFDA8E7CA
:1001A000B4F88630B4F836229B1A1804A1D4002380
:1001B00084F88C309DE794F88C201A2A04D84FF0EC
:1001C000A463D340D90794D4002384F88232DEE7B5
:1001D000002384F83531CEE7364B1B68002B88D0DE
:1001E0002046984785E7002384F83631324B1B6858
:1001F00023B104F59B7104F58E7098472A480EF0E0
:10020000FFFC76E72D4B1B68002B3FF472AF2648AE
:10021000E7E72B4BF7E7FE2384F8163194F88C3090
:10022000262B3ED033D80C2B35D00E2B37D094F85C
:100230008D30442B04BF452384F88D3094F88E30E4
:10024000082B01BF0223BB74002384F88E303B8946
:10025000DA074BD5FA687B68166893F88C1093F828
:10026000D000347810F0F9FA28B1112C6BD8154B66
:10027000E340DB0767D511792046F8F78FFF18BBFD
:10028000FB68314608481A790EF013FD2DE0442B27
:10029000CDD1452300E00D2384F88C30C7E70F2330
:1002A000FAE72723F8E700BFA4130021170803018A
:1002B000FB070301180700211C070021200700216C
:1002C0003C070021742802000D2C36D0112C36D0AA
:1002D000072C36D02046F9F797FE03460028CFD0EA
:1002E000FA683146B6481279984706467B7C1C0767
:1002F00008D595F88C1095F8D00010F0AEFA0028CB
:1003000018BF08262846FFF799FC7D6895F8163136
:10031000FE2B40F08D8095F88E30073B012B40F28C
:10032000878095F8203103F0FF0473B10023A5F80E
:10033000C4300223A5F816317AE0A24BD0E7A24BD5
:10034000CEE7A24BCCE70826D0E795F88C3043B92E
:1003500095F8BE201AB31222A5F81621A5F8C630CA
:1003600063E0252B00F0A38010D8142B58D009D8B7
:10037000032B00F09680132B00F08A80113B0C2B8E
:1003800056D90CE01A2BF9D106234AE0312B00F0A4
:10039000A580322B00F098802E2B00F0938095F8EA
:1003A0008D30332B00F2E0801E2B00F29980013B50
:1003B000DAB2052A40F2C68095F81631FE2B37D105
:1003C0007C6894F81631FE2B00F0748195F88C301F
:1003D00073BB95F835325BB395F88D000EF043FC96
:1003E000044628BBB5F886300A2B21D96846F8F7B1
:1003F000A5FEE8B1052205F19601684609F07AFAF2
:10040000002800F024839DF80430009885F83432E9
:100410000123C5F83002A5F8163185F8354207E00A
:100420000B23A5F81631A5F8C640012385F8CA307C
:100430007C6894F8203123B994F88E30073B012B67
:1004400004D8B4F8C4300133A4F8C43094F8CA1006
:1004500021B1B4F8C6300133A4F8C63094F9CE20E7
:1004600022B1B4F8CC300133A4F8CC30B8F1000F8D
:1004700040F04583BB7C022B00F03D83012B40F014
:10048000E98294F88F30002B40F0F982002101E3DB
:10049000D5F85432C5F808310323A5F816310023E6
:1004A0005CE795F8113185F81831072342E705F527
:1004B0000E700DF0BAF801462846FFF797FCA5F834
:1004C000C640B5E72123ACE701231121284685F872
:1004D0001831FFF78BFC85F88C40A9E7272329E723
:1004E0001F3B142B3FF668AF01A252F823F000BF68
:1004F000D1050201D1050201B9030201B9030201CC
:1005000047060201B9030201B9030201B90302015E
:10051000B9030201B9030201A1060201B9030201F4
:10052000B9030201B9030201B9030201B9030201CF
:10053000B9030201B9030201A90602018106020101
:10054000A5060201052B3FF637AF01A252F823F0B2
:1005500091050201AF0502017F0502019506020126
:10056000B90302019D060201482B00F09F804B2B2E
:1005700000F09E80442B7FF41FAF3F238BE095F863
:10058000103185F818310723A5F81631002314E03F
:100590000C230022A5F8163195F8D130A5F8CC200F
:1005A00043F0010385F88D2085F8D13004E713234B
:1005B000A5F816310023A5F8CC3085F88D30FBE680
:1005C000A413002107090301410903014DFE0101A4
:1005D00095F82331002B7FF4EFAE95F82231BBB1B3
:1005E00095F88D3005F5917105F23A22262B28D029
:1005F00095F88C30263B012B8CBF00230123284625
:100600000EF080F9202385F88D30002385F8223103
:1006100095F88D30202B7FF4CFAE05F24B11284694
:10062000F9F726F8B5F85E30A5F81831B5F862305C
:10063000A5F81A311523A5F816310023A5F8CC30FA
:10064000BAE60123DBE795F82C31012B13D095F89E
:100650002C31022B7FF4B0AED5F82E11EA6EA448EF
:100660000CF0E5FF05F50E700CF0DFFF01462846A3
:10067000FFF7BCFBA0E695F82D31002BE7D1EBE7A7
:1006800000241121284685F81841FFF7AFFB85F8B3
:100690008D4091E60923A5F816318DE61B2373E7FB
:1006A0002423F8E71E236FE72723F4E72C23F2E740
:1006B0003C23F0E794F88C30002B7FF487AE94F85D
:1006C00052323BB394F8503203BB94F88D000EF0D5
:1006D000CAFA8246F0B994F88D30312B1AD094F8CA
:1006E000503283B110212088E9F718F9036913F417
:1006F00000791DD04423A4F8C6A084F88C300123CF
:1007000084F8CA303F23A4F8163177E094F83431E6
:10071000002BDAD094F8823203F0FF0133B394F85F
:100720009130B3B194F8923073B940F2AE61C9E43C
:10073000704B1B6813B940F29F61C3E41A216C48E7
:10074000984784F8529259E00A23A4F816310023FE
:1007500006E0D4F85422C4F808210322A4F8162194
:10076000A4F8C630012384F8CA3047E094F8333146
:1007700003F0FF022BB10823A4F8C610A4F8163129
:10078000F0E794F8343103F0FF0173B194F8E730E7
:10079000DB0905D02B23A4F81631A4F8C620E1E725
:1007A000554B1B6853B3524831E0D4F8843283B3BD
:1007B0001F2294F88D00F9F775F850BBD4F88432F5
:1007C00033B113F8512C012A05D040F2DE6179E4EF
:1007D00040F2DA6176E413F8283C03F0FF0113B12C
:1007E00040F2DF616EE494F8E33098060CD51F23E5
:1007F000A4F8C61084F8CA20A4F8163195F816316A
:10080000FE2B7FF415AEE1E53C4B20461B68984774
:10081000F4E794F8323173B194F8D13013F0030255
:10082000ECD10C2143F00103A4F8161184F8D13067
:1008300084F8322187E794F822311BB394F82331EE
:1008400003BB94F88D3004F5917104F23A22262B03
:1008500016D094F88C30263B012B8CBF002301234B
:1008600020460EF04FF8002384F82231B4F85E20C1
:10087000A4F81821B4F86220A4F81A2114226DE714
:100880000123EDE794F82C31012B62D194F82D313E
:10089000002B5ED194F88D000EF0E5F9002858D1B8
:1008A00094F874104B1EDBB2032B09D894F8752012
:1008B000DFF84CC0013A1CF80300D2B2032A04D975
:1008C00040F287310620FFF7FEBB022894F82E3154
:1008D0000AD003280AD0012804D1012B14BF002319
:1008E00001237BB9162330E7022BF7E7042BF5E74A
:1008F000A41300212C070021340700211407002134
:1009000037C303011CF8022094F82F31022A17D0B4
:10091000032A17D0012AE5D1012B14BF002301239C
:10092000002BDFD0B4F8863004F50E72B4F8300135
:100930000CF05FFE014640B97448F7F709FE5DE729
:10094000022BEAE7042BEDD0CCE7282384F88C3087
:1009500054E794F8353103F0FF025BB16C4B1B6830
:100960006A489847FE2801463FF448AF2046FFF703
:100970003DFA43E794F83E3103F0FF090BB11D2324
:1009800009E794F836316BB30921B4F83801E8F778
:10099000C5FF10B984F83601D5E690F8F03103F0C0
:1009A000FF0213B984F83621CDE690F8C831032B45
:1009B00014D8DFE803F00202050D84F83691C2E690
:1009C00094F83C3180F8F131002384F83631BAE6EE
:1009D0002223A4F81631A4F8C690C3E640F272614F
:1009E000FFF770BB94F83F318BB194F8523273B972
:1009F00094F8E4305A0608D5464B1B68002B3FF4A8
:100A0000FDAE4248984727237DE6434BC9E694F85C
:100A10004031BBB13B22002194F88D00F8F742FF32
:100A2000814678B910212088E8F778FF03699B0791
:100A300005D53A4B35481B6898473B23C9E7384BE7
:100A40001B68B0E6374B1B68002B89D1D6E685F8CA
:100A50003502E4E45EB1F0064FD431074FD4B2075B
:100A60004FD1B3064FD440F6B521FFF72BBBC9B128
:100A7000B4F8C610B4F8C830994213D9222384F8C8
:100A8000AF302248F9F748FB00230221A4F88C304C
:100A900084F890302046FEF7F1FF02B0BDE8F04741
:100AA000F7F7E0BE2AB1B4F8CC20B4F8C8309A42C7
:100AB000E4D8B4F8C420B4F8C2309A420FD2B4F8E3
:100AC000C420B4F8C8309A42D8D294F89020B4F830
:100AD000C0304AB9052B7FF6D9AC3E23CFE794F856
:100AE0002031002BCAD1EAE7B4F8C2209A423FF67F
:100AF000CDAC0823C3E71623C1E71E23BFE73D2380
:100B0000BDE72A23BBE72323B9E700BFA4130021D5
:100B1000F4060021240700212807002140070021B6
:100B20004807002104070021F0B590F88C3000261A
:100B3000484D85B00C3B04462F462E70012B686053
:100B40002E816E74AE7414D8B0F88630B0F83622A8
:100B50009B1A1B040DD400F50C7195300DF0BCF8F8
:100B600094F88C300D2B08BF84F88C60FF2384F838
:100B7000CB30B4F82022214604F18000013292B239
:100B80000DF0F1F820B14FF4D4713620E8F796F962
:100B900094F8CA30A4F820022BB1B4F8C620B4F8F7
:100BA000C8309A4215D294F9CE302BB1B4F8CC208B
:100BB000B4F8C8309A420CD2B4F8C220B4F8C430A9
:100BC000934206D294F89010B4F8C03039B9052B8E
:100BD00007D900210846FFF727FA002038E09A429B
:100BE000F7D994F81641FE2C18D003A8F7F712FE97
:100BF00010B940F6E101C8E732220021039808F05D
:100C000097FE03992246134801F8034FF8F7F6FFC1
:100C1000F7F70CFE58B940F6EA01B6E70E4B1C6830
:100C20002CB106F07DFC02460B460A48A0476B68D3
:100C30000A4A93F88C1093F8D0000FF00EFE084B80
:100C400001900093074B97E80300E9F7E9FC0120C6
:100C500005B0F0BDA41300214C07002199FB010150
:100C60002900020101FC0101F8B5B0F8203200F1C1
:100C7000800704460D460B441646A0F82032B0F813
:100C8000C0300B44A0F8C03038460FF0AFFBA0B125
:100C9000D4F8B43038460B442146C4F8B4300EF0D2
:100CA00003FBD4E92D239A4207D30023164904F508
:100CB000A170C4F8B4300DF0BCFD94F8CA3023B173
:100CC000B4F8C6302B44A4F8C63094F9CE3023B122
:100CD000B4F8CC302B44A4F8CC3094F8203123B9AC
:100CE00094F88E30073B012B04D8B4F8C4302B4461
:100CF000A4F8C4302046FEF7A1FF26B1B4F8863030
:100D00001D44A4F88650F8BD03F2020108B5F8F7B7
:100D100069FF024B024A1A6008BD00BFF4060021B9
:100D2000CB06030108B5F8F72FFF034B034A1A60FF
:100D3000034B044A1A6008BD080700214308030159
:100D40000C0700213108030108B5F8F78BFE064BAC
:100D5000064A1A60064B074A1A60074B074A1A6090
:100D6000074B084A1A6008BD140700215708030101
:100D700010070021854C01011807002125430101BE
:100D80001C070021F54201010B46842203F8032BC6
:100D9000034AB2F80900D27AA1F803009A707047AA
:100DA0000814002108B540300EF076FD014B0022FA
:100DB0005A7308BD08140021014B1869FFF7F2BFF0
:100DC00008140021034B5A7B12B11869FFF7EABFE0
:100DD000704700BF081400212DE9F04F994C93B0E3
:100DE00005460E46236993F82D703FB1D3F8B02025
:100DF0005778227D974294BF002701279A7BBF0036
:100E0000B3F8289047EAC207E28AD88DA9EB020915
:100E10005A6A4FF6FF7307F00C071FFA89F901921F
:100E20009842BB4632D00A21E8F778FD8246072374
:100E30000021A0692B700123E9706B700DF0D2F9CD
:100E400086B1236993F835601EBBBAF1000F22D03A
:100E50009AF81A30012B05D09AF85730002B0CBFA6
:100E600023263B2632463946A0690DF0C2F917F019
:100E70000403009316D02369D3F8B0100B783F2BEE
:100E80000BD94FF489710A20E8F718F84FF0000ADF
:100E9000CDE70926E6E75646E4E701230222A069EA
:100EA0000DF076F921698B7B2BB1022303220C31E3
:100EB000A0690DF06DF9A0690DF090F9C0F1FE0880
:100EC0000546C145B4BF5FFA89F85FFA88F8C8459E
:100ED00009D3009BD3B12269237DD2F8B02001331E
:100EE0005278934212DA47F010013246A0698B46DD
:100EF0000DF07FF9A0690DF071F9C0F1FE0805460B
:100F0000C145B4BF5FFA89F85FFA88F8092E37D176
:100F100042F60803ADF80C3023699A6BCDF80E2029
:100F200093F83C20DB8E8DF81220ADF81330334659
:100F3000072203A9A0690DF02BF91BF0100F5FFA2F
:100F40008BF25ED0237F002120694B44ADF808105E
:100F5000067C03F03F038DF80A10242B84BF243B4A
:100F6000DBB2022E237743F0400303F07F038DF8BA
:100F7000083055D011D8012E54D04FF4B67182E705
:100F8000314B1B68002BD8D0232E01D03B2ED4D15F
:100F9000226903A950469847C9E7F31E012BECD8F4
:100FA000B11E0227C9B29DF80A3067F347138DF8C6
:100FB0000A30264B33F8113052070CD5042E454425
:100FC00033D1AD0105F53475D0F8B0301B78DB00B6
:100FD00003F0F8032B441E229BB202A9A069B3FBC5
:100FE000F2F39DF80A200B3322F01F028DF809302E
:100FF000C3F30423134304228DF80A3003230DF0B6
:10100000C7F8E18A4246019BA0690B4419460DF0DE
:1010100024F9E38A9844A4F8168013B0BDE8F08F51
:101020000127C0E740F64803C6E7032E03D12D0190
:1010300005F5E775C8E7022E0BBF0B350A35AD0085
:10104000ED00C1E708140021540700213CC303014F
:1010500010B50A4C207F03F07FFDA0690021FFF747
:10106000BBFE236900204FF4A5711A7C03F0C2FE79
:10107000A069BDE8104004F039B800BF0814002191
:1010800003461D4A13B5106903B921B902B0BDE882
:101090001040FFF787BE137D90F82D100133DBB2AF
:1010A0001375D9B1D0F8B0104C789C4216D90B7892
:1010B00001A83F2B8CBF9B0903238DF804300B78CC
:1010C0000021C3F30402DB008DF805208DF8063003
:1010D00003F0CEFBFFF7BCFF02B010BD018DD38A39
:1010E000994203D1B0F87A308382CFE702B0BDE8ED
:1010F0001040FFF7ADBF00BF0814002108B5F7F797
:10110000A3F9054B002298615A73044B044A1A60F4
:10111000044B054A1A6008BD08140021500700213D
:101120009414020158070021A4140201014B024A41
:101130001A607047540700211530020130B50C4683
:1011400085B00546B8220021204608F0F1FBE8F7FB
:1011500003FD01220146A06065746846E8F742FD80
:10116000A0680022012109F0CAFC02A8F7F7E6FFF7
:1011700020B94FF4ED710A20E7F7A0FE02A904F1AF
:1011800016000CF0A9FD054B246423670023A382FD
:101190004FF6FF73E38505B030BD00BFA414020114
:1011A000F8B50F463649044631F812504FF47A71BB
:1011B00005F57E550735B5FBF1F519460FF085FCB1
:1011C000C319FF2B04DD01288CBF03300430C0B2EB
:1011D0006FEA000C94F82D305FFA8CFC07EB0C06DC
:1011E000013E96FBFCF6F6B22BB1D4F8B01049786C
:1011F0008E4238BF0E46C1196EB3901E013EC0B27A
:10120000022897BF1F4F40F6921007EB4000C0889E
:10121000042A00FB065506FB1C10C0B20ED180014B
:1012200000F53470284443B1D4F8B02013785278D4
:10123000DB0003F0F80302FB0300F8BD032A03D12F
:10124000000100F5E770EDE7022A0BBF0B300A3012
:101250008000C000E6E7042A04D1890101F5347159
:101260006818E0E7032A03D1090101F5E771F7E700
:10127000022A0BBF0B310A318900C900F0E700BF19
:101280003CC403013CC30301014B1873704700BF0A
:101290000814002103460548027B2AB1418102223D
:1012A00003494372F8F7D8B9704700BF081400210A
:1012B000890D020173B5744C0646637B206123B12E
:1012C00040F2DD210A20E7F7F9FD0FF00EFCD6F819
:1012D000803000F5D5759D4218D9ED1A3046402D65
:1012E00038BF40250FF0B7FB0146284606F0E8F866
:1012F00028B9206902B0BDE87040FFF753BD05F082
:10130000B5FFD6F880302B44C6F88030256995F8B3
:1013100035307BB1EB8EB5F87A209B1A1BB2002BCF
:1013200014DC05F1380105F116000CF0D5FC0023A2
:1013300085F8353095F8343043B1D5F88020D5F8AC
:1013400098309A420CD9002385F834300023E38288
:1013500023752369D3F8B030CBB940F2EA21B1E765
:1013600005F138063046F7F7E9FE0028EED00522F1
:1013700005F11701304608F0BDFA0028E3D001233B
:1013800085F83530B5F87A300A33EB86DBE703F0C1
:10139000A1FA3E4B186803F093FE236993F90F00FE
:1013A00003F0CAFB2369FF20197C03F01FFA2369AD
:1013B000186803F0C7FB2069B0F87A2050F8161BB4
:1013C0000CF0A2FC207703F0C7FBA06903F08EFEAF
:1013D0002369586803F06EFE236903F124019868BD
:1013E00009F0ABFB80B123699A7B4AB19889C0F3BD
:1013F0000B000EF0AAFE23699A8960F30B029A8112
:10140000002283F82C2004E0236993F82C30002B71
:10141000E9D10121A069FFF7DFFC236993F82D20B2
:10142000A2B1D3F8B020002101A813783F2B8CBFC4
:101430009B0903238DF804301378C3F30402DB0007
:101440008DF805208DF8063003F012FA236900208C
:101450001A7C0F4B33F812104FF47A7301F5FA71BE
:10146000B1FBF3F1903103F0AFFC2369B3F87A10CC
:10147000587CFFF70FFF206940300EF008FA012377
:10148000637302B070BD00BF081400215007002133
:101490003CC403014D0A0301430A03018110020108
:1014A000C50D0201EB0A0301570A0301B51202013F
:1014B000A50D0201B90D0201255602013F0A0301E3
:1014C000014B1873704700BF2814002110B5B0F805
:1014D000CA000C460F21E8F721FA30B144761030EB
:1014E0000249BDE810400DF09BB910BD79ED010136
:1014F000034B186890F837300BB10FF04EBB7047B4
:1015000040140021014B18680FF047BB4014002124
:101510001A2337B505460B7030F8340C0C4615F815
:101520002A2CA1F8030015F8323C4B7115F8313C18
:101530008B7112B143F002038B7115F8233C002B21
:1015400040D00721E8F7EAF918B940F2E1110D207F
:101550003FE090F8353040F2E24263744368B3FBF9
:10156000F2F3A3748368B3FBF2F37D22E374C368E0
:10157000B3FBF2F3DBB2237515F8253C2BB1013B2D
:10158000DBB2032B22D8214AD35C637340F2E242E0
:101590006B6EB3FBF2F3E38195F87E30237455F85C
:1015A000303CC4F8073035F82C3CA4F80B306B7A8B
:1015B000A37043B305F114000EF0B7F958B140F22F
:1015C0000B21C4E76374A374E374D4E740F287315A
:1015D0000620E7F773FC052135F8340CE8F7B4F979
:1015E00010B140F20F21B2E74FF40173ADF80430AF
:1015F00000209DF8043063F307009DF8053063F385
:101600000F2003B030BD0423F0E700BF70C3030117
:1016100070B5174D06462B68188900F0F7FC044694
:1016200020B928680FF0B9FA204670BD03F052F9CE
:10163000104B186803F044FD2B68FF20D97D03F0A0
:10164000D5F82B68186803F07DFA304603F084FA69
:10165000204603F04BFD2B68586803F02BFD2B68E8
:101660000120C921DA7D03F0AFFB0120DDE700BFD7
:101670004014002180070021F8B5174B1B68DE7D60
:10168000D3F8905093F83840F31E012B1DD8240155
:10169000032604F5E7743046A5F58D7504F096FA37
:1016A0000E4B0544304653F8267004F097FAC0F507
:1016B00079704FF47A732D1B03303844B0FBF3F08C
:1016C0002844BDE8F84003F083BD022E0BBF0B3465
:1016D0000A34A400E400DEE74014002128C403011A
:1016E00010B5447D4CB980F845103C3005490DF0EB
:1016F0009AF8BDE81040ECF785BC034BBDE81040FC
:101700001B681847111502015C07002110B5134C26
:10171000206890F83A305BB9C37D042B08D10121D1
:1017200080F83A1043F2D20005F0CAFE20B92068D2
:10173000BDE810400FF031BA05F098FD2268D2F8EC
:10174000900000F5435300F53F5012331230BDE8CE
:101750001040C2F8903005F087BD00BF4014002152
:10176000014B024A1A6070475C070021CD14020148
:10177000044B054A1A60054B054A1A60054B064A98
:101780001A60704764070021852F02016807002155
:101790006D2F02016C070021612F0201014B024AEB
:1017A0001A607047800700217007002138B50C4689
:1017B0000546D0220021204608F0BAF8284600F05D
:1017C0000DFC41F6FF732581A383024B2465C4F809
:1017D000803038BD041C020170B5104D0C46072145
:1017E000E8F7B2F82B68BBB194F83930A3B10C4BD1
:1017F0001B6823B94FF420710D20E7F75FFB984772
:101800000A21E8F78BF810B940F28321F4E72B683E
:101810003E21BDE87040184770BD00BF6807002139
:101820006C0700212DE9F0435F4C074685B00D465B
:10183000206850300DF0FFFF78B1022138460CF0DF
:10184000C6FC22680146107E0FF056FA01460028B9
:1018500042D000211046FFF743FF394620680FF0C1
:101860005BFA02F09BFA022D814607D002F02AFFB4
:1018700001462068002250300DF097FF2368DE7C7F
:10188000B6B1032138460CF0A2FC6B1E012B0FD918
:101890002268137D63B100282DD04178037801F0D0
:1018A0000F01968B43EA0123F61A938318BF012692
:1018B0003E4B1A68002A3BD0226892F83920002A51
:1018C00036D01B683846216898478046A6BB98BB2F
:1018D0006B1E5D425D410AE002F150000DF0FDFF1C
:1018E0002068837D13B91A21FFF7FAFE00252846E8
:1018F00005B0BDE8F0831E46DAE702F0B9FE96F9BE
:101900000030B278002B737802F01F02B4BF4FF49E
:1019100096711E2143EA02234B431A1AB2F5877FC0
:101920003DD398423BD80425E1E7022DDED136E0D5
:10193000002ECDD04FF0000822680120B2F88A3086
:10194000118901903846CDE90268567E4A46013E2B
:10195000F6B2009600F06CFB814630B1B8F1000F92
:1019600003D02368002283F83920012DBFD0042141
:1019700038460CF02CFC0646B9F1000FD5D00028F3
:10198000B4D083785F2B4FEA531296BF084B0023E5
:101990009B18226898BF1B79D27D9A42ADD02368EC
:1019A000188900F00DFCA1E7401400216407002114
:1019B00070C303012DE9F041344D07460E462B68F4
:1019C000188900F023FB044620B940F255110D2080
:1019D000E7F774FA27B92868BDE8F0410FF0DDB8E1
:1019E000002EF8D10CF0D3FC0028F4D0237803F0BB
:1019F0000F03072BEFD1E3789B09ECD1032120469D
:101A00000CF0E5FB0346286823B15A78837AB3EBE0
:101A1000121FE1D190F83730032B06D0052B20D0D0
:101A2000022B1CD040F28111D1E701212046FFF7A3
:101A3000F9FE01462868012980F8371013D00429DF
:101A4000CAD120460CF0C3FB014628680B78C3F3CB
:101A5000050380F83630BDE8F04100F0E1B8002120
:101A6000E4E70221E2E70A4C236813B940F28F1140
:101A7000ADE707210089E7F751FF10B940F2911156
:101A8000A5E72368BDE8F041184700BF40140021D6
:101A900060070021F8B500232E4D80F83A30286009
:101AA00050300DF0C8FE034628681BB1FF2380F8B4
:101AB00038302FE0C67D042E08BF03260FF0BBF898
:101AC000074605F0D1FC032E04463BD0022E14BF7E
:101AD0004FF4FF634FF47F739C42394628BF1C4686
:101AE000204605F0EDFC034688B305F0BFFB2868EF
:101AF000032ED0F890302344C0F8903025D0022E29
:101B000014BF08230423B4FBF3F4FF2C28BFFF24E5
:101B100080F838400FF031F92868B0F88A2050F882
:101B20001E1B0CF0F1F8FFF773FD28B1FFF7A4FDC1
:101B3000286850300DF0ABFE2A68537E023382F8DD
:101B40003730F8BD4FF47F63C6E71023DBE7286822
:101B5000ADE700BF40140021002310B580F83A30F3
:101B6000FF230A4C80F838300523206080F8373096
:101B700090F83600FFF74CFD38B1206850300DF07A
:101B800086FEBDE81040FFF777BD10BD4014002170
:101B9000002370B580F83A30FF23124E0D4680F8CE
:101BA00038300523306080F83730008900F02EFA95
:101BB000044620B94FF443710D20E7F77FF93368ED
:101BC00093F8360002F0C8FF336829460120DA7D19
:101BD00003F0FAF8204603F089FABDE87040FFF7F9
:101BE0004BBD00BF40140021014946300CF01BBE24
:101BF0006F0C0301442302493C3043720CF013BEC6
:101C000011150201B90C0301370C0301951A0201E9
:101C10009B0B03010D17020125560201A50D0301BF
:101C20002DE9F04F044689B00F4690F88830072B15
:101C300009D10FF0D8F8D4F880302046DB6809B01D
:101C4000BDE8F04F184702F03DFD814602F010FD5F
:101C500097F900307D78002BBB78009003F01F03CC
:101C6000B4BF4FF496721E2245EA03253B785543D4
:101C7000DA090CBF4FF01E084FF4967813F0400FAE
:101C800008EB05020CBF4FF4FA76322601920BF0F6
:101C9000E1FB811908EB050089B205F027FA8346BC
:101CA00005F03EFC19EB0006D4F8A0004FF000024E
:101CB00041F1000AD4E92631EB1A61EB41019B198D
:101CC0004AEB0101984272EB010101D22046B0E7D4
:101CD00000990BF1110B49444FEA4B0301F50171D7
:101CE000A94235D2394904F1500000930DF02BFE82
:101CF000D4F8801008F5DD77206DA5EB0B05096899
:101D00008847009B00221F44D4F880308DF80820BB
:101D100007445B68206D03979847C93E4FF0040362
:101D20008DF810004AF1FF3AAD198DF8113002A973
:101D30004AF1000304F15800CDE9065306F026FCF1
:101D400018B99E210C20E7F7B9F8C4F8907072E733
:101D5000019A09F5DD751544E27D023A1D44D4F877
:101D60009030D2B2022A96BF194940F6480231F8A3
:101D7000122015449D4214D9ED1A0121402D38BF7F
:101D80004025284605F09CFB00289FD005F06EFA00
:101D9000D4F89030E818C4F89000A0F5807005F0F1
:101DA00063FA97F900302046BA78002B7B7802F06E
:101DB0001F02B4BF4FF496711E2143EA022301FBB8
:101DC000039109B0BDE8F04FFFF7E2BEFB0D030140
:101DD00078C303012DE9F04FDFF87C8185B00C4614
:101DE000D8F80030B8F80420C51AB5FBF2F5EDB20A
:101DF00002FB0539484608F01FFD064618B9E621E2
:101E00000E20E7F75BF80146484608F023FD074639
:101E1000304608F027FD0C23064605215D43D8F81F
:101E200008302B449888E7F779FD88B3F2791ABB1C
:101E3000B179DFF828A1DAF800B0BBF1000F1DD0AE
:101E4000737903B9D1B1D8F8082039462A4490886B
:101E5000B27900922246D847002210F47F4FC4B2D4
:101E6000C0F30723727158D1484608F0FDFC0028E2
:101E70006DD14FF48771C3E70021DAE742B11C232B
:101E80002370D8F808302B449B886380C37C0BB93F
:101E90000024E9E77388A4F8073033796372737C10
:101EA000FF2B08D17F22A371A372002322716271DC
:101EB000E3720424D8E7062138460CF088F988B389
:101EC00073787BB390F90030237102213378384660
:101ED00063710CF07CF938B303789B09A371F42289
:101EE000D8F8083004F10C0138462B441B7A0CF06A
:101EF000D2F9D8F80830E0722B441A7A10441872DC
:101F000038460CF0C0F9D8F808302B441A7A8242CF
:101F10000CD00123A3720424012344EA032005B05A
:101F2000BDE8F08F7F23CFE7FF23D7E7727CA27253
:101F300000221A72DAF80030002BBAD02C21384671
:101F40000DF026FA0028B4D001237371E3E7484668
:101F500008F0C9FB0023E0E74414002184070021B6
:101F60002DE9F84305460E464FF481701221914643
:101F700008F038FB041E2CDB25B904F10C0070437B
:101F8000BDE8F88315F0030704D040F225110E20B8
:101F9000E6F794FF0C22DFF8408006FB0450394638
:101FA0007243C8F80050C8F80800A8F8044007F0C9
:101FB000BFFCBE42E1D0B8F804504B46D8F8000050
:101FC00012224FF4817107FB0500013708F0C0FAB7
:101FD000EFE74FF0FF30D3E74414002138B50A4D46
:101FE0000521E7F7F5FC04462B68A88804FB0030C0
:101FF00008F0CFFA0C23A9685C4300230A190B519F
:10200000D380138138BD00BF4414002108B50521D9
:10201000E7F7DEFC054B4FF481719A881B6800FBE3
:102020000230BDE8084008F0A8BB00BF44140021FE
:102030002DE9F04F87B0604C82469DF840B0029386
:102040009DF84480CDE9001205210098E7F7C0FC17
:10205000A3882668BBF1FF0F054600FB03667BD112
:10206000304608F051FB012804D10025284607B06E
:10207000BDE8F08F042150460CF0A9F881460028F5
:102080006CD08178427801F01F0142EA0122B2FA55
:1020900082F252090C21304603924D43A1684F59F8
:1020A00008F02BFB10B9039A3A43DED00DF112026F
:1020B00005A9304608F0E8FB059808F0D3FB044674
:1020C000B8F1000F4CD050460CF0DDF882463A4A89
:1020D00040F2726E906800EB050CBCF8061051449B
:1020E0007145C2DCACF80610B7FA87F79DF84C10C2
:1020F000019B7F09A1719DF848102370677000272C
:10210000029B84F804B0E17141596380677151B159
:10211000487C012807D10F74916848592749083035
:102120000CF081FB244A9068009B41198B80B8F128
:10213000000F17D1FF236374A1F8068040F80580D3
:1021400001224FF48171304608F037FB054638BB59
:1021500074210E20E6F7B2FE4FF00009012299E744
:10216000C246B4E7B9F1000F06D184F81190A1F886
:10217000069040F80590E3E799F8023099F80120BD
:1021800003F01F0352EA03230BBF022201236274F0
:1021900063740BBFCB804451435181F809A0CFE752
:1021A000637C012B3FF462AF00232374034904F1E5
:1021B00008000CF038FB59E744140021D51D02013A
:1021C00070B505210E4EE7F703FC0C2303FB00F46A
:1021D000B368185998B10379FF2B04D040F2D71196
:1021E0000E20E6F76BFE02234374002505740549B3
:1021F00008300CF018FBB3681A19D5801D5170BD5A
:1022000044140021D51D0201014B024A1A60704797
:10221000840700219537020138B5044690F8541020
:102220000EF06DFF054694F8383094F86F00022BDD
:102230000CD103F0D3FC00F5214318334FF47A722C
:1022400003F2E733B3FBF2F3581938BD034B33F80D
:10225000103003F56E532033F0E700BF3CC4030198
:102260000C4B30B51D6895F8544095F85650B1FBAD
:10227000F4F295420CD990F8F0501879854207D1C4
:1022800004FB12115879C9B2431A5842584130BD63
:102290000020FCE76C14002138B5164B04469B68FF
:1022A0000BB1EEF703FD03F043FE94F8383004F170
:1022B000C805022B04D12846BDE838400DF0FCBA11
:1022C000D4E9042394F85410013243F10003A2FB33
:1022D000012001FB030320460EF03BFE20460FF0D9
:1022E00040F808B10123E3762846BDE838400DF0F8
:1022F000D3BA00BF6C1400210A4B37B51C6894F8A0
:102300003C50236E013D94F83E2094F83A1094F826
:102310009C005D43E46D00940EF0D8FE401B03B0BA
:1023200030BD00BF6C14002109B9FFF7E5BF054BB4
:102330001B6893F83C20891AD3E91732584302FBF3
:10234000010070476C14002190F839303BB9044902
:10235000D0E92823C0E9022331300CF064BA704779
:10236000211903012DE9F04105462F4C0E46EA06DE
:10237000206811D527693B6E73B1237D90F8541006
:1023800090F856C0B3FBF1F2944581BF97F8F07016
:1023900001FB1233277163710123C8306375A37584
:1023A0000DF049FA15F008081BD018B1002120687B
:1023B00000F0DCFD15F0400717D0FFF79DFF024647
:1023C00020683146C8300DF0F0F9B8F1000F0AD09E
:1023D000C7B1EEF7DBFD01462068BDE8F0410EF025
:1023E0002CBF0028E6D0BDE8F081236923B940F274
:1023F000C7114D20E6F762FD93F8F010207DFFF73E
:1024000093FFDCE76B07EED5E37D002BEBD1EEF716
:10241000BDFD22680378117EC3F382038B421CBF8B
:102420000123D376DFE700BF6C140021174BF0B413
:102430001C6894F8545094F85630B1FBF5F293426E
:10244000D6B205FB121294BFC3F101030023D2B22E
:102450009FBFF61894F85530F6B27343D4E904766A
:10246000DB19A3FB053446F100069B1805FB064467
:1024700044F10002D0E90054AB42A24102D3F0BCC7
:10248000FFF7EEBE0120F0BC704700BF6C140021C6
:102490002DE9F8431646054620B3DFF85480013194
:1024A00005F1E009CCB2D8F8007097F83D30A342AE
:1024B00005D8D5F8F850ADB1F83DFF21EFE797F812
:1024C0003830022B10D121462846FFF7AFFF58B114
:1024D00023460134D5F8E42049463846E4B20EF0EC
:1024E00048FDE0E70025FF2428463470BDE8F88366
:1024F0006C1400212DE9F041DFF880800E4617466C
:10250000D8F8003078B9D3F8984004B1F83CD8F83E
:10251000005095F83D30B34210D8FF2600242046E5
:102520003E70BDE8F081D0F8F840002CEED1D3F831
:10253000984004B1F83C0136F6B2E8E724B94FF40C
:1025400082714D20E6F7BAFC95F83830022BE6D1BF
:1025500031462046FFF76AFF0028E0D0D4F8E42097
:1025600004F1E001334628460EF003FDD4F8F840AC
:10257000002CCBD1D8F80030D9E700BF6C14002173
:102580002DE9F04FB84E4FF000088FB082460C4650
:102590000146307D86F81680FFF7C6FE3268814618
:1025A00092F838B0BBF1020F2ED1D2E94453D2E9F0
:1025B00048126D1A63EB02032D1843F10003012D3D
:1025C00073F1000204DA40F2E9114D20E6F776FCDF
:1025D0004FF0FF32AA4278EB030302DA4FF4F571B1
:1025E000F3E7737D43BB0AF035FF33684FF0110BFF
:1025F000074693F83201F6F793FD3918284689B259
:1026000004F074FD00EB0B08356895F83E30022BA2
:1026100097BFD5F81831EB6D5B08963B434512D850
:1026200005F1C8000DF007F9034630683BB13E21C3
:1026300000F09CFC01208DE132200746DDE70821F7
:1026400000F0CCFCF6E7BAFA8AF1284649090EF008
:102650009CFCB36948449842ECD8B368BAF1000FC7
:1026600040F08A80002B75D15346D5F83C2105F502
:102670009C7128460EF07DFC8346366806F59E73F5
:1026800096F85450D6E90421099396F83830A2FB05
:102690000520032B05FB01015FD100273D46C4E95E
:1026A00032210A9304F03CFF96F86F606F4A32F8CB
:1026B00016204FF47A7602F5FA72B2FBF6F29032F7
:1026C00012EB09022CBF01260026101846EB01016F
:1026D0000A9B654ED6F800C09CF838200CF1700CAF
:1026E00005940095CDE9064CDDF824C0CDE90173D1
:1026F000CDE903BC2B46EEF7E1FA00289AD0376803
:1027000097F83830032B00F0008197F86F0003F042
:102710005DFA97F86F20564B53F822304FF47A72D7
:1027200003F2E733B3FBF2F303EB4803C51807F1F9
:10273000C8000DF080F8002800F09E8097F89D30CA
:10274000002B00F09780012B00F0DC8040F2FF317D
:1027500006203BE796F80EB08FE7002703233D469F
:10276000C4E92821B9F1000F73D10A9304F0D8FE0F
:10277000C93041F10001ABE7002B5AD1337D04F1A0
:10278000E001D4F8E42028460EF0F3FB8346357DC3
:10279000366896F854E096F85620B6F86C0096F82D
:1027A0003810B5FBFEF39A429BBF9B1A96F8557002
:1027B000002701339CBFDBB25F43D6E90432FB182C
:1027C00042F100020992AEFB032C0B92099A0EFB18
:1027D00002C2B5FBFEFC0EFB1C5C0A925FFA8CFC8D
:1027E0000B9A12EB0C0C0A9A42F1000E1B1A099A72
:1027F00062F1000202290CBFC4E92A32C4E9343272
:10280000D6E9172308BFC4E928CE02FB05F504F179
:10281000E40218BFC4E932CE0AF1FF3C022903FBEF
:102820000C5509D1D6F8183109927B435D1B002362
:1028300098E796F80EB0AAE7D6F82031381A03299F
:10284000099203FB00F04FF00003A0EB050589D1CE
:1028500027E7B9EB0800D6E9442661EB01018018AF
:1028600041EB060135E700BF6C1400213CC40301B5
:1028700028C403011E231D442846EEF7A9FA0023AD
:10288000317DB360BAF1000F63D033680DF13702C8
:10289000204693F89C30002B39D1FFF7F9FD044610
:1028A0003068BCBB90F81CA0BAF1000F51D0234691
:1028B000D0F83C2100F59C710EF05BFB32680746B6
:1028C000D2F8984004B1F83C00234FF0FF0B02F51A
:1028D0009E7813778DF837B0194658460A93FFF75C
:1028E00023FD326805465146104609920EF04DFB15
:1028F000B169284488422CD8DDE90923D4B940F2D3
:10290000D62162E64FF49673B5E70025B4E7FFF7EA
:10291000F1FDC4E79DF837B0A04604F1E0014FF0A7
:10292000000A5B4658F8E42F0EF023FB94F8F030D1
:102930000746D1E7737392F83830B460032B86F8FA
:102940000CB0B77309D12346424639462846EEF704
:10295000C1FA00200FB0BDE8F08FA5EB0905642196
:10296000284604F0C3FB0230854202D840F2F12130
:102970002BE6234642463946281ACDF800A0EEF74A
:10298000DBFAE6E72DE9F04F10F0020789B0804648
:10299000864C12D02068C8300CF04DFF03463D2114
:1029A00020683BB100F0E2FA206809B0BDE8F04FC2
:1029B000FFF772BC00F012FBF6E7266996B32368B6
:1029C000217D93F8540093F85620B1FBF0F0013AC2
:1029D000904223D193F83830032B12D1B146D6E977
:1029E0003253013543F1000A18F0010823D0B9F140
:1029F000000F40F09380002FD6D03846FFF7A4FC9C
:102A0000D2E7D6E90003D6E92852854272EB0303E8
:102A100004D33046FFF724FC054640B13D46BA4694
:102A2000B946E1E7B14637463546B246DCE73746B8
:102A300082468146D8E7206890F83830022B04D1CE
:102A4000C8300CF0F8FE0028D1D1236893F8382064
:102A5000022A3FD1DA7E002A36D0E27DA2BBA269EB
:102A600093F857C093F83A1093F89C00059293F8A6
:102A70003E20CDF808C093F86FC0CDF804C0D3F85D
:102A80005CC0CDF800C01B6E0EF028FB059B834692
:102A90000121C31A1846059304F012FD78B104F021
:102AA000E5FB2068059AD0F80831C830C4F818B0A2
:102AB00013440364012300F8AC3C0CF0E8FE01234E
:102AC0000022E3752368DA76A06818B1A37D5BBBAA
:102AD000EEF7ECF8D4F808B0BBF1000F60D1236832
:102AE0000DF11F02217D304693F89C3073BBFFF738
:102AF000CFFC9DF81F308346237550B390F8F080CB
:102B000059464046FFF73CFDB8F1000F00F00106C2
:102B100008BF4FF0000BC4F810B024E02A4653461B
:102B2000484603F0B3FB66E7637B002BD2D0217BE2
:102B3000FFF77CFC0028CDD0EEF7B8F802F0A0F942
:102B4000237BA66823750023A360C3E7FFF7D2FCAD
:102B5000CFE723681A7F2AB1FF221877D3F898307D
:102B60002275D3B90126236893F83830022B02BFAF
:102B7000FF2323716371B9F1000F04D02A46534635
:102B8000484603F083FB17B13846FFF7DDFB002E04
:102B90007FF40AAF09B0BDE8F08FA3F1F80BAFE7FF
:102BA000237B94F80D802375AAE700BF6C140021E5
:102BB0002DE9F04190F8382000215F4C86B0032ABF
:102BC00020606175E175A16009D1D0E90423B3F1FA
:102BD000FF3F08BFB2F1FF3F01D100F00BFA2068C0
:102BE000B0F80221C389C281D31AD0E904219BB273
:102BF000D21890F8383041F10001022B08BFFF23B2
:102C0000C0E9042104BF237163710EF07AFB2568CB
:102C100095F83830032B53D1AB7E0127003B18BF0A
:102C200001232B77384604F01FFC95F8541080469A
:102C300028460EF064FA95F83830A061032B42D193
:102C4000AB7E002B3FD095F8573095F83E2095F895
:102C50003A1095F89C00029395F86F300193EB6D54
:102C600000932B6E0EF03AFAA3693946C61A464510
:102C700028BF4646304604F023FC48B104F0F6FA7B
:102C8000A3693344A361D5F808313344C5F808314A
:102C9000236893F89C20E2B9D3F8980000B1F83883
:102CA0000DF11702FF21FFF7F3FB9DF817300546E2
:102CB0002375A8B9206806B0BDE8F041FFF7ECBA6B
:102CC00000230227ADE795F83D1028460EF017FACD
:102CD000CAE700210DF117020846FFF70BFCE4E7F5
:102CE00001F0F8FDEDF7E2FF14491548EDF7D4FFC8
:102CF000294695F8F000FFF743FCB0B9206825613C
:102D000090F83830032B09D190F85410D0E90425FD
:102D1000A2FB012301FB05330EF01BF92068C8302C
:102D200006B0BDE8F0410CF0B2BD012006B0BDE830
:102D3000F041FFF727BE00BF6C1400218529020176
:102D4000652302010D4B01781A68D37E30B54478B3
:102D500033B1137E00250133D57603F007031376D4
:102D6000137E127F9B00447003F01C0343EA42135E
:102D700001F003021343037030BD00BF6C14002147
:102D8000024B014618680EF08BBA00BF6C1400218C
:102D9000014B024A1A60704788070021AC2D0201DE
:102DA000014B1868704700BF8807002119220201F3
:102DB0006B0E0301B12B0201870F03014F0F0301BB
:102DC000255602016F0E0301292238B50A70034609
:102DD000427A0024CA7010F87F0C0C750871002A22
:102DE00052D113F8682C0A7213F8672C4A7213F840
:102DF000662C8A7213F8502C4A7113F84F2C8A7182
:102E000013F84E2CCA7113F8492C013AD2B2032A96
:102E100033D82248825CCA7213F87A2C0A7313F8EA
:102E2000642C4A7313F8632C8A7313F8622CCA73E8
:102E300013F8602C0A8213F8802C022A22D11A6E11
:102E400040F2E240B2FBF0F24A8213F87E2C53F8D3
:102E5000203C0A7503B3F83B00220124D0B2B3F83A
:102E6000F25001EB4000A0F8155083F8AB40D3F8C6
:102E7000F8308BB1F83B0132F0E740F287310620A1
:102E8000E6F71CF89A6EDBE70A21E6F75DFD18B15C
:102E90004FF4DE714920F3E738BD00BF84C303015E
:102EA0002B2238B50A700346427A002510F8800CB0
:102EB00002280CBF1C6E9C6ECA7013F87F0C0D7438
:102EC0000871AABB13F8680C487113F8670C887175
:102ED00013F8660CC87113F87A0C087213F8640CB6
:102EE000487213F8630C887213F8620CC87213F8F6
:102EF000600C53F8203C888140F2E240B4FBF0F4CF
:102F0000CC816BB1F83BD0B2B3F8F240013201EBA7
:102F10004000D3F8F830A0F81140002BF2D1D2B223
:102F20000A74084BFF221A700022074B1A7038BD32
:102F30000A21E6F709FD0028F3D040F2611149208B
:102F4000E5F7BCFF3C00002188140021024B002261
:102F50001870024B1A7070473C0000218814002141
:102F6000014B1878704700BF3C00002180F8C11069
:102F700090F8C0301BB90249B8300BF051BC704713
:102F8000A12E0201F8B50E462C210CF001FA114CCD
:102F90000546B0B923780133DBB2052B02D8237084
:102FA0000020F8BD0C4F0A2120703878E6F7B6FCF7
:102FB0003E21FFF7DBFFFF2325703B7086F8395079
:102FC000EEE7002301202370D6E92A23C4E9022377
:102FD000E7E700BF881400213C00002190F8C030D2
:102FE0002BB980F8C110B83001490BF019BC7047FB
:102FF000BD0F030180F8C110B83001490BF010BCBF
:10300000C92D020180F8C110B83001490BF008BC8D
:10301000E10F03010346F7B520B940F2CB31492057
:10302000E5F74CFF90F854604FF0000CDC89B0F8E5
:103030000201D3E90457001B013580B247F10007B4
:10304000401947F10007A0FB06E0D2E9224506FB44
:103050000700D3F810713A1BD3F8144164EB050450
:10306000012A74F1000502DA40F2DB31D7E76FF094
:10307000010595427CEB040502DA4FF47771CEE747
:10308000714DAA4274F10005CD78ACBF012700272D
:1030900067F38615CD706D4D95427CEB0404B4BF8B
:1030A0004FF496741E24B2FBF4F2CC788A70C2F30B
:1030B000052224F03F042243CA7000228A738A79D1
:1030C00093F83E4064F3040266F347128A714A7A29
:1030D00093F8554064F307124A720A7B93F85640FE
:1030E00064F307120A7393F858204A734A7D93F8E1
:1030F0005A4002F00F0204F00F0442EA04124A752B
:10310000B3F85A20C2F307128A7593F85C2093F83B
:103110005E40CA7193F85D2004F00F040A724A7A87
:1031200022F00F0222434A7293F860208A7293F8C9
:103130006120CA7293F862400A7B04F00F0422F007
:103140000F0222430A7393F8642093F86640CA740E
:1031500093F8652004F00F040A754A7D22F00F02EF
:10316000224393F86E404A7591F8222064F3C71207
:1031700081F822204A7993F83A4064F3C7024A71F1
:10318000D3F8A020C1F80F20B3F8A420C1F81EE0A6
:10319000A1F8172091F8222060F3060281F822207E
:1031A00093F86F20013AD2B2032A34D82848024457
:1031B000487F127962F34710487740F2E240D3F833
:1031C0002021B2FBF0F2C87802F0010400F07F0089
:1031D00040EAC410C870C2F34700C2F3422208712B
:1031E000487920F0070002434A715A79D3F8010068
:1031F0008DF80420C1F819004A7F019860F3040299
:103200004A7793F8572052B92323013B0B702C23A4
:103210004B7003B0F0BD40F2D931062000E7D3F87F
:10322000902001F12B00C1F82320D3F89420C1F89D
:10323000272003F1A802B83352F8044B9A4240F811
:10324000044BF9D13B23E0E7C5BF0300C4BF030033
:1032500084C30301054B98429FBF00F56170044B86
:103260005860002088BF1220704700BF00093D0051
:103270003C0000212DE9F04FDFF880B28DB005460B
:103280000E469BF800000A211746E6F747FB044666
:10329000002800F07182EB7E5F2B4FEA531297BF3C
:1032A000974B4FF000089B1893F8088090F8573020
:1032B000BB4204D025212046FFF758FE56E229796B
:1032C000CB0600F0628290F83D301BB1B3EB511F8A
:1032D000C0F05B82EA78072A40F257821F2940F249
:1032E0005482AB7A0F2B40F2508268782B7800F032
:1032F0003F0C10F0400F43EA0C2300F0FC8040F23A
:10330000656C634540F24182AB7802F007025B00D6
:1033100043EAD01343EA422340F67C4203F6FC73AF
:10332000C3F30B03934200F23082EB7A013BDBB232
:10333000FA2B00F22A822B7DEA7C1B0153EA12133E
:1033400000F023826B7C02F00F02A87C43EA00238A
:1033500043EA0243FE2B40F218823F294FEA511202
:1033600010D90AAB95F82010019308AB01F07F014A
:1033700000930023E86906F03BFADDE90A321343C3
:1033800040F003822B7903F01F025B09B2FBF3F1DB
:1033900003FB1122002A40F0F881AB7AB1EB131F36
:1033A000C0F0F38103D0EB790F2B40F2EE81D5F81A
:1033B00017300AA8EA7E190A8DF82830C2F30402F1
:1033C0008DF82910190C1B0E8DF82C208DF82A1061
:1033D0008DF82B300AF086FB002800F0D68108F12A
:1033E000FF33012B08D9B8F1040F40F0CE81F5F777
:1033F00081F8430740F1C981EB7894F83B10C3F39F
:10340000C402B1EBD30F00F2C0812B7984F83A20CB
:10341000C3F3040384F83E302B79C3F3421384F8DA
:103420005430EB79C3F3031384F85530AB7AC3F30C
:10343000031384F85630EB7A84F85830AA796B7904
:10344000697A43EA0223EA79A87C02F00F0243EA90
:1034500002432A7A42EA0122A97AE36501F00F01C8
:1034600042EA0142697C41EA0021E87C93422266FB
:1034700000F00F0094BF0023012341EA0041E87CE3
:103480006166297D090141EA1011A4F85A1095F8E6
:10349000201084F86F8084F89C30C1F3C0116B78E1
:1034A00084F86E100021C3F3801384F8577084F8F9
:1034B0009D30D5F80D0007F040FDC4F83C01B5F88B
:1034C000153094F83D201B0284F84471C4F8403153
:1034D000FF23237600236383237794F83E300AB1D9
:1034E0009A4201D984F83D30D7B15EB94FF4597191
:1034F0004920E5F7E3FC132B04E700BF3C00002163
:1035000084C30301336804F1800206F1080104F169
:103510004000C4F890307368C4F8943000F0E6FBC3
:103520002A7995F8201002F0E003E869C1F306015A
:10353000202B40F0A280013841F1FF310023AE780A
:1035400094F85720A4F802317600E3816B7846EABC
:10355000D316EB7803F0070346EA432640F2E24332
:103560005E43C4E90401C4F8186194F86F1094F83C
:1035700058000DF01EFD94F83E3094F83AC05F1EDE
:10358000E16D226E0CF1FF3C4F4394F86EA0D4F82D
:10359000649002FB0C7794F85420B3FBF2F394F898
:1035A000562007449B1A94F85520A766534303FB03
:1035B00006633B44BAF1000F67D04B4423652046B5
:1035C0000DF0F0FD0622D4F82C317243A4F86C0003
:1035D00093422CBFC4F82C31C4F82C21BAF1000F4F
:1035E00001D04E443744D4F89860002E50D016F8DD
:1035F000081CF83ED5F80D0007F09FFC96F8F03057
:10360000C6F8E400B5F8152094F86EC043EA02232A
:10361000B4F85A10EA69C6F8E83095F8203086F810
:10362000B080C3F3060386F82CC0B183A87CC6E93A
:10363000282394F85810B17794F85410F17794F83F
:10364000561086F82010697C41EA0021E87C00F0E1
:103650000F0041EA00417162D4F81811B761B162FC
:10366000216DC6E900237161BCF1000F02D1304623
:103670000EF028F9D6F8F860B7E75209002306F0F3
:1036800065F8013861F1000158E7A3EB090395E7FC
:10369000D5F817302046EA7E190A8DF82830C2F393
:1036A00004028DF82910190C1B0E8DF82C208DF8B2
:1036B0002A100AA98DF82B300AF00EFB94F86F102F
:1036C00094F8572094F85800CDE906120DF071FCDB
:1036D00094F89CA094F83A7094F83E90079A069952
:1036E00005905046D4E9178602924A463346CDE902
:1036F000008139460DF0F2FC94F838309630022BF8
:103700000CBFD4F81831D4F8203198423DD8059B2D
:103710009633984539D39E4237D3012F06D9BAF153
:10372000000F2CD108FB09F94E452ED36B7804F11C
:10373000C800297803F03F0213F0400F41EA02214C
:10374000B4F802210CBF1E234FF49673073292B2D5
:10375000CDE9013294F83C204B43013A06FB023399
:1037600000930B4BD3E90223F7F72AF9FF2300223A
:103770008BF80030064B1A700DB0BDE8F08FBAF12F
:10378000010FD3D17743B845CFE7112193E500BFAF
:10379000881400212DE9F743814615461F469DF800
:1037A0002880084619B98C214920E5F787FB0AB91A
:1037B0008D21F9E72C210BF0EBFD044640B9B8F15F
:1037C000000F01D09721EFE7002003B0BDE8F083A0
:1037D00003783A2B0BBF0126002600F123010021BC
:1037E000B8F1000F03D032460230FFF743FD002F3F
:1037F000EAD0627F5F2A4FEA5213E5D8DFF8A08053
:1038000043441B7A5F1EFFB2012F05D9042BDBD185
:10381000F4F770FE4307D7D52823A5F803900420BA
:103820002B706379C3F3C4036B71A379C3F30403EF
:10383000AB712379E2785B0043EAD213627902F03C
:10384000070243EA4223A5F80730A379C3F34213E2
:103850006B72637AC3F30313AB72237BC3F303135B
:10386000EB72637B227DAB81E37C43EA0223627DC2
:10387000AB731B0AEB7302F00F03627D2B74A37D05
:103880001B0143EA1213A5F8113018F80730EB7446
:1038900094F822306E75C3F3C0132B7595E700BF03
:1038A00084C303012DE9F04F03788BB00C46074623
:1038B0000B7043784B7082788A70012A0179C37843
:1038C00043EA01234179E3704FEA132361712371C5
:1038D000C388A4F8093094BF0023037BA373837BC0
:1038E000E3745BB100F10F0304F1140200F11F0156
:1038F00053F8040B8B4242F8040BF9D1FB7A9A0778
:1039000000F1C78013F0010804D1C3F380039B00CA
:103910005FFA83F884F80D8041F287353B79FA78B5
:1039200042EA03227B7942EA0342AA4200F2B480CF
:1039300040F2E241B2FBF1F301FB1323002B40F014
:10394000AD801544B5FBF2F5554340F2E243B5FBBB
:10395000F3F5E5805D43B5FBF2F302FB1353002B57
:1039600040F09F809542C0F09C807B7BE373F88899
:10397000FB2885BFFB2300F1FA010346B1FBF3F1FD
:1039800081BF0B1803F1FF33B3FBF1F39BB29542F8
:1039900003EB0001A4F80B3001F1FF3191FBF3F1CF
:1039A00002F1FF33CEB22B44B3FBF2F324BF5E43EC
:1039B000F6B2072E267417D94FF0010C89B2614573
:1039C00084F80FC06FD941F288339A420CD9B2FB08
:1039D000F3F39BB2994228BF194640F2E243B2FB8F
:1039E000F1F5B5FBF3F3E380E37B002B6FD04FF4ED
:1039F0007A7A40F2E93BA2FB0A23501E43F1FF31E1
:103A0000E5FB0B0105F0A2FE3B79FA780646F88843
:103A1000894642EA03227B79A0FB050C42EA034275
:103A2000A0FB0B01A2FB0A230BFB0C1112F1FF3EC2
:103A300043F1FF3C10EB0E0041EB0C0105F086FE5C
:103A40000522A6FB0263361802FB09394FF0F90282
:103A50004FF0000349EB010916F1F80049F10001AC
:103A600005F074FE00F0FF0200232074501E43F1A5
:103A7000FF31801949EB010105F068FE267C023018
:103A8000072E83B2A4F80B001FD900200BB0BDE8AD
:103A9000F08F4FF002083DE7154656E741F28835B2
:103AA00053E7012362E79FD1FB21B1FBF0F199427B
:103AB00034BFCBB2DBB223B940F285414920E5F7F0
:103AC000FDF94343A4F80B308EE7FB2BDDD801232F
:103AD000E27CB4F80B004146637400232672D21ACC
:103AE000A37418BF01220DF064FA08AB00903146B0
:103AF000029309AB06900193E388A278A07B0DF0B6
:103B000064FB2079E17840F2E24E227A41EA00211A
:103B100094F81090607994F811B041EA0041A378CC
:103B2000A67C0593B2FBF9F0A0EB0B007043E6888E
:103B30000EFB06F600FB06660598DDE908C300F1FA
:103B4000FF3E501E0CFB00F003FB0E0006440698DF
:103B50000644E07B002845D00E44B7F808A04FF497
:103B60007A7101FB0AFAB2458FD3E17CCDF800C02F
:103B70000039079218BF0121CDE901810599A07B89
:103B80000DF0ACFA574B4FF47A7133F8183003F25A
:103B9000E733B3FBF1F35449496801F21E210B44AA
:103BA00018448542FFF471AF069B281A079A03F167
:103BB0009608059BB97A03FB09F303FB08F8C2F1E9
:103BC0001F0393FBF9F3DBB2B0FBF8F08B4228BF85
:103BD0000B4683421F4628BF07461E2F04D940F2DA
:103BE000E5416BE7761AB8E7AAEB0606CBF10F03BF
:103BF000B6FBF8F1DBB28B4228BF0B46BB4228BFB5
:103C00003B460E2B02D940F2EC4157E7ABB10BF12A
:103C100001014A44013FC9B2D2B2617422720CD090
:103C2000A6EB080605EB080A564508D2013BDBB2B5
:103C3000194409FB032261742272012026E7B4F8BB
:103C40000B00C0B2E6F708F9217C8842FFF41DAFF3
:103C5000401A14221FFA80FCB2FBF7F2BCFBF1FC05
:103C6000B6FBF7F30F2AA3EB0803BCFBF7FE28BF54
:103C70000F22B3FBF5F3724528BF72469A4228BF64
:103C80001A46237A22B107FB0133A2742372D4E7C8
:103C9000B6FBFAF5142D4FF0010228BF1425A274CB
:103CA000BD4228BF3D46654528BF654605FB01333B
:103CB000A842DBB22372C0DB607C05FB1A667F1B67
:103CC000B6FBF8F2C0F10F06F6B2BE4228BF3E4680
:103CD000964228BF1646F6B2304406FB01336074A4
:103CE000D4E700BF3CC403013C0000212DE9F041B2
:103CF000184B94B00024154608AF10220E460DF163
:103D00003008014600970DEB0200CDE90434013381
:103D10000293013303930123CDE906440DF067FBC1
:103D2000384610AF02A901230422CDF800800DF01F
:103D30005EFB414630460123102200970DF057FBF1
:103D40002346042203A9384600950DF050FB14B019
:103D5000BDE8F081314749420138C0B2032808B5B7
:103D600004D940F2EA21AC20E5F7A8F8014B185C31
:103D700008BD00BF8FC30301074B93F900301844FF
:103D8000142804DC10F17F0F03DB40B270471420CD
:103D900070476FF07E0070479A1400217F2307B5AB
:103DA0000DF107008DF8073001F0C6FA03469DF9C2
:103DB000070053B1094B5B785B425BB2184414288F
:103DC00006DC10F17F0F05DB40B203B05DF804FBA9
:103DD0001420FAE76FF07E00F7E700BF9A14002185
:103DE000014B1870597070479A140021024B002241
:103DF0001A705A70704700BF9A140021014B93F952
:103E0000000070479A140021014B93F9010070479C
:103E10009A140021038800F2B510C172A0F809308D
:103E2000027301490AF005BDFB140301014B187030
:103E3000704700BF9C14002108B500F0EBFB00F0B8
:103E4000CDF800F005F8BDE8084001F063BF00BF01
:103E5000034B00214FF480521970A3F801207047E2
:103E6000A014002170B50646022014460D4600F04D
:103E7000D5F8064B0122033C1A70054BC3F81045D8
:103E8000C3F80865C3F8045570BD00BFA014002135
:103E900000E00041022008B500F0C0F8084B002205
:103EA00008484FF0010C084980F800C0C3F8002111
:103EB000C3F80421C3F80821C3F8801008BD00BF6F
:103EC00000E00041A014002103000080104B1A788C
:103ED0005AB110490020C1F88000D1F800213AB948
:103EE0001021002099705A701870002000F096B8C8
:103EF000D1F80421002AF3D0D1F8082122B9D1F851
:103F000000140122C9B2ECE710210246E9E700BF24
:103F1000A014002100E00041022008B500F07EF866
:103F2000064B0022012106480170C3F80021C3F8A6
:103F30000421C3F80821196008BD00BF00E000415A
:103F4000A014002108B5164B1A78AAB1C823154A47
:103F5000D2F8001141B1D2F8040120B1D2F8080121
:103F6000B0FA80F0400908BD013B13F0FF03EFD128
:103F7000EB213B20E4F7A2FF5878C823A0F102020E
:103F8000B2FA82F2520900E01AB1013B13F0FF03CA
:103F9000FAD10228ECD0431E5842584108BD00BF58
:103FA000A014002100E000410A4B1A787AB10A4BB4
:103FB000D3F800214AB1D3F8042132B1D3F8082153
:103FC0001AB9D3F80004C0B270471020704798782F
:103FD000704700BFA014002100E0004138B54FF445
:103FE00080420C4BC3F88020BFF34F8FBFF36F8F1D
:103FF000094BD3F80025032A01D101229A60064C0F
:104000000025C4F80055C4F8005501F091FFC4F82C
:10401000805038BD00E100E000E00041164BD3F8CD
:104020000025032A70B5054601D101229A60124C81
:104030000026C4F80065C4F8006501F079FF012D81
:10404000C4F880600DD0022D01D08DB970BD032160
:104050000A4A0B4BC4F80015C4F81425C4F8803084
:1040600070BD0222054BC4F80025C4F8143570BD9C
:104070008C213D20E4F722FF00E00041A414002140
:1040800003000080024BD3F8A00200F0010070474B
:104090000000FF010A4B4FF6FF72014610B4D3F83F
:1040A000A442D3F8A8329BB2934208BFB4F1FF3FB9
:1040B00014BF0120002001D00C608B8010BC704721
:1040C0000000FF010D4B70B4D3F89062D3F8945206
:1040D000D3F8984206EA0502D3F89C1222400A401F
:1040E000013202D1002070BC7047034606600120F7
:1040F0005D609C60D96070BC704700BF0000FF012C
:104100000D4B70B4D3F88062D3F88452D3F8884250
:1041100006EA0502D3F88C1222400A40013202D18D
:10412000002070BC70470346066001205D609C6003
:10413000D96070BC704700BF0000FF01EFF3108230
:1041400072B60F4B93F85D1011B9BAB962B67047E9
:104150009B78012B0FD0022BF7D18307F5D40948A8
:104160000121094B10B40024C0F84045196102B97F
:1041700062B610BC70474107E7D4F0E7704700BF54
:10418000B015002100C000410080004108B5204A60
:10419000431E82F82800072B34D8DFE803F00F1AFB
:1041A0001F2433292E041B4B0F22C3F810251A4A53
:1041B000184BD2F88420C3F8882508BD154B03227C
:1041C000C3F81025144A134BD2F88020C3F8882571
:1041D00008BD104B0422C3F81025E8E70D4B06225A
:1041E000C3F81025EEE70B4B0522C3F81025E9E7CD
:1041F000084B0022C3F81025E4E7064B0122C3F860
:104200001025D4E740F62E713E20E4F757FE00BF9C
:10421000B0150021008000410000FF0130B5431EB1
:104220003F4C83B084F82800072B6ED8DFE803F0FA
:104230003A4B50556D5A5F043A4B0F22C3F8102584
:10424000394A384BD2F88420C3F88825A38DB3F5BA
:10425000166F35D2A3F6381343F48073314DC5F889
:10426000083501F07F03C5F8543501AB94F92920D6
:1042700001F0CCFE9DF8050002F0F8FB002849D1C2
:104280009DF9040001F0B2FC94F82830082B33D0DB
:1042900040F2031240F25B63C5F83425C5F83835A7
:1042A00003B030BD1F4B0322C3F810251E4A1D4B1F
:1042B000D2F88020C3F88825A38DB3F5166FC9D333
:1042C000A3F51663CAE7174B0422C3F81025B7E716
:1042D000144B0622C3F81025E8E7124B0522C3F859
:1042E0001025E3E70F4B0022C3F81025DEE70D4B46
:1042F0000122C3F81025A3E74FF481720B4BC5F8D8
:104300003425C5F8383503B030BD40F62E713E2057
:10431000E4F7D4FD40F27C713E20E4F7CFFD00BF0E
:10432000B0150021008000410000FF0121100100B4
:104330002DE9F041002382B0071E0D468DF80630AE
:10434000904614BF022304238DF8043003F0EAF8EA
:1043500001284FF0FF3088BF00208DF8050001A82C
:1043600005F0D6FB002840F034819F4E012386F8EB
:104370005D3002F083FF04460028FAD07FB90123A4
:10438000B3703378012B3FD1984B994A33F81830EA
:1043900003F5FA73A2FB0323A5EB931113E0012F9E
:1043A00040F012810223B3703378012B40F08D80EE
:1043B000904B00222946C3F81C21D3F8002242F476
:1043C0008872C3F80022336B8B4A19448B4BC3F8B5
:1043D0004015C3F8C02196F8483043F00402DD07C9
:1043E00086F8482043D5980734D4824B824AC3F8D4
:1043F000882003F58043D3F84031002B37D00024C8
:10440000204602B0BDE8F08196F82A104046FFF73A
:1044100005FF7B4B764A33F8183003F5FA73A2FB9D
:1044200003233278A5EB9311336B1944002A40F033
:10443000B180724B704A6F48C0F88020C3F84015B5
:10444000C3F8C02196F8483043F00202DB0786F833
:1044500048200CD5674BD3F8002242F00102C3F884
:104460000022D3F8503503F0F603022BC7D0634B7C
:104470000122DA64D3F84C358B42C0DAF38D952BE8
:104480000CD9002F75D05F4B29311846D9605E4991
:1044900002F0DAFA431C012B00F2A08001A805F01B
:1044A00043FB002840F08B80B3789DF80420012B5B
:1044B00053D0022BA4D19307A2D4504900204D4BD6
:1044C0000122C1F840051A619AE7404696F82A8011
:1044D000FFF75CFEB38DB3F5166F39D3A3F5166203
:1044E000444B08F07F01C3F808250022C3F8541597
:1044F0004649C1F80025C3F81C21D3F8002242F434
:104500008872C3F8002296F82820082A29D040F2A1
:104510000312C3F8342540F25B62C3F83825354BEB
:10452000A5F12901D3F8682542F4C022C3F8682513
:1045300032786ABB326B11442F4AC3F8842003F5EA
:104540008043C3F84015C3F8C02196F848307BE794
:10455000A3F6381343F48072C2E752073FF550AF19
:10456000ABE74FF48172C3F83425294AC3F83825E4
:10457000D5E7244B28311846D960234902F05EFA6A
:10458000431C012B8AD940F695013E20E4F796FCA6
:10459000336B1944194B012A1748C3F84015C3F867
:1045A000C00196F848303FF418AFDA077FF55FAFE7
:1045B0009D073FF54FAF58077FF559AF15E740F618
:1045C0000B513E20E4F77AFC40F671113E20E4F7EF
:1045D00075FC40F6C8413E20E4F770FC40F69F01B0
:1045E0003E20E4F76BFC00BFB015002150C403016E
:1045F000D34D6210008000410B00008000C00041DC
:104600003CC403014400002194C303010040004165
:104610002110010060220021094810B505F088F939
:1046200041F21114074B00224FF08240AA21C0F83A
:10463000004EC3F8402EC3F8442EC3F8001E10BD30
:10464000B015002100700041014BD885704700BFB4
:10465000B0150021024B0344187D00F51660704729
:1046600094C30301014B93F83C007047B01500213F
:104670000C490D4A0D4810B40D4C91F83C3002EB3A
:10468000830254F82330146D03F2E733D26B1B1B03
:1046900010BCA0FB0303D1E90D10401A104400EB3D
:1046A00093107047B015002194C30301D34D6210DD
:1046B00028C40301024B986B1B6BC01A704700BFE4
:1046C000B01500210B4A0C490C4810B40C4C92F860
:1046D0003C3001EB830154F8233010BC03F2F31398
:1046E000C96BA0FB0303D2E90C20801A401AA0EB8F
:1046F00093107047B015002194C30301D34D62108D
:1047000028C4030110B5104C82B002F009FFA36D5C
:104710000093D4E9142302F0ADFD94F83C20D4E9D1
:104720000C130A4C5B1A0A4901EB820154F822204F
:10473000084CC96B02F2F3125B1AA4FB0242A3EB12
:104740009213181A02B010BDB015002128C403013D
:1047500094C30301D34D62100D4A0E490E4810B5A3
:104760000E4C92F83C3001EB830154F82330D2E92F
:104770000C24C96B03F2F313A41AA0FB0303641AFD
:10478000A4EB931402F0CCFE201841F1000110BDFF
:10479000B015002194C30301D34D621028C4030156
:1047A0000F4910B591F83C20531EDBB2032B11D8F2
:1047B0000C4CD1E90C10401A0B4901EB820201EBC1
:1047C0004301D26BB1F86430801AA4FB034300EBC1
:1047D000931010BD40F2CA213E20E4F76FFB00BFEA
:1047E000B0150021D34D621094C30301FF2808B512
:1047F0002AD80139072922D8DFE801F0041D16164E
:104800002104041A4FF44033144A1843144B40F067
:104810000070C3F81425C3F81805D3F8503503F019
:10482000F703032B15D008BD4FF440330D4AECE7D6
:1048300000230D4AE9E74FF440330C4AE5E740F224
:1048400059313E20E4F73AFB40F2E9213E20E4F7FB
:1048500035FB40F273313E20E4F730FB08011000D5
:104860000080004108019063080000060801100163
:1048700038B5144A144BC3F8AC210278032A1CD172
:1048800040780129114CD3F8141500F03F00626AFA
:1048900021F470210E4D42F0030245EA000508BFE5
:1048A00041F40021C3F81415C3F80029C3F81059C6
:1048B0000123626284F85C3038BD4FF472713E208F
:1048C000E4F7FCFA0600008000800041B0150021EA
:1048D00080320200384B4FF4807270B5C3F88020EC
:1048E000BFF34F8FBFF36F8F02F0C2FC0546334C0E
:1048F00002F016FE324E401B00230122314DC4F857
:10490000FC3F30633048C4F8FC2F05EBC301013392
:10491000D1F800230240A24204D1D1F80023D1F8FB
:1049200004131160202BF0D1244C01230321254ACC
:10493000C4F8303586F8283040F20123C4F8101549
:10494000D2F880104FF48012C4F88815C4F850369D
:104950001E4BC4F80022187C02F09AF805F028F8E3
:104960001B491C4BC4F8A81102311B4AC3F8C820CC
:10497000C3F8C41041F6F871184A0023C2F80415B0
:104980009621D4F800090C4A70621020F185B38793
:10499000B36386F8483086F85C304FF48073316E2C
:1049A000C2F88031C4F80403136001B18847BDE840
:1049B000704002F037B800BF00E100E00080004125
:1049C000B01500210000FF0100F0FFFF44000021AE
:1049D0000300008000C000410600008000F000419C
:1049E00002684C494C4B70B54C4C150E1202C4F881
:1049F0002455C4F81C254268C4F83C25027A1144A9
:104A000083F82A2044890A7DFF2C02F516629A85D4
:104A100090F809C079D80CF1FF32072A70D8DFE886
:104A200002F004631C1C6F04041E3D4E3D4D3B49C7
:104A30002543C1F81465C1F81855D1F8501501F097
:104A4000F701032952D083F828C0062A53D8DFE89B
:104A500002F046413C3752291B00334EE6E72F4A0D
:104A600044F000743149C2F81415C2F81845D2F860
:104A7000501501F0F701032938D008240F2183F8DD
:104A80002840C2F8101503E0244A0121C2F810158D
:104A90002749224AD1F88410C2F88815027B83F88E
:104AA000292070BD1D4A0021C2F8101520491B4A5B
:104AB000D1F88010C2F88815027B83F8292070BDD8
:104AC000164A0521C2F81015F0E7144A0621C2F86B
:104AD0001015EBE7114A0421C2F81015D8E70F4A68
:104AE0000321C2F81015E1E7124E9FE740F273313F
:104AF0003E20E4F7E3F940F62E713E20E4F7DEF9BC
:104B000040F259313E20E4F7D9F940F2E9213E2044
:104B1000E4F7D4F994C30301B015002100800041EB
:104B2000080110000000030208019063080000065D
:104B30000000FF0108011001014B83F829007047B4
:104B4000B0150021034B020E0002C3F82425C3F860
:104B50001C05704700800041044B054A034482F85D
:104B60002A001B7D03F516639385704794C30301E8
:104B7000B015002100B583B001AB01F047FA03B0D6
:104B80005DF804FBF0B5874C83B094F84830DD073E
:104B900040F1038100284FF0000205460F4614BF84
:104BA000022304238DF806208DF8043002F0BAFCAD
:104BB00001284FF0FF3088BF00208DF8050001A8C4
:104BC00004F0A6FF002840F0E3800123764A84F831
:104BD0005D3094F8483043F0020384F84830D2F84E
:104BE000003243F00103C2F8003202F047FB002814
:104BF000FBD0002D00F08A80012D0AD06B4BD3F83A
:104C00004C65E38D952B51D940F6A3013E20E4F786
:104C100055F90223384694F82A60A370FFF7B6FAD4
:104C2000A38DB3F5166F80F09480A3F6381343F488
:104C300080725D4B06F07F065D49C3F808250022AF
:104C4000C3F85465C1F80025C3F81C21D3F800222D
:104C500042F48872C3F8002294F82820082A7BD0F6
:104C600040F20312C3F8342540F25B62C3F83825E2
:104C70004D4BD3F8682542F4C022C3F86825A278CA
:104C8000022A71D1494A0121D1645960E38DD2F8D9
:104C90004C65952B0AD9474A06F129034649104627
:104CA000D36001F0D1FE0130012867D801A804F0DB
:104CB0003BFF00285DD1A3789DF80420012B1ED076
:104CC000022B09D1930707D4384B0022C3F84025A3
:104CD000A3F5804301221A61236BF61A1DB106F178
:104CE000290003B0F0BD354B354A33F8173003F5D2
:104CF000FA73A2FB032306EB931003B0F0BD520737
:104D0000E2D5236BF61A002DE9D1ECE7012394F8E4
:104D10002A103846A370FFF781FAA378012B32D10D
:104D2000224A2149D3640B60E38DD2F84C65952B60
:104D3000BCD9204A06F128031F491046D36001F070
:104D40007DFE01300128B1D940F695013E20E4F7FF
:104D5000B5F8A3F516626CE74FF48172C3F83425F9
:104D6000184AC3F8382583E740F604113E20E4F7DB
:104D7000A5F840F60B513E20E4F7A0F840F69F015D
:104D80003E20E4F79BF840F6FB013E20E4F796F85E
:104D900040F6C8413E20E4F791F840F6E6013E2097
:104DA000E4F78CF8B01500210080004100C00041FC
:104DB000004000414400002194C303013CC40301AE
:104DC000D34D62102110010010B5FFF7B1FA00B108
:104DD00010BD0346054C064A0121C4F840350220A7
:104DE0001161BDE81040F4F713BC00BF00C00041E2
:104DF00000800041F8B51F4D95F83D30A3B304463F
:104E0000164608465CB1012C1DD00027296B32469E
:104E10002046791AFFF78CFA034648B1F8BD012BFA
:104E2000AF6B95F83C1017D000F0F8FE0744EDE7A3
:104E3000114C0121114A0220C4F840351161BDE82E
:104E4000F840F4F7E5BB012BAF6B95F83C1007D0A9
:104E500000F010FF0744D9E700F0FEFE0744D5E755
:104E600000F0EAFE0744D1E740F6F3113E20E4F7F4
:104E700025F800BFB015002100C0004100800041AE
:104E800030B5424A4FF4807441494FF0FF30D2F8B8
:104E9000045383B0C2F808030023C1F880414FF4E3
:104EA00080113C4C05F01005C2F800123A4984F814
:104EB0004830C1F84035C2F88830C2F88030C2F8B6
:104EC0008430D2F85015C9B259BBE38D952B04D963
:104ED000A378012B4FD0022B43D000232B4A94F808
:104EE0005C10C2F8103123712380A37091B1C2F815
:104EF000AC31D2F8141584F85C3021F47021636A67
:104F0000C2F8141523F0030324496362C2F8003980
:104F1000C2F810191DB11D4B1022C3F8042303B0B1
:104F200030BD01218DF80700C2F8103111619DF8E4
:104F300007304BB90CE09DF80730013BDBB28DF830
:104F400007309DF807301BB1D2F81031002BF2D09A
:104F50009DF80730002BB8D140F633213E20E3F70F
:104F6000ADFF01F07DFD01300128B6D940F64B219F
:104F70003E20E3F7A3FF01F06DFD01300128ACD91D
:104F800040F645213E20E3F799FF00BF0080004135
:104F900000E100E0B015002100C0004180320200B5
:104FA000F8B500222F4B304EC3F84825C3F84425EE
:104FB000C3F84025C3F84C25FFF762FF01F038FD28
:104FC00096F85D302BB104F0A9FD00283FD186F89A
:104FD0005D00002004F0AEFD044600283CD1214DC8
:104FE000224FC5F8C401C7F88800C7F88000C7F889
:104FF0008400C5F8C800C5F8C40004F0F1FC1C49E1
:105000001C4B4FF4807241F6F870C7F8A841347712
:10501000C5F8C041C6E90D44C1F80805C5F84845C2
:10502000C5F84445C5F84045C5F84C45C5F8484164
:10503000C5F84441C5F84041C5F84C41C3F880204B
:10504000BFF34F8FBFF36F8FC3F88021F8BD40F2DD
:105050001F613E20E3F732FF40F222613E20E3F77A
:105060002DFF00BF00C00041B015002100800041AD
:1050700000F0004100E100E0F8B514461E469DF83E
:105080001870054602F04CFA10F12C033A4641F133
:105090000001A342B14134BF211A2C212846FFF759
:1050A00047F9044608B12046F8BDFFF7E9FE20465F
:1050B000F8BD00BF014BC3F83C05704700800041BC
:1050C00038B50446074804F035FD28B9064D94E884
:1050D0000F0085E80F0038BD40F69B213E20E3F726
:1050E000EDFE00BF3D4102011416002108B5194B29
:1050F000194993F84820C1F8040542F0010C58649E
:10510000900783F848C011D4530700D408BD134A50
:10511000134BC1F88820D3F84031002BF6D0FFF7AD
:10512000AFFE0320BDE80840F4F772BAD1F80032B0
:1051300043F00103C1F80032D1F8503503F0F60313
:10514000022BE3D1FFF79CFE0320BDE80840F4F7F3
:105150005FBA00BFB0150021008000410B00008045
:1051600000C0004108B5164B164993F84820C1F815
:10517000040542F0010C5864900783F848C00FD42E
:10518000530701D4012008BD0F4A104BC1F88820F5
:10519000D3F84031002BF5D0FFF772FE002008BD98
:1051A000D1F8003243F00103C1F80032D1F8503594
:1051B00003F0F603022BE5D1FFF762FE0020EEE7D5
:1051C000B0150021008000410B00008000C00041AC
:1051D000154B196B9A6B0844824210B518D2012402
:1051E000124A18625464D2F844151C774B1D83424E
:1051F00005D30F4BD3F8042102B91C6110BD002167
:105200000C4BC2F84411C2F84405C2F8C43110BDB9
:105210000220F4F7FDF905490020054B0122C1F8F1
:1052200040051A6110BD00BFB015002100C000414B
:10523000008000410900008038B505460C4602F0A8
:105240006FF985428C412BD3184A136B916B2B4419
:10525000181A884219D90124154B10625C64D3F8DE
:10526000441514774A1D824206D3A3F58043D3F830
:10527000042102B91C6138BD00210E4AC3F8441153
:10528000C3F84405C3F8C42138BD0220F4F7C0F9BF
:1052900007490020084B0122C1F840051A6138BDBA
:1052A00040F611313E20E3F709FE00BFB0150021A2
:1052B00000C00041090000800080004110B50E4C84
:1052C0000222034694F83DC02277BCF1010F94F806
:1052D0003C1094F82820E08D0BD000F0FBFCA36B71
:1052E0000021064A03442062C2F84411C2F8443542
:1052F00010BD00F0CFFCF2E7B015002100C0004166
:10530000704700BF044BC3F86005D3F8002242F099
:105310004002C3F80022704700800041054B002185
:10532000D3F8002222F04002C3F80022C3F860152F
:10533000704700BF008000410C4AD2F81C319BB17D
:10534000D2F848350146012003F07F0310B45B42D8
:10535000002483B00B70C2F81C41D2F81C310193B9
:10536000019B03B010BC7047184670470080004195
:105370002DE9F041334C022682B08446E58D884603
:1053800004F1080E26715D2D0FC888BF0027C4F8F0
:10539000188098BF01278EE80F009CF809009CF840
:1053A0000D302770E07033B901235D2D63701CD977
:1053B00002B0BDE8F0815D2D6670F9D894F8282020
:1053C000824235D1204A012BD2F800322BD143F052
:1053D0000803C2F800321C4AD2F8683543F4C023EF
:1053E000C2F8683502B0BDE8F08194F828309842E0
:1053F0001ED1154D01AB94F9292094F82A10D5F847
:10540000004244F00404C5F8004200F0FFFD9DF89E
:10541000050001F02BFB80B99DF9040000F0E6FBCC
:1054200002B0BDE8F08143F00403C2F80032D2E7D5
:1054300040F625413E20E3F741FD40F27C713E20DD
:10544000E3F73CFDB0150021008000412DE9F04359
:10545000354C4FF0010883B00F46B4F82E908446C7
:1054600004F1080E1546B9F15D0F84F804800FC8E9
:105470008CBF00260126A76126708EE80F009CF8DD
:105480000900E0703DB9B9F15D0F84F801801ED9C3
:1054900003B0BDE8F0830223B9F15D0F6370F7D864
:1054A00094F82830834235D1204A012DD2F80032B9
:1054B0002BD143F00803C2F800321C4AD2F86835F9
:1054C00043F4C023C2F8683503B0BDE8F08394F814
:1054D000283098421ED1154D01AB94F9292094F83B
:1054E0002A10D5F8004244F00404C5F8004200F048
:1054F0008DFD9DF8050001F0B9FA80B99DF9040011
:1055000000F074FB03B0BDE8F08343F00403C2F87D
:105510000032D2E740F625413E20E3F7CFFC40F2CF
:105520007C713E20E3F7CAFCB015002100800041E9
:1055300030B52C4C83B08C46E38DE1705D2B8CBF75
:1055400000220122227028B901225D2B62701BD932
:1055500003B030BD02225D2B6270F9D894F8283078
:105560008B4234D1204A0128D2F800322AD143F0AC
:105570000803C2F800321C4AD2F8683543F4C0234D
:10558000C2F8683503B030BD94F8283099421ED176
:10559000154D01AB94F92920604694F82A10D5F8EE
:1055A000004244F00404C5F8004200F02FFD9DF8CD
:1055B000050001F05BFA78B99DF9040000F016FBD4
:1055C00003B030BD43F00403C2F80032D3E740F625
:1055D00025413E20E3F772FC40F27C713E20E3F768
:1055E0006DFC00BFB015002100800041054B00217B
:1055F000054AC3F84015D2F85035DBB20BB1012390
:105600001361704700C0004100800041044B30B47A
:10561000D3E914459B6DC0E9004530BC0B60704771
:10562000B01500212DE9F047BE4B0122BE4CDA64D3
:10563000D3F84C55236BED1A01F01EFEE38DA565E2
:10564000952BC4E9140106D9A378012B00F0DF8162
:10565000022B00F07D81B54B0022217FB448C3F8B6
:105660008820C3F88020C3F88420D3F8005284F83F
:1056700048202840C3F8000231B103F58043D3F835
:105680004411891A18BF0121A378012B5FD0022B86
:105690004ED010200025A54AD2F81011002940F064
:1056A000B381A24A0021C2F80011022BC2F80C11EA
:1056B000C2F81011C2F80411C2F80811C2F86C1136
:1056C000984A84F83D30D2F848A5D2F84425C4E978
:1056D0000D2A00F0A88094F82810667884F83C1011
:1056E000002E00F04D810127EA0600F1D181B6F1CC
:1056F0000109227994F8008018BF4FF00109012AAE
:1057000000F09081022A00F0E880002A40F0278211
:10571000E08D002B00F03782012E00F0C681012BB6
:10572000E27800F0FD8100F0A5FA00EB0A01C2E189
:105730007E4AD2F80C01D2F80024002800F0008143
:10574000D00753D5002900F0DF81032552E0774AC6
:10575000D2F80C11002940F09F80D2F81051002D92
:105760009FD0704884F83D30C2F80011C2F80C1187
:10577000C2F81011C2F80411C2F80811C2F86C1175
:10578000D0F8485594F82810D0F844256378A563DC
:1057900084F83C106263002B00F0A281FFF770FBDD
:1057A00094F85C30002B40F0A4812021B1FA81F103
:1057B000E36E002049099847A378022B6AD1237F22
:1057C000002B67D0022B00F08481012B40F0E78191
:1057D000236AA26B934240F2D181524AC2F8443507
:1057E000504B544AC3F8C421BDE8F087002900F0AB
:1057F000908107254D4A0021C2F80011C2F80C1112
:10580000C2F81011C2F80411C2F80811C2F86C11E4
:10581000444AD2F848A5D2F84425C4F838A06263B7
:10582000022284F83D2094F82810002900F09C8181
:10583000CA1E05F00106012A40F295800127627810
:1058400084F83C10002A00F01981002E00F0A58198
:10585000FFF716FB94F85C30BBB1344B0022C3F861
:10586000AC2184F85C20D3F8142522F47022C3F80C
:105870001425626A22F00302C3F8002962622E4AEC
:10588000C3F81029002E00F08580636E9847A37836
:10589000022B94D0BDE8F0870021224884F83D30E7
:1058A000C2F80011C2F80C11C2F81011C2F80411AC
:1058B000C2F80811C2F86C11D0F848A594F8281065
:1058C000D0F84425667884F83C10C4E90D2A002EEF
:1058D00000F0F48008251F4609E71848FFF780F814
:1058E000A1690023B8F1010F2380A37023710CD1AB
:1058F0000C4A84F80080C2F840310C4BD3F8503584
:1059000003F0F703032B00F034814846E278FEF7FA
:105910000FFD002800F0A78094F85C30002B39D0F0
:1059200000269AE700C00041B01500210080004128
:10593000E2FEFFFF0900008080320200B81500215E
:10594000D50700F1DA80002900F0E080052551E755
:1059500001F086F8013001287FF67DAE40F64B213C
:105960003E20E3F7ABFA934AD2F8142412F0060271
:1059700000F0F180022A00F0F080042100275EE7A9
:1059800094F85C702680A67026712677002F7FF42D
:1059900064AF0127A80706D415F0280F00F0828015
:1059A00005F0200102E7834BD3F85034D90117D515
:1059B000C3F30312C3F30321002918BF002A01D047
:1059C0001A070DD17B4AD2F85414C3F30442C3F32F
:1059D0004253022B98BF012A02D101297FF455AF0F
:1059E000744BD3F81434002F00F08C8003F00103C3
:1059F000002145EA8303C3F3800383F00103DFB290
:105A0000A36E3846984742E7002105464BE601F071
:105A100021F8013001287FF61EAE40F645213E20D8
:105A2000E3F74CFA6448FEF7DBFF94F83D20002AC8
:105A300000F0AE80012A94F83C3076D05F4A02EB49
:105A40008302D06B5E4A52F82330D4E90C2103F272
:105A5000F313891A5B4A091AA2FB0323A1EB9311E2
:105A6000A36919443DE7584B0122C3F84005A3F54B
:105A7000804302201A61F3F7CBFD4DE794F85C30C8
:105A80002280A27022712277002B7FF4E6AEF9E625
:105A9000FFF7F6F994F85C30002B7FF441AF236FE9
:105AA0009847F4E6EB06FAD4F1E6012B33D000F088
:105AB000B5F800EB0A01236BC91A12E794F85C7081
:105AC00008252680A67026712677002F7FF4C5AEA4
:105AD0005FE7A36B216A3C4A0B44C2F844357FE67A
:105AE00094F85C202380A37023712377002A3FF46D
:105AF0005CAE002630250127AFE600293FF4C9AD92
:105B0000012577E601217BE71D4673E61420042575
:105B1000C1E506256EE600F09FF800EB0A01CAE732
:105B200000F08AF800EB0A01C5E7591EC9B2032943
:105B30003AD8224A02EB830302EB4102D86BB2F857
:105B40006420D4E90C13591A1E4B091AA3FB022333
:105B500001EB931184E7042170E603216EE640F621
:105B60008F413E20E3F7AAF940F26B213E20E3F794
:105B7000A5F940F69F413E20E3F7A0F940F6086101
:105B80003E20E3F79BF940F6F3113E20E3F796F948
:105B900040F6DD013E20E3F791F91646A4E540F614
:105BA00007613E20E3F78AF940F2CA213E20E3F77D
:105BB00085F900BF00800041B815002194C303019E
:105BC00028C40301D34D621000C00041024B03EB17
:105BD0008003D86B704700BF94C30301024B03EBF3
:105BE0008003186D704700BF94C303010028C3B23F
:105BF000084A08DD0121033BC2F80015DBB2064A62
:105C0000C2F80C3570470021C2F80015024AC2F8EC
:105C10000C357047004000410080004110B504463B
:105C20000846FFF7DBFF034AA2FB0020A4EB90101D
:105C300010BD00BFD34D6210054B0238054A33F842
:105C4000113003F2E733A2FB032300EB93107047FC
:105C500014C40301D34D6210044B054A33F81130CC
:105C6000A2FB032300EB93100130704714C403011F
:105C7000D34D621010B504460846FFF7AFFF044B42
:105C800000F2E730023CA3FB0030A4EB901010BD03
:105C9000D34D621038B50D4C84461D464FF47A73CF
:105CA00034F8111004EB82040535104664690C4485
:105CB00004F6B73403FB0C44054BA3FB0434FFF795
:105CC00085FFA4092544284438BD00BF14C403013E
:105CD000D34D621038B5054608461446FFF77EFFDF
:105CE0000A4B024620464FF47A7103EB84035C6949
:105CF000074B04F6B73401FB0544A41AA3FB043494
:105D0000FFF764FF0530A409204438BD14C4030123
:105D1000D34D6210024B00221A705A709A7070476D
:105D2000241600212DE9F04F064683B00120884655
:105D30009DF83C501F469DF830B0BDF838A0019248
:105D40009DF84090FEF76AF906F00302374C16F012
:105D5000FB0F42EA0542E57004F1040E344D42F0B7
:105D60008072F446C5F80425D8F80820D8F80C301D
:105D7000D8F80000D8F80410ACE80F00019B84F8B4
:105D80001CB0C4E905370D9B1A685B68C5F808E5C7
:105D9000C4F81D204FF48052C4F82130D5F81835CE
:105DA0006AF30703C5F818354FF00003C5F88430CF
:105DB000204BC3F8082515D11F4BB9F1020FC5F8C8
:105DC0008031C5F884302CD81C4B13F80930C5F845
:105DD00020350123022E84F82560637015D903B0A5
:105DE000BDE8F08FB9F1020F1BD8144B012E13F848
:105DF0000930C5F82035ECD10F4B114A84F82560E5
:105E0000C2F8D031C5F88C306670094B01220021F0
:105E10002270C3F80011C3F800121A6003B0BDE885
:105E2000F08F4FF4B9713C20E3F748F824160021B5
:105E300000E0004100F000410C00008064C4030158
:105E4000008000411A4A537870B563B3194B01249E
:105E5000C3F80C15C3F8100592F825509470B5B925
:105E60001278E2B1C3F804514FF48055124AC2F8D7
:105E70000455D3F8006116B15C60C2F808550B7880
:105E800003704B78043343708B78837070BD0021AE
:105E90001470C3F80411C3F800421C6070BD972150
:105EA0003C20E3F70BF84FF4D4713C20E3F706F8FD
:105EB0002416002100E0004100F0004108B5174B16
:105EC0005A782AB3164A4FF0010CC2F80C1519780B
:105ED000C2F8100583F802C0B1B10021C2F8041164
:105EE000DB78023B012B05D80E480323C0F8501184
:105EF000C2F81C350A494FF480520B480B4BC1F8CD
:105F00008400C3F8042508BDBA213C20E2F7D6FF7F
:105F10004FF4DE713C20E2F7D1FF00BF24160021D0
:105F200000E00041008000410500008000F00041D9
:105F3000104B1A78CAB100220F49104810B44FF420
:105F40008054C1F88420C0F80845A0F5E040C1F8AD
:105F50008021C1F88420C0F8D021C1F88C201A70AB
:105F6000002210BC5A709A70704700225A709A70C2
:105F7000704700BF2416002100E0004100F00041FE
:105F8000F8B51B4B1B786BB31A4CD4F8043113BB18
:105F9000194B0222C4F804231F691A6907F010077D
:105FA00042F010021A61D4F8043153B9134E4FF481
:105FB0008045C6F880510CF0EEFBD4F80431002B7C
:105FC000F7D027B90C4A136923F010031361094B6A
:105FD0000222C3F80823074BD3F80004003818BF87
:105FE0000120F8BD4FF4F1713C20E2F767FF00BFDC
:105FF0002416002100E0004100ED00E000E100E097
:10600000014B01229A60704700E000412DE9F04FFA
:10601000454C85B0054698460E46174600F056FD9D
:1060200023788146AB4202D16378B3423CD0082D3D
:106030001BD1BB464FF0040A8DF80F703046FEF7B7
:1060400009FB00210346524600915846414600F0A4
:1060500013FDB8F8003025706670A380A071A7709A
:1060600084F8039005B0BDE8F08F05F1FF3ABAF16E
:10607000060F50D8DFE80AF0044235284F04040028
:106080000DF10F033A463146002000F025FD0028AF
:1060900046D19DF90FB0BAF1060F3CD8DFE80AF0FF
:1060A00011382B1E3B11110094F90230BB42BED1B6
:1060B000E3788342BBD1A38894F90600A8F80030A6
:1060C000D0E74FF0000AB9E70DF10F033A46314629
:1060D000022000F001FD18BB9DF90FB04FF0020A3D
:1060E000ACE70DF10F033A463146032000F0F4FC13
:1060F000B0B99DF90FB04FF0030A9FE70DF10F0300
:106100003A463146012000F0E7FC48B99DF90FB04E
:106110004FF0010A92E740F205510620E2F7CEFE69
:106120004121A920E2F7CAFE5800002138B50446F3
:10613000002580F8305080F85550416E21B1034B56
:10614000186804F094FC656638BD00BF4C16002149
:10615000014B1860998070474C160021014B9888BC
:10616000704700BF4C16002170B5114E0446828B5B
:10617000B3889A4202D90725284670BD0BF02EFB42
:1061800005460028F7D120460BF0CFFA0138A4F8D5
:106190009000306804F05BFC60660028EBD0A4F847
:1061A000925084F89650FF2384F83030E4E700BF23
:1061B0004C160021022808B504D14FF43771952000
:1061C000E2F77CFE0328084B07480BBF0131402251
:1061D00001F0030183F820204FF0000208BF83F88C
:1061E000201083F8212008BD521600210146F0B48A
:1061F000D1E92C549DF8100095429C4106D2012310
:10620000F0BC81F8AA30097FFFF7D4BF4C6A002C9C
:10621000F5D0D4E90265964275EB030732D39D426F
:1062200008BF96421AD1237C0133DBB22374237C4E
:10623000012B0AD1D1F8B8300133C1F8B8300023AE
:1062400081F8AA302046F0BC7047237C012B82BF26
:10625000D1F8C4300133C1F8C430F0E70328CED000
:106260000B7F0020D1F8B8200133074C013281F8B0
:10627000AA0003F0030384F82100C1F8B82084F8D1
:106280002030DFE72468C2E7521600212DE9F047ED
:10629000044690461F46456A002600F13E0925B196
:1062A000D5E902234245BB4101D3BDE8F087636ACB
:1062B000D5F800A023B940F272219520E2F7FEFD47
:1062C000616A0B688D4263620E704E708E70CE7084
:1062D000F1D10849484608F0B2FA2B7C23B9D4F82A
:1062E000BC300133C4F8BC302946606D554604F01B
:1062F000BEFBD4E7C72403010D230B7001238B7071
:106300004FF0FF33CB700B71034B5A7AA1F8052085
:1063100000225A72704700BF781600212DE9F04F15
:1063200090F8198089B0074615464FEA18180C46B0
:1063300008F0040808F11C0800EB0802002007928E
:1063400084F87800D4E91CCED4E91AB194F8782006
:10635000002AF5D1D4E92662C4E926B10492D4E931
:106360002820C4E928CEBCEB02026EEB0009A0692C
:10637000A2FB00A200FB0922CDF814A00192D4E9EF
:1063800022021BEB000B41EB0202BBEB0609049956
:10639000069262EB010A059AB9EB0209019A6AEBCF
:1063A000020AD4F890200292D4F8942003927A7EC4
:1063B0005206C4E9229A2ED53A4A927A5ABB029AD8
:1063C0005119039A42EB03006269A2FB055602FBD6
:1063D000036615EB0905237F46EB0A06002B5DD00B
:1063E000D4E92623C7E90056C7E90223D4E92823C4
:1063F000C7E90423079A17F80830527843EA0223C2
:10640000C4E92256A4F8A83027F80810C4E92410DB
:1064100009B0BDE8F08F00F025FF37F80850B4F858
:10642000A8306269ED1AADB2012D15D194F811C0F2
:106430000023BCF1010F38BF4FF0010C02FB0CFC34
:10644000BCF57A7C43F1FF3E1CEB090C4AEB0E0EC7
:10645000604571EB0E0E1BD316F57A76049B069DF4
:1064600043F10003B6EB0B0663EB0503059D7619BC
:10647000019D45EB0303301841EB0301012871F145
:10648000000308DB002303F061F9451C41F1000320
:10649000029AA91895E701250023F9E7C7E900103A
:1064A000A8E700BF7816002103480449437A013366
:1064B000437208F0BEB900BF78160021F9620201EC
:1064C00010B5044698B1C16D29B10B4BD86804F0E2
:1064D000CEFA0023E36594F83D3004F13400074917
:1064E000013384F83D30BDE8104008F0A5B9BDE89F
:1064F0001040FFF7D9BF00BF7816002139250301EE
:1065000070B504460025074EE36A53B1E16AF068AE
:106510000B68E3620D704D708D70CD7004F0A7FABA
:10652000F2E770BD78160021404B70B50546D8687B
:1065300004F08DFA044620B94FF403710720E2F706
:10654000BDFC90F821300022294623F0400380F85A
:106550002130C3F3031303F004032433C618C254D9
:106560000023083072700022FFF7D8FE2B7FE96C01
:10657000002B41D1D5F890301A0A337172711A0C80
:106580001B0EB271F37195F84830012B36D0022BF7
:1065900041D000231A1D01310736E964C2F30521F9
:1065A00084F8222094F8232022F03F020A4302219B
:1065B00084F8232094F8212061F30512C3F303210A
:1065C00084F8212016F8042C06F8053C22F00F026E
:1065D0000A4306F8042C042293421ED80023237099
:1065E0006370A370E370EB6AE3B9EC6228462C6336
:1065F000BDE870400BF08BBD0B46BDE7AA89043A9D
:1066000092B232B1B1FBF2F302FB131305339BB22A
:10661000C0E70423FBE7AB89BCE706F8012F013292
:1066200092B2D9E72B6B1C60E0E700BF781600211F
:10663000024BD86019745A82704700BF7816002147
:10664000014BD86804F0FDB978160021024BD868D8
:10665000003818BF0120704778160021024B1A7CC1
:106660005B8A02700B80704778160021034BD86854
:1066700010B1588A083880B2704700BF78160021E0
:106680002DE9F347DFF880820646D8F80C3023B9AD
:106690004FF448710720E2F711FC7378002200786C
:1066A00001A903F00F03019240EA0320EAF79AFCE4
:1066B000074628B1FFF7F8FE384602B0BDE8F0877C
:1066C000019C94F82030002B00F0B2807178E36DCB
:1066D000C1F300108BB3002800F0AA8093F821507A
:1066E0002A09C5F3801502F00402AD0004321A44F1
:1066F00092F823C092F822E00CF00F0C4EEA0C2224
:1067000093F822C093F8233003F03F034CEA032CA4
:10671000EBB296F803E0B5780EF03F0E45EA0E2591
:10672000B8F812E0AE45C0F0888011F0400117D0F3
:1067300008B9072D18D812277BE0002878D10B095B
:10674000844603F00403043333449A78DD78C1F3BC
:10675000801305F00F059B0042EA0522DBB2D8E763
:10676000032D01D80028E6D0A0899042E3D304325B
:10677000AC4413449C45DEDC002962D098F80A50F2
:10678000002D5ED1D4E922A900F06CFD736810F1F0
:10679000004C41F100029C458A413AD20139B3EBE9
:1067A0000A0361EB0901012B71F1000247DB626909
:1067B0005008C0184FF0000341F1000102F0C6FF7D
:1067C00082468946E56D35B9D8F80C0004F03FF9EA
:1067D0000546E065C8B3F37805F12000B27803F010
:1067E0003F0342EA03227378DB0633D595F8231082
:1067F00095F8223001F03F0143EA0123B8F8121066
:1068000003EB020C8C4545DD20461127FFF758FEAF
:1068100052E710F1004261F10002634571EB0202A0
:10682000BDD24FF0004282428D4138BF0131B6E700
:106830000C272046FFF744FE3EE71127F9E74627DD
:10684000F7E74FF0000AD146BCE73049304807F07F
:10685000F0FF31E70432314603F0D4F895F82130E7
:1068600003F03003202B43D152464B46214605F11D
:106870000800FFF753FDE36D0022E16A1A705A70B9
:106880009A70DA7089BBE36220462363E2650BF0FD
:106890003EFC11E70433311D184403F0B3F895F8BA
:1068A0002330F17803F03F0295F822C001F03F0158
:1068B00023F03F034CEA022CB27842EA01229444CE
:1068C00085F822C0CCF3052C43EA0C0385F823306D
:1068D000737803F03003302B01BF95F8213002228A
:1068E00062F3051385F82130B8E7216B0B60CBE725
:1068F00094F83D3004F134000649013384F83D300A
:1069000007F09AFFD8E600BF781600213125030171
:106910008C16002139250301C36A10B504463BB12A
:10692000C36A1A68C26200221A705A709A70DA70CA
:10693000994204D04FF45A710720E2F7BFFA084B8E
:10694000D86804F094F894F83D3004F13400054917
:10695000013384F83D30BDE8104007F06DBF00BF43
:106960007816002139250301F8B50446DDE9065003
:10697000FF2684F820601C4EA789768A073EBE4217
:1069800001DC0720F8BD00260027C4E92067267F28
:10699000E6B9551B63F100060027C4E92256A1FBA6
:1069A00000050026121A63EB05034942C4E91A23C5
:1069B00060EB0000C4E92623636DC4E92467C4E9E1
:1069C0001C10C4E9281023B10020DBE715461E4641
:1069D000E2E7A07BE3F748FA60650028F4D184F889
:1069E000200084F85000CCE778160021C16D10B566
:1069F000044629B1074BD86804F039F80023E36551
:106A00002046FFF77DFD002384F8203084F85030C5
:106A100010BD00BF78160021014B1B681B6818478A
:106A20008C070021014B1B685B6818478C0700210D
:106A3000014B1B689B6818478C070021014B1B68A2
:106A40001B6918478C070021014B1B685B691847BD
:106A50008C070021014B1B689B6918478C0700219C
:106A6000014B1B68DB6918478C070021014B1B6831
:106A70009B6A18478C07002130B4044C9DF80850DD
:106A800024680295E468A44630BC60478C07002166
:106A900000220D49134610B540FA02F4E40744BF42
:106AA000CA545C1C02F1010248BFE3B2042AF3D1CC
:106AB000054AFF24D118032B01D9107110BD0133F1
:106AC00001F8014BDBB2F6E7B0180021014B187D4D
:106AD000704700BFA0160021042810B511D883B15B
:106AE00004280CBF10242824A1420AD2064C54F8D2
:106AF000200018B141568A42A8BF0A4600201A70E9
:106B000010BD6FF01500FBE7A01600210228034618
:106B100010DC10F1270F0FDB084A101890F828003E
:106B2000024492F92C209A4207D0002918BF013064
:106B3000C0B270470F207047002070477AC403012D
:106B4000022808B506DCFFF7E1FF034B034493F985
:106B50002C0008BD0320FCE77AC40301C0B208B5CD
:106B600018B9044B01221A6008BD4D21B52002F06E
:106B700087FB00BF0050004110F0FF0008B507D1AF
:106B8000054B01225A60C3F80001044B187008BD80
:106B90007C21B52002F074FB00500041B5160021A5
:106BA000014B01221A707047B516002108B540B993
:106BB000064BD3F8003113B9054B187808BD0120F6
:106BC000FCE7C221B52002F05BFB00BF0050004192
:106BD000B5160021024BD3F8080400F001007047FD
:106BE00000500041024BD3F8140400F0010070473C
:106BF00000500041024BD3F81C0400F00300704722
:106C00000050004107490246D1F81804D1F8181481
:106C100010F4803005D0D0B201F003031B1A5842A3
:106C20005841704700500041F8B50F4E0127044607
:106C30000D4637540BF01BFD58B92CB90B4BB770F0
:106C40007560C3F80473F8BD40F229116D2002F09D
:106C500017FB002DF7D01CB92046A8477460F2E757
:106C60004FF4A271F2E700BFB816002100500041B6
:106C7000044B002219181A548A7003EB80014A60F1
:106C8000704700BFB8160021014B9881704700BFC4
:106C9000B8160021014BD889704700BFB8160021F3
:106CA000014B9889704700BFB816002110B5EFF36B
:106CB000108472B6064B03441A7C0132D2B21A74A5
:106CC0001B7C012B01D1FFF749FF04B962B610BD4F
:106CD000B816002108B50BF0CDFC0BF0C8FC084A33
:106CE000084B30B10121116104229A740022DA7438
:106CF00008BD032199740121C2F80413F6E700BF0F
:106D000000500041B816002110B5EFF3108472B6A0
:106D1000094B03441A7C22B940F25B216D2002F03A
:106D2000AFFA1A7C013AD2B21A741B7C0BB9FFF786
:106D300023FF04B962B610BDB8160021024B987C3F
:106D4000003818BF01207047B816002137B5184C1D
:106D5000637D63B9206A00F00300FFF753FF30B191
:106D6000EFF3108372B6A27C1AB103B962B603B016
:106D700030BD0122A27403B962B680230D4DC5F85F
:106D800008334FF42073ADF80630BDF806309BB2DF
:106D90005A1E92B2ADF80620002BF6D1C5F81C3170
:106DA00084F82430FFF796FF8023C5F80433DEE72C
:106DB000B8160021005000412DE9F347344C237DE3
:106DC000002B62D00323ADF80430324BD3F80051CE
:106DD0003DBBD3F80481B8F1000F08D02D4B002241
:106DE000C3F804210222C3F80823FFF7AFFF94F889
:106DF0002460284BF6B2D3F81C2135B1A17C0329BD
:106E000001BF0421A1740121196182B30022C3F8DA
:106E10001C21A37C042B26D040F26D316D2002F0A2
:106E20002FFA002501220DF10409271DA61C8DF85B
:106E30000450D3F80481C3F8082319F8010B032880
:106E40000AD0337843B14FF0000A3B6886F800A0BF
:106E500013B19847C7F800A06B1C04370136012511
:106E6000022BEAD1B7E70223A3740BF006FC66B14C
:106E7000002384F82430A37C022B01D1FFF72AFFE2
:106E800002B0BDE8F0470BF0F8BB02B0BDE8F087F8
:106E9000B81600210050004110B5054C206A00F0E2
:106EA0000300FFF7AFFE0028F8D0002010BD00BFA0
:106EB000B8160021F8B5054650B10278022A07D865
:106EC000437842B9013B1F2B02D88378212B07D985
:106ED0006FF015006CE0002BFAD18378002BF7D10E
:106EE0005C4B2022C3F88020BFF34F8FBFF36F8F1E
:106EF000594EC3F880218323584CC6F80833002329
:106F0000C6F80031C6F80431C6F81C312374637426
:106F1000AB88E381FFF75EFE10B101232370237479
:106F2000D6F80C24D6F80C34D70303D5DE0701D5E8
:106F3000FFF736FE4FF4AF63AA78A3810123A27551
:106F4000002223622B78E274012B637507D0022B99
:106F50002FD033B140F222516D2002F091F902237B
:106F60002362FFF73FFE002835D0FFF743FE236A78
:106F700003F0030398422ED1AB793BBBFFF78CFFA4
:106F8000A37D63B12B7853B90BF071FB054602F07A
:106F9000B7FA6FF00043002D58D0C4E9060301236F
:106FA0002022002023752B4BA074C3F880211A6087
:106FB000F8BD0BF05FFB284BD3F80C14D3F80C246E
:106FC000C803F9D5D107F7D50323C9E7224B02221D
:106FD000C3F80423D4E7204B01220021DA60C3F870
:106FE000041194F82010C3F818159A600222C3F80F
:106FF0000423AA79002AC3D1D3F80423920702D428
:1070000040F2D541A8E7164A1769116907F0100741
:1070100041F010011161D3F804310BB90BF0BCFB46
:107020000D4ED6F8043173B1FFF736FF27B90C4A7D
:10703000136923F0100313610223C6F808330023F9
:10704000C6F804319CE70BF0A6FBEAE7C4E906307A
:10705000A5E700BF00E100E000500041B8160021A4
:1070600000ED00E038B50C4B0C46197919B18321BD
:107070006F2002F005F960B95D790DB1002038BDCF
:1070800001225A71FFF712FE21462846FFF7CCFD78
:10709000F4E76FF01500F2E7E016002138B50B4D6C
:1070A00004462B791BB19A216F2002F0E9F850B900
:1070B0006B790BB9002038BDFFF7DAFD20466C7103
:1070C000FFF722FEF6E76FF01500F4E7E016002167
:1070D00008B5054B1B791BB1C6216F2002F0D0F813
:1070E000BDE808400BF0D0BAE016002110B501B39E
:1070F000F0B14FF0FF33104A1C46E0FB01349442DC
:1071000003D9DB216F2002F0BBF81A0DC3F30F1077
:107110000A4B42EA04324FF22444B2FBF4F100EB92
:10712000024003FB1100B0FBF4F040EA01400130E3
:1071300010BD0846FCE700BF3F420F00000024F4EA
:10714000014B9B68184700BFE0160021014BDB682C
:10715000184700BFE0160021014B1B69184700BF0C
:10716000E0160021034B1A790AB9FFF793BD988DF9
:10717000704700BFE0160021034B1A790AB9FFF7E8
:107180008FBD988A704700BFE0160021024B1B7923
:107190000BB9FFF7DBBD7047E0160021014B9B697F
:1071A000184700BFE016002110B5144C2379A3B195
:1071B000636A9847002806DB94F82E3023B1012338
:1071C000002084F8303010BDFFF7E8FF0028F6DA21
:1071D00040F28D116F2002F053F8094BA361094B67
:1071E000E361094B2362094BA360094BE360094B40
:1071F0002361FFF75FFE0028E1D0E4E7E0160021FD
:10720000996E0201872603013D6D02017526030177
:107210007B2603018126030138B5084B04461D79FE
:1072200025B140F2E1116F2002F02AF801F094F844
:107230002046FFF729FD284638BD00BFE016002193
:1072400008B5074801F076F8054800F01FF801F08E
:1072500073FB01F05BFB00F0C1FB012008BD00BF28
:107260001417002101F048BC01F098B801F0AEB845
:1072700001F014BD01F04ABE01F05CBE01F0A2BCF9
:107280002721032008B501F0FBFF00BF024B186067
:1072900000221A719A6070471C17002170B582B0E5
:1072A0001F4C2379012B11D0DAB2022A0BD10DF138
:1072B0000701A06800F0B8FB0023A36023719DF8CC
:1072C000070002B070BD012002B070BD0DF10701D2
:1072D000A06800F09FFBA5686B7DDB07ECD5AB7F5A
:1072E000042BE9D001F0B6F806460028E4D001F0FE
:1072F000B7F82A69B3682E686D6896194FF00002D6
:1073000045F100050A3342F100021B1842EB01026D
:10731000B342AA41D0D3A06800F06CFCCCE700BF18
:107320001C170021837F0BB1002070470A684B684F
:10733000D1F808C010B5CC680260C4600124436075
:10734000C0F808C00A694B69026184774361054B44
:107350001A792AB998601C7101F012F8204610BD04
:10736000FFF78EFF1C17002170B5044682B00D4652
:1073700001F070F8A37F012B17D02A6806466B68CE
:10738000A868E968A0602046E1600DF1070122606D
:1073900063602A696B69226101226361A27700F050
:1073A00039FB2EB1012002B070BD002002B070BDCB
:1073B000024B042118680BF07AF9F3E71C1700213F
:1073C000024B062118680BF072B900BF1C17002190
:1073D00010B5084B1A7952B90446986002221A7106
:1073E00000F0CEFFA07FB0FA80F0400910BDFFF79B
:1073F00047FF00BF1C17002138B5837FC3B1044687
:1074000009E0A37F042B09D0A37F012B11D00BF03F
:10741000C2F9A37F63B1A37F032BF2D1EFF31085F1
:1074200072B6204600F01EFB05B962B6A37F2BB9E9
:1074300038BD4FF48271032001F022FFFF210320A9
:1074400001F01EFF10B582B00DF1070100F0ECFA5B
:10745000044600F0FFFF10B1204602B010BD40F21C
:107460002111032001F00CFF70B5054600F0F2FF7A
:1074700000B3044600F0F4FF03462846A468002544
:10748000E41841F100062246334600F045FBA042D5
:1074900071EB06030CD3001B6FF0010361EB0601D7
:1074A000834275EB010100D370BD4FF0FF3070BD1A
:1074B000284670BD40F22911032001F0E1FE00BF13
:1074C0002DE9F04104460F4600F0C4FF10B3856873
:1074D0000023064662195B4113B10020BDE8F0812C
:1074E00000F0BEFF2A18384641F1000314EB0208F1
:1074F00043F1000500F010FB4045A941EDD301F038
:10750000FBFA00F0ADFAB368012037752344B3608D
:10751000BDE8F0814FF4A371032001F0B1FE00BF7C
:1075200000F09EBF08B500F095FF08B1007D08BDD2
:107530004FF4CE71032001F0A3FE00BFF8B503693C
:10754000002B51D1044601F0D7FA05460E46FFF74D
:1075500003FE90B36435D4E9000346F10006A84267
:1075600073EB060221D3C4E90003EFF3108672B671
:1075700000F070FF054688B100F072FFAB68002292
:107580000B3342F100021B1842EB0101D4E9000267
:10759000834271EB02050BD3C4E9003106B962B630
:1075A0002046BDE8F84000F04DBB28463346DAE7F8
:1075B00003461146C4E90031F0E7FFF7DDFD074659
:1075C00000F05CFF2168B842626838BF38469635E3
:1075D00046F10006401946F10003884273EB0205AC
:1075E000C1D208461346BEE740F2A311032001F0C2
:1075F00047FE00BF2DE9F04F374B00248046146052
:107600001868002853D0A0F1180750E906454445F2
:1076100075EB010309D250F8083C1B1945F1000530
:1076200098451C4671EB050352D350F8103C4FF0BF
:1076300000093E4613F10A0C49F100031CEB040C4F
:1076400045EB030EB36993B1A3F1180053E9064566
:10765000644575EB0E0A0AD297F814B013F804AC1F
:10766000D34507D00FD80646B369002BECD1384676
:10767000BDE8F08FB3F804A0B7F81CB0AAEB0B0A72
:107680001AF4004FEFD006F118074445176075EB68
:1076900001070AD253F8087C3C1945F10005A045C2
:1076A00071EB050701D244460D46B6690EB9BDE837
:1076B000F08F53F8103C0746A6F1180013F10A0C9E
:1076C000064649F1000E1CEB040C45EB0E0ECBE711
:1076D00044460D46A9E700BF28170021F8B500224F
:1076E000244C6260EFF3108172B6A368E260A2607E
:1076F000636009B962B6636863B300259A79A3F140
:107700001800032A27D01F686FB3BA79A7F11803AE
:1077100084460026042A0FD19A8B818B521A1204B8
:1077200002D50CF1180618469A6942B19C46A2F19E
:1077300018039A7F042AEFD09B7F032B15D196B1B3
:1077400033681B683360C368022185779847636894
:10775000002BD3D1F8BD1E68012153F80C2C9D716C
:1077600066609047F3E76760EDE763219F2001F0D3
:1077700087FD00BF281700212DE9F043224E346811
:107780006CB300254FF00409A846AE462346246892
:1077900053F8187C53F8082CD21953F8147C47F18D
:1077A000000C82427CEB010C1BD205B32A681268E4
:1077B0002A6083F80690B26883F800E083F801E05D
:1077C00083F802E083F803E07AB1F26813604FF0C7
:1077D0000108F360002CD9D1B8F1000F0DD1BDE83C
:1077E000F0831D46002CD1D1F6E7B360EFE7326895
:1077F000002ADED012683260DBE7044BBDE8F043BC
:10780000187801F0E3BE00BF28170021D00700213F
:10781000704B2DE9F04F8846196885B0054604681D
:1078200082834068002900F0CA80A1F1180295F80F
:1078300015C08A46A9460CF0010C0027D2E9006366
:107840006546B44270EB03012AD3F5B1177D99F870
:1078500014108F4219D89168891943F1000311F16E
:107860000A0E43F1000C744570EB0C065FD2D9F898
:107870001060361940F10007B6457CEB070B01D2CA
:10788000764667468E429F4156D3936917468BB121
:10789000A3F11802D2E90063B44270EB0301D4D221
:1078A000AC4651464D46BCF1000F00F091801346A6
:1078B0003A4605E0AC4651464D46BCF1000F59D062
:1078C000AE68361940F10009002B68D0C246CDE9F8
:1078D000001216F10A0C1F68596849F10002674549
:1078E00071EB020258D21A7D95F814C0944519D351
:1078F0009A68D21941F1000112F10A0841F1000E13
:10790000444570EB0E0752D22F693F1940F1000C2D
:10791000B8457EEB0C0B01D24746F44697427CEB10
:10792000010C4AD39B69002B36D0183BD1E7264681
:1079300007468E429F41A8D24D460023042105F1FF
:1079400018022B766B76AB76EB76224BA9779B6889
:10795000002B3AD01F4BDB681A601F4B00251D49D6
:107960001878CA6001F032FE88F8005005B0BDE812
:10797000F08F9369294641F8183F916103AA0021CD
:107980000020FFF737FE2D1AB5FA85F56D0988F846
:10799000005005B0BDE8F08FDDE90012D046002AA6
:1079A000E7D12B460B4A43F8181F1360E6E727463A
:1079B000844697427CEB010CB4D2D046BDE76B7D88
:1079C000DB07EED50A460B467AE7024B9A60C4E71E
:1079D0003A46E4E728170021D007002110B50A4CE9
:1079E0002378FF2B0AD1094801F0C6FD084B00227D
:1079F00020701A609A60DA601A8210BD4FF48371A9
:107A00009F2001F03DFC00BFD0070021DD76020180
:107A100028170021034B1A8A02F1010CA3F810C0A9
:107A2000FFF7F6BE2817002130B583B004460D4697
:107A30000020002101AAFFF7DDFD034604F1180133
:107A40000648E31AB3FA83F35B092B700AF055FE7C
:107A500010B100230120A37703B030BD2817002107
:107A6000FFF78ABE38B5164D044600F11801AB6821
:107A7000A3B1AB6899421ED083B11A461B686BB1A3
:107A80009942FAD153B118681060A86881420BD0AE
:107A9000EB6899420DD00023A37738BD09480AF05E
:107AA0002CFE0028F7D138BD1B68AB60EB6899420B
:107AB000F1D1EA60EFE7002BF0D00022E5E700BF4C
:107AC000281700212C17002130B5054683B00C463D
:107AD000FFF752FE01AA28462146FFF78BFD28B189
:107AE00000F11802044B5A6103B030BD0246024B4C
:107AF0005A6103B030BD00BF2817002110B5054CF6
:107B0000616920460AF0F9FD18B160690023183850
:107B1000636110BD281700211C49096839B3A1F120
:107B2000180C9CF8141081421DD870B512F10A058A
:107B3000DCE9004143F1000EAC4271EB0E0620D2AD
:107B4000DCF81060341941F10001AC4271EB0E0118
:107B500015D2DCF8181071B1A1F1180C9CF81410B2
:107B60008142F6D8E2E7DCF818100029D7D14FF0AF
:107B7000FF30014670474FF0FF30014670BD2C4684
:107B80007146B4F10A0041F1FF3170BD28170021A0
:107B900010B5837F022B06D0837F012B02D0837F19
:107BA000042B1DD110BD437D13F0020313D1032418
:107BB0000E4A00F118010376847794684376837641
:107BC000C3765CB1D3681960094BD1601878BDE801
:107BD000104001F0FBBC0023837710BD9160F3E7F8
:107BE0004FF4FA719F2001F04BFB00BF28170021D2
:107BF000D007002170B50446104D04F11806284640
:107C000031460AF07AFD98B1002304222376A27748
:107C10006376A376E376AB6843B1EB681E60084BEE
:107C2000EE601878BDE8704001F0D0BCAE60F6E7B9
:107C30004FF4FF719F2001F023FB00BF28170021A4
:107C4000D00700212DE9F04F076983B0002F6ED1D6
:107C5000866890F81480D0E90045EFF3108272B680
:107C600035490B68002B5BD00A36B1F81090A3F1B0
:107C70001803CDF8049047F10007B14614EB090A48
:107C8000D3E9001645EB070E8A457EEB060C47D379
:107C9000A14276EB050C27D3D3F810C01CEB010CE6
:107CA00046F1000BD4457BEB0E0B34BF4FF0010CBB
:107CB0004FF0000CBCF1000F12D093F814C0C44573
:107CC00025D034BF4FF0010C4FF0000CBCF1000F79
:107CD00006D00A319C6846F10005641845F100059C
:107CE0009B69EBB1183BC9E711F10A0CD3F808A066
:107CF00046F1000E1AEB0C0C4EF1000E644575EBCC
:107D00000E0E34BF4FF0010C4FF0000CD2E7B3F869
:107D10001CC0DDF804E0ACEB0E0CCCF3C03CD5E7A6
:107D200002B962B6C0E9004503B0BDE8F08F40F289
:107D30001D219F2001F0A4FA28170021024B0521E4
:107D400018680AF0B4BC00BF40170021054B586802
:107D500010B1C368062118474FF42471B02010B544
:107D600001F08EFA401700212DE9F0471746002B4D
:107D700056D005460E46D3E90089804579EB0103CC
:107D80004BD3524C0023404649462361C4E9028943
:107D900001F036F9A38AB8EB05054FF0000203F1B4
:107DA000640369EB0606AB42B24116DBA36903F537
:107DB000E1739D4276F1000669DA454A404649463C
:107DC000C4F82880C4F82C9000F060FE0523414AD6
:107DD00084F830303A60BDE8F087627F237FAABB29
:107DE00003F0FD0AA36903F5E1739D4276F10006F5
:107DF00032DABAF1010FE0D1A08A354AB8EB0000BF
:107E000069F10001C4E90A0100F040FE0623314A8D
:107E100084F830303A60BDE8F08780468946B0E7A4
:107E20002A4C637F1BB1237F023B012B44D90025E1
:107E3000657701F0F1F8FFF789F901F0E3F8264AD8
:107E40002B463A6084F83030BDE8F0879A1E012A4C
:107E500036D900226277C3E701F0DEF8FFF776F942
:107E6000A08AA369984217D9BAF1010F14D1B8EBCF
:107E70000000174A69F10001C4E90A0100F006FE9A
:107E80000123144A84F830303A60BDE8F08701F0ED
:107E9000C3F8FFF75BF9A369B8EB03000C4A69F17B
:107EA0000001C4E90A0100F0F1FD0223094A84F847
:107EB00030303A60BDE8F087236A01209847B6E782
:107EC000236A01209847237FC3E700BF40170021A2
:107ED0003D7D02017D8002014D80020102392DE9C4
:107EE000F04104292DD8DFE801F00309292C0C000A
:107EF000164A137F003B18BF012353770020BDE8CB
:107F0000F081124D044600F093FD00F0F5FD0E46A1
:107F10000746FFF7D9FD80466868FFF739FE22461D
:107F20003846314600240026002743466C60C5E9E8
:107F30000267FFF719FF0220BDE8F081FFF7AEF9F5
:107F4000DCE740F23B21B02001F09AF94017002114
:107F50002DE9F04F394C83B0814694F81DA0A769F4
:107F6000BAF1000F39D1237F03F0FD03012B3ED07E
:107F700000F0C2FD10EB07080E46054641F1000176
:107F800040460191FFF7A0FD00283FD00199D0E9BC
:107F900000B3D84571EB030222D300222846019397
:107FA0002261274AA562E662C4E90281314600F0F7
:107FB0006DFD019B5846194601F022F8BAF1000FF9
:107FC00002D0A38A9F4218D002231E4A84F8303080
:107FD000C9F8002003B0BDE8F08F4FF0000AC7E7F2
:107FE000BBEB0705D846194663F10006D5E7A28A20
:107FF0009A46974238BF1746BAE70123114A84F8D8
:108000003030C9F8002003B0BDE8F08F637F1BB1AA
:10801000237F023B012B0CD90025657700F0F2FF8E
:10802000094A2B46C9F8002084F8303003B0BDE877
:10803000F08F236A01209847EEE700BF4017002128
:108040003D7D02017D8002014D800201032910B5B2
:1080500006D801290AD84FF49E71B02001F010F91A
:108060000429F8D10446FFF719F908B9002010BD1A
:108070002046FFF76DFF022010BD00BF023970B52A
:108080000546032900F24581DFE801F006021708E2
:10809000A54B002283F83120002070BDA24C94F83B
:1080A0003030013B052B00F23981DFE813F03A0054
:1080B0005F008600A900F400CC009B4C94F830309F
:1080C000042B0FD8022B24D8013B012B00F20D8189
:1080D000FFF7E4F80028DFD000F0FCFC2846FFF7AB
:1080E00037FFAEE0053B012B00F2FF80FFF7D6F82B
:1080F0000028D1D000F0EEFC00F0FEFC06460C4655
:10810000FFF7E2FC2A46034621463046FFF72CFEE5
:1081100097E0FFF7C3F80028BED0012384F8313080
:10812000BAE7257F05F0FD05012D40F0E380607F73
:10813000002840F0DF80236A9847657700F0DCFC78
:10814000A26A2369821AA1699A42B8BF1A46A36833
:10815000581AE168226161F10001744AA062E1628B
:1081600000F094FC022384F8303095E700F04CFFD7
:10817000FEF7E6FF00F0C0FCA26A2369851A227FA1
:108180009D4202F0FD02B8BF1D46012AD4E902312A
:10819000256103D1627F002A00F08B80323B634A65
:1081A00041F1FF31581941EBE571C4E90A0100F0D2
:1081B0006DFC042384F830306EE7257F05F0FD0563
:1081C000012D40F09C80667F002E40F0988000F0EA
:1081D00093FCA26A034630469B1A22699342B8BFB9
:1081E00013462361236A984722696577D4E90231EF
:1081F000323B41F1FF31981841EBE2714B4AD4E731
:1082000000F012FF002861D094F83160002E7FF456
:1082100073AFFFF773FC00283FF46EAF6060C4E9F2
:108220000D6600F0FDFB0223606883773146C3686A
:108230009847D4E90201FFF713FC3D4B84F8306006
:108240002B60022070BD257F05F0FD05012D5BD15F
:10825000667F002E58D100F04FFCA26A03463046DC
:108260009B1A22699342B8BF13462361236A984739
:1082700022696577D4E90231323B41F1FF31981828
:1082800041EBE271294AC4E90A0100F0FFFB052332
:1082900084F8303000E7FFF731FC00283FF42CAFC2
:1082A00000266060C4E90D6600F0BAFB6068022336
:1082B000BBE7A08A1D4A181A61F10001C4E90A014E
:1082C00000F0E4FB032384F83030E5E600200021D1
:1082D000FFF7FAFB08B1FFF78DFC00F09DFEFEF7FB
:1082E00035FF2846FFF734FEABE740F27911B020A6
:1082F00000F0C6FF40F28311B02000F0C1FF4FF440
:10830000DA71B02000F0BCFF4FF4FD71B02000F036
:10831000B7FF40F21521B02000F0B2FF4FF4047116
:10832000B02000F0ADFF00BF401700213D7D0201ED
:10833000DD7E0201064A002310B5064C026084F877
:10834000303023772060FEF717FF3230A06110BD78
:108350004D8002014017002108B5074B074A1968F4
:108360000968914202D13230986108BD40F275210E
:10837000B02000F085FF00BF401700214D800201B2
:1083800010B5EFF3108472B6034B042118680AF09D
:108390008EF904B962B610BD40170021094B5A6826
:1083A00010B54AB1084AD3E902410019BDE81040AE
:1083B00041F1000100F06ABB40F29621B02000F0CC
:1083C0005FFF00BF401700214D7D020108B5064B3D
:1083D0005B681BB1BDE8084000F07CBB4FF427711F
:1083E000B02000F04DFF00BF4017002108B5054B3D
:1083F0005A680AB1586308BD40F2A221B02000F0CB
:108400003FFF00BF4017002108B5054B5A680AB16D
:10841000986308BD4FF42A71B02000F031FF00BF0F
:1084200040170021044B9B6B03B1184740F2AE216B
:10843000B02010B500F024FF40170021044B5B6B07
:1084400003B118474FF42D71B02010B500F018FF9C
:1084500040170021014B5868704700BF40170021AA
:1084600008B5054B5A6812B1D3E9020108BD40F2C4
:10847000BF21B02000F004FF40170021044A137F01
:1084800003F0FD03012B0CBF908A0020704700BF52
:1084900040170021054B1B681BB11A6A0521586A59
:1084A00010477221452010B500F0EAFE8017002128
:1084B000054B1B681BB11A6A0421586A10476C21CE
:1084C000452010B500F0DCFE801700212DE9F041B9
:1084D00004460D4679B9154F3B681BBB14483C60F8
:1084E000FFF784FF1348FFF78FFFFFF719F8637D4D
:1084F00006465B0705D4236A2946606ABDE8F04159
:108500001847FEF7B5FE2036361A7E6000F05AFB9B
:108510000028FBD000230849084AC1F88031C2F87E
:108520008030E8E78621452000F0AAFE8017002170
:10853000B1840201958402010010014100C0004194
:10854000024B00221A601A81704700BF8017002179
:1085500008B5074B1A683AB106480021D060196087
:10856000BDE80840FEF72CBFB921452000F088FE89
:1085700080170021CD84020130B40D46144600213D
:108580002022C0E9085430BC01F0D2B930B5002235
:1085900087B04B7A0C4605924FF0000100920546D9
:1085A00001920492C3F3800282F0010262F382011D
:1085B000227A8DF814202B4A8DF8151003926168E9
:1085C00022780291002A3BD1D4E904209DF815407D
:1085D0006407CDE9002024D4C3F340039DF815209F
:1085E00021495B0022F0030243F0010313438DF89D
:1085F00015304B68C3F308036BB1103B5BB2002B23
:1086000018DB1A4AD35C5B092BB969462846FEF78A
:10861000ABFE07B030BD69462846FEF783FE07B0C3
:1086200030BD203A01F1200140F1FF30009202916B
:108630000190D1E703F00F0319440B7D5B09E3E7D9
:1086400023690493FEF70EFE9DF815305B07CDE914
:10865000000104D5029A637A20320292BCE7637A61
:10866000BAE700BFCD84020100ED00E000E400E0C5
:108670000B4A5368C3F3080353B1103B5BB2002BA2
:1086800008DBA2F51062D35C5B090BB9FEF7DABE1A
:10869000FEF79EBE03F00F031A44137D5B09F4E757
:1086A00000ED00E010B5037886B0B3B9044603933B
:1086B000D0E90401CDE90433CDE9000163686846DF
:1086C000217A02938DF81410FEF738FF0120DDE9BE
:1086D0000023C4E9042306B010BD4FF4AB7145205C
:1086E00000F0CEFDFEF788BE00F0B4BC30B50C78CB
:1086F00087B07CBB4B7A4FF0000C0594C3F3800E1F
:108700000C7A4D688EF0010E8DF81440144C6EF307
:10871000820C029503941CF0040F8DF815C0D1E96A
:108720000441CDE9004107D0203C05F1200541F18D
:10873000FF310094029501919DF81540C3F3400369
:108740006946049263F341048DF81540FEF7EAFD93
:1087500007B030BD4FF40971452000F091FD00BF16
:10876000CD840201F8B5614CA14200F2B980440FFA
:108770005F4D44EAC104C0F34F3101EB0441A5FB56
:1087800004645C4EA40B06FB141143F60956A5FBCA
:108790000151890B41EA0441574C04FB110048F296
:1087A00037644FEA112C450B090604FB05F5534CC1
:1087B0002D0C06FB150000FB04F4640D04FB06F60B
:1087C00004EB452443F608553544B0EB552F75D8D6
:1087D00006F580766118A0EB56204CF1000CC0B273
:1087E0000F2802D901314CF1000CEFF3108672B65C
:1087F000434D95F800E0BEF1000F38D041484FF6E8
:10880000FF74D0F80475D0F84801A7425DD0003855
:1088100047F6FE7418BF0120A7426C6888BF00208D
:10882000053704444FF0000040F100001EB962B665
:108830002D78002D34D04FF48035E4FB0570B9421B
:108840007CEB00003FD3080C4FF6FF7489B240EA7E
:108850000C40002908BF2146069D02F5A872294C4C
:108860006860002044F82210C4F80433F8BD254C99
:10887000D4F80475D4F8040150B168680130686018
:10888000C4F804E1D4F80475D4F804010028F4D144
:1088900005374FF000006C6840F10000002EC6D094
:1088A0004FF08075E4FB0570B9427CEB00000AD301
:1088B000080E21F07F4140EA0C20CDE70134611819
:1088C0004CF1000C91E70120F8BD6C6818B9052740
:1088D000002EB0D1ABE70C4F0020002EABD1A6E7A5
:1088E0004FF49771052000F0CBFC00BFFF7F841E82
:1088F00083DE1B43000024F40080841E6F0C010003
:10890000B81700210010014104000100074A0023AC
:1089100013741377064A012106485160C2F84035A6
:10892000C2F84031C0F80815704700BFB8170021E1
:1089300000C0004100F0004130B4334B0022334C02
:1089400001213348426059609960C3F80843C3F875
:108950004843046AC3F80421C3F84021C3F8442102
:10896000C3F84821002C4DD02A4A4FF00045C2F8E8
:10897000C051C4F88050C3F88050274BC3F8041589
:108980000523C2F840351160D2F84031002BFBD0EE
:108990000121214D0023C5F808155160D1601A4905
:1089A000C2F84031C2F84035C2F8C031C4F8803056
:1089B000C1F88030037803B390F824200121124BD2
:1089C0004FF480249140144842F000424FF6FF7566
:1089D000C0F80815C3F84443C3F84855C3F8044326
:1089E000C3F848219A60C0F804150C4B4FF40032CC
:1089F00030BCC3F880211A607047034B0222C3F8D1
:108A00000423F2E71960D5E70010014102000700D6
:108A1000B817002100C0004100F0004100E100E073
:108A2000024B0122C3F80027704700BF0000084135
:108A300010B4114A0023012410481149C0F88031B4
:108A4000C2F8803054604FF0FF34C2F808434FF44E
:108A500080540C4AC2F880418A683AB14FF480329F
:108A6000C0F808230B74C0F840318B60064B00221D
:108A700010BCC3F80027704700C00041001001413E
:108A8000B817002100E100E00000084130B50F4DAB
:108A900083B0AC68ACB9134622462C4644F8083F74
:108AA0004FF480330094FFF75DFE08B903B030BD8A
:108AB000FF232B74064B4FF40032C3F8002103B0A0
:108AC00030BD4FF44271052000F0DAFBB8170021E9
:108AD00000E100E0064B9A684AB106494FF4803243
:108AE000C1F8082300221A74C1F840219A60704727
:108AF000B81700210010014170B4EFF3108572B671
:108B00002B4C2C4A2078D2F8043538B3D2F84801DF
:108B10004FF6FF726668934244D0003843F609511D
:108B2000C3F3080247F6FE7C18BF012001FB02F2E6
:108B300063454FEA532388BF002002F5807201FB92
:108B400003F30021064403EB522015B962B62378E3
:108B50001BB3194BE6FB030170BC7047D2F804113C
:108B600051B1636801336360C2F80401D2F804357F
:108B7000D2F804110029F4D143F60951C3F30802D5
:108B8000580A666801FB02F301FB00F0002103F5BF
:108B9000807300EB5320002DD8D0084BE6FB030177
:108BA00070BC704700B106480021002DD1D1CDE73F
:108BB000B81700210010014180841E000080841E2F
:108BC00061841E0030B5EFF3108572B62E4A14781A
:108BD0003CB32E4B4FF6FF70D3F80415D3F8483151
:108BE000814250684AD0003B43F6095CC1F3080457
:108BF00047F6FE7E18BF01230CFB04F471454FEAD3
:108C0000512188BF002304F580740CFB01F1184446
:108C100001EB5423002115B962B614781CB31C4C27
:108C200022E01A49D1F80435D1F8040150B1536853
:108C300001335360C1F80441D1F80435D1F804017F
:108C40000028F4D1C3F3080143F609545B0A5068C5
:108C500004FB01F104FB03F301F5807103EB5123E5
:108C60000021002DD8D00B4CE0FB0431D2E90A02E0
:108C7000834291412CBF0120002030BD03B1064B3F
:108C80000021002DCBD1C7E7B8170021001001410A
:108C900080841E000080841E61841E002DE9F84F30
:108CA0000020944E0125944C7560C6F84005C6F826
:108CB0004001C4F80855D6F8043523F00303C6F87C
:108CC0000435D6F8083543F00303C6F808351023F9
:108CD00093FAA3F3B3FA83F3092B00F30681C6F8E2
:108CE00010354FF48052854B4FF6FF7CF56047F608
:108CF000FE7EC3F880211A604FF00042804B756001
:108D0000F560C3F88021C6F880207E4A40E06745C0
:108D1000D3F8481100F0C4800039D2F8048018BF9D
:108D20000121774588BF002141444FF00008B9F187
:108D3000000F00F0BD804FF48039E1FB0978C4F8E2
:108D40000455EFF3108972B61178D3F804A5002901
:108D500000F08E80E245D3F8481139D00039D2F8BE
:108D600004B018BF0121F24588BF002159444FF0DB
:108D7000000BB9F1000F33D04FF48039E1FB09ABA0
:108D8000C34508BFBA453BD0C4F808557560F560C7
:108D9000EFF3108972B61178D3F804750029B6D1B3
:108DA000D3F8041141B951684FF00008B9F1000F30
:108DB0007ED04FF08079C0E7516801315160C3F82F
:108DC0000401D3F80475D3F804110029F4D1EAE7BB
:108DD000002978D18A465168D346B9F1000FCBD12A
:108DE00062B692F80090B9F1000F0CBF4FF0807995
:108DF0004FF48039E1FB09ABC34508BFBA45C3D185
:108E0000013743F60951C7F3080348F100083C0E47
:108E1000C7F34E2701FB03F344EA082401FB07F0E4
:108E20004FEA186803F58073650100EB53204FEAA1
:108E300048132D1B43EAD46363EB0806AB01B10171
:108E40005B1B41EA956161EB0601C90041EA537180
:108E5000DB001B1948EB0108DC034FEAC83100199D
:108E600041EA5341906241F10001D162BDE8F88FBF
:108E7000D3F8041141B951684FF0000BB9F1000F5C
:108E8000AED04FF0807979E7516801315160C3F875
:108E90000401D3F804A5D3F804110029F4D1EAE7BA
:108EA000D1B90F465168B846B9F1000F7FF443AF0E
:108EB00062B692F80090B9F1000F0CBF4FF08079C4
:108EC0004FF4803939E75168E2464FF0000BB9F1B1
:108ED000000F7FF451AF83E7516867464FF00008F9
:108EE000B9F1000F7FF427AFE2E740F29F31064867
:108EF00000F0BCF900C0004100F0004100E100E0DA
:108F000000100141B817002198C6030110B5029C5A
:108F1000201841F10001801A61EB0301B0F1004F0C
:108F200071F1000100DA10BD4FF46E71052000F000
:108F3000A7F900BF70B4EFF3108572B62B4C2C4A22
:108F40002078D2F8043538B3D2F848014FF6FF72D2
:108F50006668934244D0003843F60951C3F30802CF
:108F600047F6FE7C18BF012001FB02F263454FEA81
:108F7000532388BF002002F5807201FB03F3002118
:108F8000064403EB522015B962B623781BB3194B84
:108F9000E6FB030170BC7047D2F8041151B163685D
:108FA00001336360C2F80401D2F80435D2F8041129
:108FB0000029F4D143F60951C3F30802580A666840
:108FC00001FB02F301FB00F0002103F5807300EBCD
:108FD0005320002DD8D0084BE6FB030170BC70472E
:108FE00000B106480021002DD1D1CDE7B8170021EE
:108FF0000010014180841E000080841E61841E00D8
:10900000704700BF704700BF024B0122C3F84423E2
:10901000704700BF00100141024B0122C3F84823F2
:10902000704700BF0010014108B5FEF795F830B950
:10903000074A136B0133312B136304D808BD044B6B
:1090400000221A6308BD40F20F41052000F018F914
:10905000B8170021014B1862704700BFB8170021F4
:1090600010B53F4C82B02378002B55D03D4BD3F840
:10907000042352035BD43B4BE168D3F80423D003B1
:1090800034D5D3F84031002B30D0636899425DD895
:1090900000232374334A4FF48030A168C2F8403172
:1090A000C2F80803002955D0A36088472D4BA16959
:1090B000D3F80423920324D5D3F844310BB3636867
:1090C0008B423FD300222277264B4FF40030616958
:1090D000C3F84421C3F8080300293BD08847214B3B
:1090E000D3F840310193019B02B010BD6268237C2C
:1090F000002BCDD19142D9D91A4B0022C3F840217F
:10910000D4E76268237F002BDCD18A42E7D2154B7B
:109110000022C3F84421E2E7124AD2F804110029E0
:10912000A9D0C2F80431636801336360A3E7D3F8C0
:109130004821002A9FD00022C3F8482163680133E8
:10914000636098E7237F002BE1D0BBE7237C002BF3
:10915000D2D09DE740F25141052000F091F800BFC8
:10916000B817002100100141014B1879704700BF6A
:10917000F0170021044B1A79824283BF1B686022DA
:1091800002FB003000207047F0170021BFF34F8F23
:109190000549064BCA6802F4E0621343CB60BFF393
:1091A0004F8F00BFFDE700BF00ED00E00400FA05AF
:1091B000094B01225A604FF0FF32C3F808234FF4E5
:1091C0000052064BC3F88020BFF34F8FBFF36F8F61
:1091D000C3F88021704700BF00D0004100E100E0EB
:1091E000094B01225A604FF0FF32C3F808234FF4B5
:1091F0008032064BC3F88020BFF34F8FBFF36F8FD1
:10920000C3F88021704700BF0000014100E100E089
:1092100010B5134900230122124CC1F8FC3FC1F8DC
:10922000FC2FDA00013302F1FF7202F58032D2F82E
:1092300000032040884202BFD2F80003D2F8042382
:109240000260202BEDD1084B4FF48072C3F88020D0
:10925000BFF34F8FBFF36F8FC3F8802110BD00BFE6
:109260000080004100F0FFFF00E100E008B572B6A9
:10927000024B5B6803B19847FFF788FFF81700219E
:109280001FB572B6144B5C6894B9FFF77FFFB2FB51
:10929000F6F22B465D1C002AF9D1DBB203F1100572
:1092A0006D4405F80C2C0A2233B901A8A047ECE75D
:1092B000024600230A26EDE7013BDBB203F110056D
:1092C0000DEB0506B0FBF2F502FB1500303006F899
:1092D0000C0C2846E8E700BFF8170021F8B51E4E31
:1092E00005460C461746337893BB09F0BFF9776003
:1092F0003472FFF78DFFFFF773FFFFF759FF174B2E
:10930000002D14BF28461846FDF74EFF0546E8B964
:10931000FFF716F9FDF73AFF09F0B8F9FDF790FFEE
:1093200018B9B8211120FFF7ABFF002C0CDB04F0BB
:109330001F0264090123A400934004F1604404F572
:109340006144C4F880312360012333702846F8BD9E
:109350004FF0FF35FAE700BFF8170021B6C403014C
:10936000074B93F90830002B09DB5A09012103F060
:109370001F03994002F14003024A42F8231070474C
:10938000F817002100E100E0014B1878704700BF9A
:10939000F8170021F0B5284D83B0284C284F2E78BF
:1093A0000136F6B2D5E84F3F0133DBB2C5E8423FA4
:1093B000002AF7D101236360C4F80021C4F8042116
:1093C000EFF3108272B6C4F80405236052B962B696
:1093D00008E0D4F804314BB92B789E4206D13B69A2
:1093E000DB0613D4D4F80031002BF2D0D4F80431CA
:1093F000002BD4D12A78B242D1D10322C4F8003153
:10940000C4F80431C4F8082303B0F0BD0D4B0321A8
:109410004FF40052C4F80413C3F88021D4F800318B
:10942000002BDFD1D4F80431002BDBD1019009F0FF
:10943000B2F90198D6E700BF0118002100D0004121
:1094400000ED00E000E100E070B51446DA078CB0F2
:109450001D4686468C4633D5C3686E4642681BBAA5
:1094600012BA0093CB6802921BBA4A68049312BAEC
:10947000836806921BBA019303681BBA03938B6837
:109480001BBA05930B681BBA07933046FFF782FFA0
:10949000AB070DD5DDE90A10DDE9083200BA09BADB
:1094A00012BA1BBA20606160A260E3600CB070BDAC
:1094B00008AD0FCD20606160A260E3600CB070BDAC
:1094C000DEF804106E46DEF80820DEF80C30EE46BA
:1094D0000068AEE80F00DCF80000DCF80410DCF8EF
:1094E0000820DCF80C30AEE80F00CEE710B5002401
:1094F00082B0CDE90044FFF7A7FF02B010BD00BF66
:109500001A4B4FF4803270B5C3F88020BFF34F8FF1
:10951000BFF36F8F164C0021164DC4F80011C3F82D
:1095200080212E692B6906F0100643F010032B6191
:109530000123C4F804332360D4F800319BB11EB971
:109540002B6923F010032B610123D4F808054FF495
:1095500080326360C4F808330023C4F80031034B41
:10956000C3F8802170BD09F016F9E5E700E100E0DD
:109570000000014100ED00E038B50B49042301EB88
:10958000C302157905F0FF042DB1013BF7D240214C
:109590006920FFF775FE41F8330001215471D8B2FC
:1095A0009471117138BD00BF04180021042808B55A
:1095B00003D947216920FFF763FE034B002203EB29
:1095C000C0031A7108BD00BF04180021042808B5A3
:1095D00003D950216920FFF753FE094B03EBC0006C
:1095E0000379012B01D05121F4E7437982790133CA
:1095F000DBB29A4218BF4371BDE80840FFF7B0BE26
:109600000418002138B505240F4D95F8281005EBF6
:10961000C1031A79012A09D158799A79904205D063
:109620005A79D2B29A7155F83130984795F8283066
:10963000013C0133DBB2052B28BF002314F0FF04EB
:1096400085F82830E1D138BD04180021914270B569
:109650003ED2B2FA82F33BB1C3F1200499409A4062
:1096600020FA04F498402143160C1FFA82FE030CE2
:1096700085B2B1FBF6FC06FB1C14240404EB10407D
:109680000CFB0EF4844206D9241A944294BF0124A0
:109690000224ACEB040C03EB01430CFB12334FEA46
:1096A0000C4CB3FBF6F006FB103300FB0EFE05EB93
:1096B0000345AE4509D9AEEB050E964594BF4FF074
:1096C000010E4FF0020EA0EB0E0040EA0C0070BD40
:1096D00073219620FFF7D4FD70B5044616461D464B
:1096E000FFF7B4FF049B00FB164428601C6070BDAC
:1096F00038B50B1E8446964618DB002A06DB01248B
:10970000FFF7A4FF00281DDBE4B138BD01250024CC
:10971000CEF1000E724660461946FFF797FFB0F192
:10972000004FEFD8002DEDD0404238BDD0F1000CF5
:1097300063EB4303002A02DB00240125EAE700254E
:109740000124E5E799219620FFF79AFD2DE9F843DA
:109750001C4652EA040346D0804615460E4684B99C
:10976000914204D2FFF772FF2146BDE8F8832146FB
:109770003046FFF76BFF04462A46404604FB15615E
:10978000F0E70127B4FA84F907FA09F2F840A2FBDE
:1097900005C340EAC170F94002FB0432FFF756FFEF
:1097A000C9F11F034FF0000C30FA03F308D138461B
:1097B0001946A845A641D8D218466146BDE8F883A7
:1097C0005A1E614618466CEB0C0C134605FB0CF751
:1097D00002FB0477A5FB022EB8EB02027744904609
:1097E00066EB0706E5E7A6219620FFF749FD00BFD7
:1097F0002DE9F84F1D4652EA0503DDE90A8775D0C9
:10980000814614460E4655BB914219D3294630462F
:10981000FFF71CFF8246224648460AFB04F5711BEF
:10982000FFF714FFA4FB00C452462B19B9EB0C0C34
:1098300066EB0303C8E90002C7E900C3BDE8F88F7F
:10984000FFF704FFA4FB00C32A46B9EB0C0C66EB40
:109850000303C8E90002C7E900C3BDE8F88F4FF071
:10986000010AB5FA85FB0AFA0BF320FA0AF0CBF1EC
:109870001F0BA3FB02C240EAC17021FA0AF103FBED
:109880000522FFF7E3FE30FA0BF04FF000021AD189
:109890005146CC4633468646A44573EB050AC9D3E8
:1098A00004FB0EF37246A4FB014001FB0533B9EB48
:1098B000040C0344084666EB0303C8E90002C7E949
:1098C00000C3BDE8F88F10F1FF3C9646014662EBFD
:1098D0000202604604FB02F30CFB0533A4FB0CCA36
:1098E0005344B9EB0C0C66EB0303D5E7A621962095
:1098F000FFF7C6FC8AB1013A16D000EB020C10B596
:1099000001E060450BD08E46044611F8012B10F89B
:10991000013B9342F5D0981A10BD1046704763780A
:109920009EF80120981A10BD03780A78981A70479B
:1099300010F0030FC9B2034607D0BAB303F8011BF6
:1099400013F0030F02F1FF32F7D170B5032A01EBD8
:10995000012404EB04441ED9161FB508032E05F19B
:10996000010521D94FEA550E9C4603EBCE0ECCE9FA
:1099700000440CF1080CF445F9D115F0010F04D0A6
:1099800025F0010503EB85052C6026F00306043362
:1099900002F00302334432B1012A197003D0022AC3
:1099A000597018BF997070BD1D46EDE7704700BF34
:1099B000094B0A4AC3F880210132C3F884210132DD
:1099C000C3F88C210132C3F890210132C3F8EC2195
:1099D0000132C3F8902070470080004104000080ED
:1099E000074B0022C3F88021C3F88421C3F88C21DF
:1099F000C3F89021C3F8EC21C3F89020704700BF52
:109A000000800041844641EA000313F0030359D16A
:109A1000403A33D3F0B4F0C9F0C0F0C9F0C0F0C997
:109A2000F0C0F0C9F0C0403AF5D2F0BC26E0403AB0
:109A300024D300BF0B6803604B6843608B6883606E
:109A4000CB68C3600B6903614B6943618B698361B8
:109A5000CB69C3610B6A03624B6A43628B6A8362A0
:109A6000CB6AC3620B6B03634B6B43638B6B836388
:109A7000CB6BC36340304031403ADBD230320BD342
:109A80000B6803604B6843608B688360CB68C3607E
:109A900010301031103AF3D20C3205D351F8043B98
:109AA00040F8043B043AF9D2043208D0D2071CBF74
:109AB00011F8013B00F8013B01D30B88038060469D
:109AC000704700BF082A13D38B07B0D010F00303F0
:109AD000ADD0C3F10403D21ADB071CBF11F8013B60
:109AE00000F8013BA3D331F8023B20F8023B9EE78C
:109AF000043AD9D3013A11F8013B00F8013BF9D2FD
:109B00000B7803704B7843708B7883706046704796
:109B1000014B1B681B681847D4070021014B1B68C9
:109B20005B681847D4070021014B1B689B681847E6
:109B3000D4070021014B1B681B691847D40700217B
:109B4000034B1868034BC01A18BF0120704700BFB1
:109B5000D4070021DC07002108B5DFF7C5FCEEF7CC
:109B60005BFCDFF7E7F9002008BD03F0E1BA03F082
:109B7000E2BA03F0E3BA03F0E3BA02F082BB02F008
:109B800088BB03F0C9BA38B505460C46DFF7C0FC00
:109B900030B13E2D04D12046BDE83840DFF7FABC95
:109BA00038BD1FB5014601A800F006F801A804F071
:109BB000EEFD05B05DF804FB0B88C3F30B03838057
:109BC0004B88C380002343724B78C3F30113012BEE
:109BD00003D09A1E534253415B000431037201606B
:109BE00070478B88043010B500F8043C0C4610F820
:109BF000033C03F0F00300F8033C8A88C2F303221D
:109C0000134300F8033C03F0CF03CA8800F8022C8A
:109C1000CA8800F8033C120A00F8012C0A7A1201E3
:109C200002F03002134303F03F0300F8033C4A7A8A
:109C300043EA821300F8033C0968814205D0E288B8
:109C4000FB2A28BFFB22FFF7DDFEE0880430C0B20C
:109C500010BD8B880A46043010B400F8043C10F89C
:109C6000033C03F0F00300F8033C8988C1F30321AF
:109C70000B4300F8033C03F0CF03D18800F8021C2B
:109C800010F8011C01F0C00100F8011CD48800F894
:109C9000033CC4F30524214300F8011C01F03F01FB
:109CA000147A240104F03004234303F0BF0300F8C6
:109CB000033C547A00F8011C43EA841303F07F0349
:109CC00000F8033C1168814203D0D28810BCFFF732
:109CD00099BE10BC7047FCF7D3BC2DE9F0410B785E
:109CE00005460C46013B832B00F28482DFE813F02B
:109CF0009A009E00A200530182021B01210127014C
:109D00002D0133013701390149014F0184008202DD
:109D1000A7008202AB003D0143015D0163015701D1
:109D20008202690182027C01AC01B201B8018202A7
:109D3000BE01C901CF018202F90107022F020D0203
:109D40002102290213021B026A02700276027C02BF
:109D500035023B02590241028202820282028202E1
:109D600082028202820282028202820282028202D3
:109D700082028202820282028202820282028202C3
:109D800082028202820282028202820282028202B3
:109D900082028202820282028202820282028202A3
:109DA0008202820282028202820282028202820293
:109DB0008202820282028202820282028202820283
:109DC0008202820282028202820282028202820273
:109DD0008202820282028202820282028202820263
:109DE0008202820282028202820282028202820253
:109DF000820247024D0253020E23B1F803200B707A
:109E000042F283039A4203D03221C720DFF756F88B
:109E10000623637066782146284602363246FFF7ED
:109E2000F1FD56E00C230B700823F2E71A230B70A8
:109E30000123EEE73E230B700223A370EAE73E23E3
:109E40000B700B23F9E72920DFF7A4FB28B13E2391
:109E50002370222363702923EFE70A20DFF79AFBA0
:109E60003E2305F1080204F108012B70A0B30A2378
:109E70001F26AB70E378EB70A3882B71A3881B0AB5
:109E80006B71A379AB71E379EB71A368AB608B88DD
:109E90009380D4F80E30C5F80E30638A6B82636904
:109EA0006B61238B2B83638BAB76638B1B0AEB7607
:109EB000A38B2B77A38B1B0A6B77E38BAB77E38B9F
:109EC0001B0AEB7794F8203085F82030B21C6E70B6
:109ED00096B23046BDE8F08101231326AB70E378DB
:109EE000EB70A3882B71A3881B0A6B71A379AB71EC
:109EF000E37903F00103EB71A368AB608B88938077
:109F0000638BAB73638B1B0AEB73A38B2B74A38BD9
:109F10001B0A6B74E38BAB74E38B1B0AEB7494F832
:109F200020302B75D2E73E230B7004234B70142393
:109F300083E73E230B700C234B7004237DE73E2305
:109F40000B700A234B70032377E73E230B700D231E
:109F50004B70052371E705232370042359E7082379
:109F6000FAE730230B70032353E73E230B700B23D8
:109F70004B70072361E73E230B7006234B700C23C5
:109F80005BE713230B708B789B00013341E757236A
:109F90000B7002233DE73E230B700D234DE73E235C
:109FA0000B7001234B70112347E73E230B700623F0
:109FB0004B70122341E73E230B7009234B70132390
:109FC0003BE73E2303702420DFF7E4FA10B124239B
:109FD000132601E00E230F263246A11CE81CAB70AD
:109FE0000136FFF70FFD71E73E2303702520DFF7F1
:109FF000D1FAC0B125230A26AB70D4F80230C5F8D7
:10A000000330D4F80630C5F807306389A5F80B3063
:10A01000F01CE27A04F10C012844FFF7F3FCE37A28
:10A0200001331E4452E70F230726AB706388A5F85F
:10A03000033023796B716379AB71A379EB71A37AE8
:10A040002B72E37A6B72E3E73E230B7003234B70B2
:10A050001023F2E63E230B7005234B702023ECE621
:10A060003E230B7009234B702123E6E63E23037049
:10A070002620DFF78FFA10B126231726ACE7182326
:10A08000A6E73E230B7004234B702723D5E63E231F
:10A090000027037028233A468370D1F80230C0F8B5
:10A0A0000330A979FBB2994205D8053296B2002E49
:10A0B0007FF40CAFAEE6961DD31D0137A259A1194E
:10A0C000E818EA50063131F8023C063020F8023C2C
:10A0D00010F8018C4246FFF795FC06EB080292B29D
:10A0E000DFE73E232A200B70DFF754FA18B12B2349
:10A0F00063702A23A1E61D23637019239DE63E2386
:10A100000B7007234B701A2397E63E230B70142322
:10A110004B70222391E63E230B700B7C5B000F33C8
:10A120004B701D2389E63E230B7003234B701E23C7
:10A1300083E63E230B700B7D5B0013334B701B23B8
:10A140007BE63E230B7003234B701C2375E63E23F6
:10A150000B7005234B701F236FE6FF230B700B233F
:10A160004B70A22369E6FF230B7005234B70A323DA
:10A1700063E6FF230B700D234B7080235DE6FF2306
:10A180000B700D234B70822357E6FF230B700223C5
:10A190004B70832351E6FF230B7004234B70842301
:10A1A0004BE6FF23C21C037081238370D1F8033078
:10A1B00003F1280153F8040B8B4242F8040BF9D148
:10A1C000292683E63E230B700C234B70232334E6B1
:10A1D0003E230B700E234B7037232EE63E230B706D
:10A1E0000A234B70352328E63E230B70FE234B7069
:10A1F0002B2322E640F2692107E608B510B96FF07B
:10A20000150008BDFFF7CDFC0028F8D00020F8E7C6
:10A2100008B528B1FFF75FFD12280ED8102802D923
:10A220006FF0150008BD02280ED00C280CD00028B5
:10A2300014BF6FF00D000020F4E7462814BF6FF044
:10A240000D006FF02200EDE74FF0FF30EAE710B5A8
:10A250000C4648B141B1DFF7E7F8002820700CBF89
:10A260006FF02200002010BD6FF01500FBE70346E1
:10A27000022200201A70032258709A70B022D870FF
:10A280005A71672218719A716FF00702DA715022C1
:10A290001A726FF050025A726FF02D029A726FF0BC
:10A2A0006D02DA72704701F06DBA70B50446F9F7C5
:10A2B000E9FE012805461AD1601CF9F7EBFEB0B1A2
:10A2C000A3790020E61D63F03F03A371EEF712FBB4
:10A2D00038B1102200213046FFF72AFB00202570FC
:10A2E00070BD3046F9F7EEFE0028F2D0F6E7002503
:10A2F000F4E710B5044610220021FFF719FB04F122
:10A300001003102200211846FFF712FBF9F7F8FEA0
:10A310000020EEF7EFFA20B12046F9F7D3FE002037
:10A3200010BDF9F7AFFE0028F6D0F8E710B50446E7
:10A33000FFF7E6F8B0F5007F09DA10F5007F08DDD9
:10A34000031EB8BF03339B100020237010BD7F2372
:10A35000FAE76FF07E03F7E702F0D7B8ECF7E4BD59
:10A36000ECF72ABE8178008802F09BB802F0B6B8FC
:10A370000078003818BF012001F0E1B9ECF7DCBD2E
:10A3800037B505460C4600880DF1060101F0D6FAF6
:10A390002B882380BDF80630638003B030BDECF716
:10A3A000D3BD02F03DBD0068F8F754BFECF7D8BD4F
:10A3B0000068E7F701BC006808B5E7F765FE002014
:10A3C00008BDECF7EBBD02F0BDBE0078003818BF49
:10A3D000012001F0AEBA08B5DFF7D4F8002008BDBF
:10A3E000EBF704BC01F097BB01F0DEB9ECF7E8BA7B
:10A3F00001F091B901F063BF01F0D7BC01F0A2BF39
:10A40000EBF7ECBD01F083BAECF7CAB8ECF768B92A
:10A4100001F07DB801F082B801F0CBB801F0E5B8E9
:10A4200001F09DBA01F00EBB01F0CCB901F060BBA8
:10A4300001F07CB901F02BB901F075BB03880B80EA
:10A4400001F0A1BF03880B8001F0ABBF01F074B82D
:10A4500001F095B801F0FDB801F009B901F0E9B8D3
:10A4600001F0DEB801F0E8B9EBF73ABC01F01ABA36
:10A4700001F0E8BE01F09DBB01F0CEBB01F044BF8E
:10A4800001F01BBD01F04CBD01F035BD01F03DBD3B
:10A4900001F0EFBB01F0FBBBECF7ECBA01F07BBDC8
:10A4A000ECF7A6BBEBF72EBD01F027BAECF7DEB850
:10A4B000ECF770BC01F00BBE01F010BE01F02ABE3B
:10A4C00001F037BE01F047BE01F050BE01F002B905
:10A4D00001F011B9EBF740BB01F097B901F04DBEA7
:10A4E00001F05EBE01F09DBE01F077BEECF700BD4D
:10A4F000EDF702BB02F073BCEDF772B9ECF770BD7B
:10A5000002F02BB802F058B902F082B9EDF79EBA0A
:10A5100002F0A0BC02F0A0BDEDF790BDEDF70ABBC4
:10A5200002F0DDBD01F0BDBE02F076B902F0BDB9AA
:10A53000EDF794BA02F0BABB02F0E7BB02F0FCB947
:10A5400002F05CBA02F01EBA02F0BCB901F0EDBF35
:10A55000F8B5941C0E46054617460C446343B3F504
:10A56000004FA8BF4FF0FF3310F003019CB203D09F
:10A57000B0211420DEF7A2FCB4F5004F01D9B121BF
:10A58000F7E714220430FFF7D3F9EF746C802E80C4
:10A59000F8BD0188C27C438810B48C1C1444A4B25A
:10A5A000B3FBF4F310BCDBB2FFF7D2BF38B50388BE
:10A5B000C4888B420589C4F30E0203D2D121142032
:10A5C000DEF77CFC84EA0503C3F30E030BB9AC424F
:10A5D00006D102F118030122C1528274184438BD19
:10A5E0001846FCE7023101444A43B2F5004FA8BFC8
:10A5F0004FF0FF3290B21B3020F00300B0F5004F57
:10A6000034BF00B24FF0FF30704740881B3020F05D
:10A610000300B0F5004F34BF00B24FF0FF3080B2FE
:10A62000704738B503888B4203D2F7211420DEF738
:10A6300045FC857C65B1C388C3F30E031833C25A49
:10A640008A4207D3C152811DDEF7B8FF002383740D
:10A65000284638BD0025FBE703461830F0B59E8834
:10A66000DD88B4B2C6F30E06A54214D05F89DD7C46
:10A67000845B3D44E41B0235A4B2354428440D8874
:10A68000A54284BF0C8025465989B1FA81F1490958
:10A690001170DD81F0BD00252846FAE7F8B5828803
:10A6A0000026C38904460D4692B20E60CBB14189A3
:10A6B000C2F30E020B4418329BB28718825A4381B0
:10A6C000934204D94FF4A2711420DEF7F7FB04D1B2
:10A6D000011DDEF773FF46812F6000230120E38117
:10A6E000F8BD1846FCE78388014602899BB29A426E
:10A6F00002D00831DEF762BF70478388C0889BB202
:10A70000C31A5842584170470189C288C1F30E03E9
:10A7100010B5C2F30E044A4001881204A3EB0403EF
:10A7200001F102015CBF42889B18C27C0A4492B2CC
:10A7300093FBF2F080B210BD828873B595B2C488E5
:10A74000C2F30E02AC4202F1180212D04189C6894E
:10A75000835A314499420EDB0DF10601ADF80650E3
:10A76000DEF72CFFBDF80600001B18BF012002B069
:10A7700070BD0020FBE70120F9E770B5C4880346EF
:10A7800006891830C4F30E0584EA0602C2F30E02ED
:10A790000AB9B4420FD19C891A880CB1465B921B4E
:10A7A000914207DCDA7C2C440232224410440A46EF
:10A7B0001A8270BD00221046FAE7F8B5038A002B12
:10A7C00038D08B4236D3C48800F118038589C4F38E
:10A7D0000E041E1995B91D55757085891E5B0D44B3
:10A7E0003144ADB285811953D2B1811DDEF7E6FE49
:10A7F00000238381002303820120F8BD1E5BAE424B
:10A8000004D04FF4F6711420DEF758FBC57C2644C3
:10A81000878A023535445E195F53857DB570DCE764
:10A82000C27C254402322A4499189B5A83828B7831
:10A830008375DFE70020E0E78388C2889BB29A42F5
:10A8400006D0428922B9C3F30E0318331844704767
:10A8500000207047C37C0233C8187047C37C0233A2
:10A86000C81A70470230704738B58388C2889BB2D7
:10A870009A4207D045892DB9011DDEF79FFEC5819B
:10A88000012038BD0020FCE703881380C388C3F390
:10A890000E031833034480890B607047036800225D
:10A8A00023B9C0E90132031D0360704759681B6872
:10A8B0000A44F5E70729034670B504D84FF4EC7154
:10A8C0001520DEF7FBFA0068C0B1446806461A6836
:10A8D0008C4210D0106860B901F10805AC420DD36C
:10A8E000546850501868651A5418006865605050D4
:10A8F00002E01346E9E7146830461C6070BD00238F
:10A90000C1E9003203680B600160704730B590B157
:10A910008478B1FBF4F304FB131300EB4302528978
:10A920008A4201D1D8B230BDC27822B900F1080301
:10A93000D0B2844201D8FF20F5E733F8025F01323C
:10A940008D42F5D1EFE78278038805324B4303EB64
:10A95000420318447047002307B5CDE900338DF852
:10A9600006006846DFF714F8B0FA80F0400903B03B
:10A970005DF804FB37B500240546CDE900448DF8A9
:10A9800006006846DFF704F8224601340028F8D0B4
:10A990002846DEF745FF801AC0B203B030BD37B598
:10A9A00000240546CDE900448DF806006846ADF860
:10A9B0000440DEF7EDFFBDF8044008B103B030BD40
:10A9C00029462046DEF7C0FF0028EFD040F21521CF
:10A9D0001720DEF773FA70B51E460D460921FFF702
:10A9E00001FE0446324609212846FFF7FBFD40EAF6
:10A9F00004031B0454BF00194FF0FF3070BDD31D7A
:10AA000023F0070370B5083390B110F0070403D0AA
:10AA100058212220DEF752FA04604FF6FF75C280FB
:10AA200000F108040A468180013A92B2AA4203D199
:10AA300003FB01F0083070BD0668266004601C440A
:10AA4000F2E718B1C2888188FFF7D9BF7047034683
:10AA5000EFF3108272B6006830B10168196000230C
:10AA6000037043708370C37002B962B67047EFF32E
:10AA7000108372B602680A60016003B962B670475B
:10AA8000EFF3108372B6006818B10068003818BF81
:10AA9000012003B962B67047012303707047F8B50F
:10AAA0000C46054611461E4684F001046400E4B2DB
:10AAB000FF23837003191B7D012B05D00134E4B201
:10AAC00003191B7D012B0AD105EB44073B8B3A8C04
:10AAD0009819904205DD00232C443B832375002008
:10AAE000F8BD05EB8404324660681844FEF78AFF1F
:10AAF0003B8B1E443E830023AB700120F0E781F0C6
:10AB00000101490010B5C9B2FF23837043181C7DB1
:10AB1000012C07D10C3120F8112002221A750023D4
:10AB2000837010BD0131C9B243181C7D012CF1D0D6
:10AB30004FF499710920DEF7C1F9024630B58378E8
:10AB400003F0FF00F3B9137D022B19D0537D022BC4
:10AB500015D10346012089B10024D5180C332C757A
:10AB600022F81340131803241C7502EB80035B6862
:10AB70000B6000F10C0332F813308B80012030BDE4
:10AB80000123E8E70020FAE7034630B5827802F0B7
:10AB9000FF00E2B99A7D022A17D0DC7D022C13D186
:10ABA000032281B11D1900200C34287523F81400EC
:10ABB00098180324047503EB82000C32406833F8C4
:10ABC000123008608B80012030BD0324E9E70020AB
:10ABD000FAE7037D012B01D1008B7047437D012BE8
:10ABE0000CBF408B00207047837D012B01D1808BEF
:10ABF0007047C37D012B0CBFC08B00207047038BB7
:10AC000023B9408B003818BF0120704701207047DE
:10AC1000838B23B9C08B003818BF012070470120F7
:10AC20007047027D022A01D1008B7047437D022BC1
:10AC300001D1408B7047032AF6D0032BF9D00020B6
:10AC40007047827D022A01D1808B7047C37D022B21
:10AC500001D1C08B7047032AF6D0032BF9D0002016
:10AC6000704708B5DFF726F820B1037823F0010319
:10AC70000370012008BD08B5DFF71CF8003818BFC5
:10AC8000012008BD10B5044601F11B02002001217E
:10AC9000FFF7B5FE083C0838B4FBF0F080B210BDF9
:10ACA0002DE9F0410646069898460D4643071146A1
:10ACB0009DF81C7002D010F0030003D025214C2019
:10ACC000DEF7FCF84FF48B72FFF799FE002F06AB0E
:10ACD000044600FB08F114BF00201846DEF790FC84
:10ACE00017B9069B33602C60BDE8F0812DE9F04177
:10ACF000064615460F46C9B111463846FFF7DAFD3C
:10AD0000044698B1314606F11B082846FFF7BAFF02
:10AD10000646014642460020FFF771FE0EB185420D
:10AD200008D22A4621463846FFF7E9FD002420468E
:10AD3000BDE8F081424631462046FFF760FEF6E767
:10AD4000DFF7B4B800EA400000EA400000EA400043
:10AD500000EA400000EA400000EA4000B0FA80F05B
:10AD60004009704708B5034610468B4209D03AB1F6
:10AD700083EA010003F08EFE01288CBF0020012031
:10AD800008BD0120FCE737B5002304460D46CDE998
:10AD900000336846DEF7FCFD30B10023CDE9003317
:10ADA00002238DF8063012E0009B2A462046196ADD
:10ADB000FFF7D8FF0028ECD0012003B030BD009B86
:10ADC0002A462046196AFFF7CDFF0028F4D16846CD
:10ADD000DEF7DEFD0028F2D00023CDE900330423A6
:10ADE0008DF8063007E0009B2A4620461968FFF7D9
:10ADF000B9FF0028E0D16846DEF7CAFD0028F2D08E
:10AE00000023CDE9003305238DF8063007E0009BD1
:10AE10002A4620461968FFF7A5FF0028CCD16846CE
:10AE2000DEF7B6FD0028F2D00023CDE90033092378
:10AE30008DF8063008E0009B2A462046D3F8BC1166
:10AE4000FFF790FF0028B7D16846DEF7A1FD002884
:10AE5000F1D00023CDE900330B238DF8063008E054
:10AE6000009B2A462046D3F8E410FFF77BFF00281A
:10AE7000A2D16846DEF78CFD0028F1D000224FF405
:10AE80004023CDE900236846DEF782FD58B1002358
:10AE9000CDE900330A238DF806306846DEF778FDE9
:10AEA00058B1002089E7009B2A462046D3F8E410D9
:10AEB000FFF758FF0028E6D07EE7009B2A46204691
:10AEC000D3F83C11FFF74EFF0028E6D075E738B500
:10AED0002325EEF7B5FC0446E9F7ECFF20B101218C
:10AEE0002046FFF750FF30B1013DF2D140F23A2148
:10AEF0000F20DDF7E3FF204638BD70B5232600257F
:10AF0000EEF79EFC0446E9F7D5FF20B1002120466C
:10AF1000FFF739FF50B10020013E01D00028EFD0EB
:10AF20004DB940F215210F20DDF7C8FF2046254618
:10AF3000E9F7F6FFF0E7284670BD01EB8101C1EBB0
:10AF4000C10189B230B501F12A0411F0010F04F0FA
:10AF50007F020CBF00254FF47C4514F0020F4FEA2E
:10AF6000820304F030044FEA520208BF002103F4C8
:10AF7000807318BF4FF4207102F00602134323437D
:10AF80002B430B4380EA034030BD00F0FD00003846
:10AF900018BF012070478207034607D410F0010054
:10AFA00005D1C3F380039B00D8B2704702207047DD
:10AFB0004207034607D410F0010005D1C3F3400354
:10AFC0005B00D8B27047042070476FF45063C31819
:10AFD000062B8EBF40F2E243A0F550604FF47A7327
:10AFE0005843704770B5B0F801500346AAB2B2F5A5
:10AFF000FA7F2CD2B0F8034043F6F670A4F10A02AF
:10B0000092B2824223D85A791F2A20D812F008001F
:10B010001DD102F01706172E17D01B78032B16D858
:10B02000002B14BF012600268E730DD042F210763D
:10B030008A720D8174434C605C1E18BF01240C732E
:10B04000DC1E634263414B7370BD0C20FCE7122091
:10B05000FAE710B50C4602F0A2FC08B1002010BDC2
:10B060002278636862B993F8F001C0B293F8AE3009
:10B07000002BF3D100F0FB00003818BF0120EEE7F1
:10B0800093F80402F1E710B5044638B1EDF732FA4F
:10B0900024EA0000B0FA80F0400910BD0120FCE76E
:10B0A00013B501210020DEF739FC044688B90121DF
:10B0B0000846DEF733FC0446C0B90023CDE900336F
:10B0C00003238DF806306846DEF762FCC8B1002025
:10B0D0000AE0A830E4F7B4F90028E8D02046E2F707
:10B0E000D9FE0028E3D0012002B010BDA830E4F75B
:10B0F000A7F90028E1D02046E2F7CCFE0028DCD0FA
:10B10000F1E7009C204604F0BEFD0028DBD020467D
:10B1100004F0B4FF0028D6D0E5E7002307B5CDE959
:10B12000003303238DF806306846DEF731FC08B1A2
:10B13000002004E0009804F0A6FD0028F4D003B03D
:10B140005DF804FB13B501210020DEF7E7FBC0B971
:10B1500001210846DEF7E2FBF8B9FFF7DEFFA0B9F0
:10B1600006236C46019000908DF806302046DEF7ED
:10B170000FFCC0B100230093636007238DF80630F5
:10B180001FE0A830E4F75CF910B1012002B010BD57
:10B19000E2F772FF0028DBD0F7E7A830E4F750F9B8
:10B1A0000028DAD0F1E70098403004F0DDFA0028FA
:10B1B000DCD0EAE7009B586F503004F0D5FA002845
:10B1C000E4D12046DEF7E4FB0028F3D00020DDE7E1
:10B1D0001FB5002240F6881303A90092FBF74CFC30
:10B1E00005B05DF804FB38B540F2E2450C46B0F816
:10B1F0000310B0F801002A4669436843EFF7B8FD31
:10B20000A4F85C50A06538BD70B505460C4604F046
:10B210003AFDF0B9284604F083FED0B90421204657
:10B22000DEF77CFB064678B906212046DEF776FB82
:10B23000054680B903212046DEF786FB88B141F63A
:10B24000D6213920DDF73AFE403004F08DFA00288F
:10B25000EAD00C2010E0403004F086FA0028E9D053
:10B26000F7E73EB104212046DEF76EFB10B141F650
:10B27000DD21E6E70DB9002070BD06212046DEF78E
:10B2800063FB0028F7D041F6E421DAE730B5044645
:10B2900085B0807A0D46FFF78BFE0146E07AFFF716
:10B2A00087FE22890346E0889624D2B20095C0B278
:10B2B000CDE90144E6F702FF05B030BD1FB5B0F897
:10B2C000B6310293B0F8B431CDE9001390F8B03044
:10B2D000827F90F8901190F8C600E6F7EFFE05B077
:10B2E0005DF804FB38B504460D46EDF7F9F8830028
:10B2F00001D40C2038BD20460921DEF70FFB04469F
:10B3000048B1E6F701F80028F3D02A462146BDE807
:10B310003840E8F71BBF0220ECE703880B808178F8
:10B3200098B2FFF7DFBFF0B585B00C46064615466C
:10B3300003A99DF83870E5F755FE18B9039BDA7B31
:10B3400012B9112005B0F0BD93F820309BB90398D5
:10B350008389032B01D8002FF3D10D9B80F848700F
:10B3600006800C99C0E9055400930194DDE90A2395
:10B3700007F001F9E6E70C20E4E708B5CB1E012B46
:10B3800004D8800100F5347080B208BD012902D1D3
:10B390000A30C000F8E7022902D10B308000F3E741
:10B3A00040F2BB210620DDF789FD08B5CB1E012B3D
:10B3B00004D8800100F5347080B208BD012902D1A3
:10B3C0000A30C000F8E7022902D10B308000F3E711
:10B3D00040F2BB210620DDF771FD08B5CB1E012B25
:10B3E00004D8800100F5347080B208BD012902D173
:10B3F0000A30C000F8E7022902D10B308000F3E7E1
:10B4000040F2BB210620DDF759FD38B50D46044654
:10B41000DEF7D0FBA84212D3204604F081FE08B12B
:10B420001F2D0ED8204604F0D2FD60B129462046DB
:10B4300004F006FE00280CBF4520002038BD072080
:10B44000FCE71220FAE74220F8E738B5044604F09A
:10B45000BEFDD0B1204604F016FC08B9002038BD6E
:10B46000204604F029FB0546204604F028FB70B96D
:10B47000002DF3D002212888DEF766FA0028EDD0EF
:10B4800041F6E4413920DDF719FD4220E7E70C20C1
:10B49000E5E710B50446FFF740FE58B9012100204A
:10B4A000DEF73CFAD0B901210846DEF737FAD8B901
:10B4B000012009E0ECF7D6FF68B1EAF7B9F80446D5
:10B4C00004F013FE08B1002010BD204604F009FE70
:10B4D0000028E3D0F7E7002CE0D1F4E7A830E3F749
:10B4E000AFFF0028DFD0EEE7A830E3F7A9FF80F038
:10B4F0000100C0B2E8E7037843B1406890F8D23168
:10B5000023B1002380F8D231F0F7FAB9704710B5B3
:10B510000446EFF7F1F82070002010BD10B5FFF7DA
:10B52000BFFD044630B9EFF7E1F82046EDF756FBD2
:10B53000204610BD0C20FCE710B503780446012B13
:10B5400001D9122010BDFFF7FDFD60B92078FFF78B
:10B550001CFD01280DD004F11703E21D611CBDE89C
:10B560001040EDF765BBEDF7F5FB0028EED00C20A1
:10B57000E8E7A37903F0C003C02BE2D1EBE710B5F5
:10B5800003780446012B0AD8FFF7DCFD48B92146B1
:10B5900011F8010BFFF7F9FC02F0DCF938B91220C1
:10B5A00010BDEDF7D7FB0028F1D00C20F8E7002004
:10B5B000F6E710B50446FFF773FD90B9207801282F
:10B5C00003D9FF2809D0122010BD611CFFF7DDFC54
:10B5D000EFF798F838B10020F6E70120EDF7FEFA12
:10B5E000F9E70C20F0E70720EEE710B50446FFF777
:10B5F00057FD98B92378012B03D9FF2B0BD01220CC
:10B6000008E01846611CFFF7C0FCEFF7A7F8002818
:10B61000F5D0002010BDEDF7E1FAFAE70C20F9E7CC
:10B6200008B50088EDF79CFB00280CBF30200020F7
:10B6300008BD38B50546FFF785FD044638B92878BA
:10B64000003818BF0120EDF77FFB204638BD0C20E5
:10B65000FCE708B5FFF776FD18B9EDF765FB0020AC
:10B6600008BDEDF777FB0028F7D00C20F8E708239A
:10B67000037000207047102242F277030270C270FC
:10B680005922A0F801308280C38000207047082131
:10B6900008B5DDF7BBFE002008BD73B5064600887F
:10B6A0000D460880694680B202F079F9044678B9FF
:10B6B000B3784BB9019B93F97C00A870F8F75CFB59
:10B6C000A870204602B070BD7F20FFF781FDF4E72F
:10B6D0000224F6E710B504466FF07F00FFF778FD0F
:10B6E000F8F74AFB20707F20FFF772FDF8F744FB64
:10B6F0006070002010BD10B50446F8F77FFB00EB2A
:10B7000080035B002380F8F77FFB00EB80030020C1
:10B710005B00638010BD10B50446E9F789FF04F0B3
:10B72000DDFCF8F729FB2070002010BD0A4600F16F
:10B73000100108B50723FDF7D9FE002008BD01213F
:10B7400038B505460846DEF7E9F820B940F623216A
:10B750003920DDF7B3FBA830E3F772FE044620B9C9
:10B760002846E4F7CBFE204638BD0C20FCE710B598
:10B77000014604460020EDF7A3F808B92060A08038
:10B78000002010BD10B50446ECF740FE28B900209B
:10B790002146EDF77DF8002010BD0020FFF779FE6F
:10B7A0000028F4D10C20F7E710B504460120FFF77C
:10B7B00070FE28B101202146EDF76AF8002010BD87
:10B7C0000C20FCE737B500880C460D46694624F886
:10B7D000020B80B202F0E3F8034680B9019A02F14D
:10B7E000960582F8CB30296821602979217192F879
:10B7F000CB1001F0FF000029F3D103B030BD0023CE
:10B800000220C5F802302371F7E710B50446FFF7B0
:10B8100099FC58B92078611CFFF7B7FBE279EDF786
:10B8200027FC80F001004000C0B210BDEDF792FA95
:10B830000028EFD00C20F8E773B500880D4608808B
:10B84000694680B202F0ABF8044680B9019E86F8E2
:10B85000764096F87400E9F75DFDA87096F87500DB
:10B86000E9F758FDE87096F87630002BEFD12046C6
:10B8700002B070BD10B583880446022B10D8C07882
:10B88000FFF701FC08B9112010BDA078FFF7FBFB02
:10B890000028F8D020460121BDE81040E9F7E2BEBB
:10B8A0001220F1E737B58378C17803F001040279FB
:10B8B00003F0020351EA04051DD052EA03051AD031
:10B8C000002C18BF0021002B037818BF00228DF830
:10B8D00002108DF80320427843EA0223ADF80030CD
:10B8E00043798279684643EA0223ADF80430FFF7D2
:10B8F000C1FF03B030BD1120FBE710B504460020A6
:10B90000ECF7AAFD2046BDE81040EAF79DBB07B55D
:10B9100003788DF80030437868468DF801300023B5
:10B92000ADF80230ADF80430EAF78EFB03B05DF8F5
:10B9300004FB08B5F5F7A8FC002008BD13B50C46BC
:10B94000694602F02CF830B9019B9DF80020B3F84D
:10B95000863012B9238002B010BD0133FAE72DE919
:10B96000FF41044602A90088FFF773FB002861D05D
:10B970009DF8083023B11126304604B0BDE8F081AF
:10B98000039DA28865B1E9691046FFF71EFB884256
:10B9900006D16B8E6089A189884203D91226EBE714
:10B9A0000123F7E70193284623890093E388618800
:10B9B000E9F732FB804600283ED095F8523203F07A
:10B9C000FF06002B3AD1A088FFF7FFFA074605F1E2
:10B9D0003C0002F08EFF76308742CCD3A3886FF410
:10B9E00050621344062B8ABF40F2E2436423B04600
:10B9F000BB42D3D2B8F1000F05D0B5F8741040F2B5
:10BA0000022291421CD1A5F83E32C5F84472E27977
:10BA1000A37943EA0223A5F84832237A627A43EAFB
:10BA20000223A5F84A32002385F85032FF2385F817
:10BA30005232A1E702269FE730269DE73A269BE790
:10BA40000C2699E713B5044602F04CF800284DD0B7
:10BA50002046FF24EDF782FB0023CDE90033684642
:10BA6000DDF796FF48B300244FF44033CDE900439F
:10BA7000FF246846DDF78CFF18B300204FF48023C5
:10BA8000FF24CDE900036846DDF782FFE8B100211D
:10BA90004FF4C023FF24CDE900136846DDF778FF9B
:10BAA000B8B100224FF42023CDE900236846DDF72A
:10BAB0006FFF90B1002002B010BD009B83F83542AB
:10BAC000CDE7009B83F88A40D3E7009B83F834409E
:10BAD000D9E7009B83F83440DFE7009B93F83820D8
:10BAE000032AE3D1FF2283F82220DFE71220E2E7D6
:10BAF00007B500886946FFF7ACFA50B1019B93F88F
:10BB0000332112B9FF2283F83321002003B05DF8FE
:10BB100004FB0220FAE710B50446ECF7E1FC2060D4
:10BB20000020616010BD70B5002105460088DDF77A
:10BB3000F5FE0446B8B390F8F031DBB290F8AE20D1
:10BB400012B10C26304670BD13F0FB0FF9D090F8FF
:10BB5000823203F0FF0643BB90F8E030DB0726D5C6
:10BB6000D0F81C31002BECD1D5F8023000F51A7258
:10BB7000C0F87832D5F80630C0F87C326B89A0F86E
:10BB8000803205F10C031C3553F8041BAB4242F81C
:10BB9000041BF9D10C2104F51570DDF737FCFF23E8
:10BBA00084F88232CEE70226CCE73A26CAE71A2684
:10BBB000C8E7F0B5044689B000200E4604F1180726
:10BBC000ECF74AFC23466A461868083353F8041C0D
:10BBD0001546BB4203C52A46F6D119889B782980B1
:10BBE000AB7000238DF81B308DF81C30637E042B66
:10BBF00010D8A37E042B0DD8237D022B0AD06378A6
:10BC000003F01803082B05D031466846EAF7DCFD3F
:10BC100009B0F0BD1220FBE7F0B5044689B0002062
:10BC20000E4604F11807ECF717FC23466A4618681D
:10BC3000083353F8041C1546BB4203C52A46F6D107
:10BC40001B782B7000238DF81930ADF81A308DF861
:10BC50001C30237D022B0AD0637803F01803082BD5
:10BC600005D031466846EAF7AFFD09B0F0BD1220B5
:10BC7000FBE710B5032104460078DDF74FFE20B145
:10BC80002178BDE81040FFF7BFBA422010BD13B5C0
:10BC900000200024ECF7E0FB0323CDE900448DF8FD
:10BCA00006306846DDF774FE10B1204602B010BDC4
:10BCB000BDF804100098FFF7A7FA002818BF0C245D
:10BCC000EFE72DE9F7430646477803210078DDF7D3
:10BCD00025FE0446002852D004F022FA042F05461F
:10BCE00096F8039004D1B9F1000F4ED0122013E062
:10BCF000E06CFEF76EFFF37800EB09081FFA88F896
:10BD00006BB9204604F0C7F980450ED9204604F0EF
:10BD100007FA0028EAD1072003B0BDE8F0832046E7
:10BD200004F0CBF90028ECD1E0E741462046FFF7CC
:10BD30006CFB0028F0D1FB1E012B22D9B9F1000FBA
:10BD4000D4D0002DD2D1012F04D10222E16C68465B
:10BD5000DDF748FF4B4672680121E06CFEF79FFE5D
:10BD60000028D8D0023F012F07D8E06CFEF731FF42
:10BD700001210246E06CFEF7C2FE0020CCE7422023
:10BD8000CAE785F00102D2B2E0E70028AED1204632
:10BD900003F079FF0028A9D0E06CFEF730FF0028FF
:10BDA000A4D0204604F0ECF9E7E737B50446E9F7FC
:10BDB0003FFC054623781F2B18D8C16C0422684627
:10BDC000DDF710FF22460021E86C12F8013BFEF778
:10BDD00066FE68B1EC6C2046FEF706FF00210246C5
:10BDE0002046FEF78CFE002003B030BD1220FBE79A
:10BDF0000720F9E72DE9F7430746467890F80390C6
:10BE000003210078DDF78AFD044600284FD0ECF7C7
:10BE100029FB30B1204604F068F9002808BF4FF034
:10BE20000009E06CFEF7E0FEFB7800EB09081FFA62
:10BE300088F84BB941462046FFF7E7FA054650B16E
:10BE4000284603B0BDE8F083204604F04EF90028F0
:10BE5000F0D11225F4E7042EFBD0032E0CD120469E
:10BE600004F05EF908BB012E14BF05220622E16C26
:10BE70006846DDF7B7FE08E0B9F1000FE9D02046CB
:10BE800003F001FFA8B9012EE9D04B467A680021E2
:10BE9000E06CFEF704FE70B1023E012ED0D842469F
:10BEA0000021E06CFEF72BFECAE70422DFE7422503
:10BEB000C6E70C25C4E70725C2E713B504460020F2
:10BEC000ECF7CAFAE378FB2B13D8227804346846DF
:10BED0008DF803308DF8002014F8022C8DF8022024
:10BEE00014F8032C01948DF80120FFF783FF02B0B2
:10BEF00010BD1220FBE710B504460020ECF7ACFAA9
:10BF0000DDF758FE2080002010BD10B5044600204B
:10BF1000ECF7A2FA0320DDF783FC2070002010BDAF
:10BF200073B504460020ECF797FA63787BBB23785F
:10BF30003BBB01936C46009303238DF806302046EB
:10BF4000DDF726FDD0B90098FFF77FFA0028F6D07C
:10BF500018E09E00032104EB83039878DDF7DEFCF4
:10BF6000B8B12378012B0BD1B11C2144E9F7F2FCC5
:10BF7000013538B96278EBB29A42EAD8002001E084
:10BF800013B1122002B070BDFFF75FFAF0E7002591
:10BF9000F0E74220F6E72DE9FF410646032100784D
:10BFA000DDF7BCFC0746002800F0898004213078CA
:10BFB000DDF7B4FC044668B906213078DDF7AEFC45
:10BFC000044618B90C2004B0BDE8F08190F8E530C3
:10BFD000002BF7D17378042B17D104F1400003F044
:10BFE000C3FB08B91220EEE7A068FEF708FE0028A0
:10BFF000F8D0B378002BF5D17378033B012BF1D83F
:10C000007378012B0ED102220FE0B278002AF3D010
:10C01000033B012BF4D904F1400003F0A5FB0028F9
:10C02000EED0CFE7032B04D10122A16802A8DDF7EF
:10C03000D9FD7378042B3ED0B378F21C0121A0689F
:10C04000FEF72DFD00283CD0A068FEF7C2FDE28D72
:10C05000804694F8300094F834104FF6FF7301F0E6
:10C06000FF0581BB9A4213D000280CBF23253B2536
:10C070007B79414600952046D4F8982004F05CFD79
:10C08000024658B9A0680121FEF739FD45209AE71C
:10C0900094F83530002B18BF0925E9E77B79237424
:10C0A0007378023B012B04D842460121A068FEF7B9
:10C0B00026FD002087E7204604F04CFDF9E74220EA
:10C0C00081E707207FE79A42CED10925D0E708B55E
:10C0D000E1F7A8FF002818BF0C2008BD38B50521DE
:10C0E00005460088DDF71AFC88B1503003F01DFCCE
:10C0F000044620B142F2F6113920DCF7DFFE0521BB
:10C100002888DDF721FC18B142F2F711F4E7422448
:10C11000204638BD10B50446E1F7AEFF38B92146D8
:10C12000E27911F8010BBDE81040DDF713BE0C20D9
:10C1300010BD10B50446E1F79FFF50B92146E279E2
:10C1400011F8010BFEF78DFD00280CBF42200020E6
:10C1500010BD0C20FCE710B5E1F78EFF044618B9BE
:10C16000DDF7DAFD204610BD0C20FCE710B50446D3
:10C17000DDF7CCFD2070002010BD10B50521044670
:10C180000088DDF7CBFB48B1A378C3F30003C37489
:10C19000A378C3F340030375002010BD4220FCE7E1
:10C1A000038810B50B80044605218088DDF7B6FBB7
:10C1B00088B10721A088DDF7B1FB034620B190F8D4
:10C1C0003530003B18BF0123A28861882088BDE874
:10C1D0001040E9F71BB8422010BD038870B50B80F2
:10C1E000044604210079DDF799FBA0B906212079E6
:10C1F000DDF794FB88B190F8E5500235EDB24030A0
:10C2000003F0B2FA58B12B46227961882088BDE844
:10C210007040E8F7FBBF0225F1E7422070BD0C201B
:10C22000FCE710B50446008808800F2180B2DDF7D6
:10C2300075FB014620B1A01CBDE81040FEF7D2BE40
:10C24000022010BD38B5032105460078DDF766FBF6
:10C250000446A0B103F017FD28B92046691C03F07D
:10C2600012FF002038BD204603F03FFF08B10C202C
:10C27000F8E7204603F035FF0028EED0F7E742202C
:10C28000F0E708B51A20ECF7F3F8BDE80840F4F73A
:10C2900049BD08B51A20ECF7EBF8BDE80840F2F705
:10C2A00059BD07B50088694601F079FB28B9684691
:10C2B00005F034F903B05DF804FB0220FAE737B566
:10C2C0000446E9F7B5F9054623781F2B18D8C16C49
:10C2D00000226846DDF786FC22460121E86C12F850
:10C2E000013BFEF7DCFB68B1EC6C2046FEF771FC0D
:10C2F000012102462046FEF702FC002003B030BDBB
:10C300001220FBE70720F9E713B504460020ECF7FD
:10C31000A3F8E378FB2B13D82278043468468DF811
:10C3200003308DF8002014F8022C8DF8022014F848
:10C33000032C01948DF80120FFF7C3FC02B010BD5F
:10C340001220FBE773B505460026E9F771F90446AC
:10C350008DF8046003F0D1FE2B78C0018DF80760E2
:10C36000012BADF8050005D101A92046E9F7F2FA45
:10C3700002B070BD2BB9204602B0BDE87040FFF797
:10C3800064B81220F4E710B5022104460088DDF7F6
:10C39000C5FA20B1A11CBDE8104004F021B902206B
:10C3A00010BD08B502210088DDF7B8FA20B10021E0
:10C3B000BDE8084004F014B9022008BD37B50446B2
:10C3C00000880D460880092180B2DDF7A7FA10B178
:10C3D0000C2003B030BD0B212088DDF79FFA002828
:10C3E000F6D10C212088DDF799FA0028F0D16946B2
:10C3F000208801F0D4FA0028EBD1019BB3F8BC30BF
:10C400006B80E6E737B5044600880880092180B2D2
:10C41000DDF784FA10B10C2003B030BD0B21208869
:10C42000DDF77CFA0028F6D10C212088DDF776FABA
:10C430000028F0D163880BB91220EDE76946208807
:10C4400001F0ADFA0028E7D1658842F21072019B35
:10C45000A9B2DC6951435A8E62439C8C04FB0222D0
:10C460009142E9D3DA69DC699442FBD10022A3F856
:10C47000BC50C3F8B420621E0A44B2FBF4F2C3F805
:10C48000B820C9E713B500880C460880694680B219
:10C4900001F085FA18B9019B93F88B30A37002B0B4
:10C4A00010BD10B50C460221DDF738FA90B1022C10
:10C4B00012D804F00102C4F3400480F8D52180F8BA
:10C4C000D44112B190F8D2310BB9002010BDEFF772
:10C4D00017FAFAE70220F9E71220F7E710B5044649
:10C4E0000078FF280AD00321DDF718FA58B16378E5
:10C4F000A27843EA0223C384002010BDB4F80100EF
:10C50000EFF720FBF8E74220F7E710B50446007884
:10C51000003818BF0120F3F785FA2078003818BFDB
:10C520000120EFF7D9F9002010BD10B50446EBF754
:10C5300099FF50B1E9F77CF86178C1F3400201F04E
:10C54000010103F021FE002010BD03212078DDF75A
:10C55000E5F90028F0D14220F6E72DE9F74F0378FE
:10C560000646013B1E2B03D9122003B0BDE8F08F15
:10C57000EBF7B6FFC80701D40C20F6E730780022AD
:10C58000D1B288420ED800273378FDB2AB421DD815
:10C590004FF00008C14633785FFA88FA534544D813
:10C5A0000020E2E706EB8203B3F801500023DCB27F
:10C5B0008C4205D006EB8304B4F80140AC42D3D0E2
:10C5C0000133DCB2A042F2D80132D9E706EB85058F
:10C5D0000021B5F80300DDF7A1F9044608B90220EF
:10C5E000C3E724220021EDF7D1F8002840F0DD80D8
:10C5F0000921B5F8010094F88232DDF78FF900289F
:10C60000EDD0D4F88432002BB6D1B0F8AC214FF67F
:10C61000FF739A4240F0CB8094F8E330190702D4BC
:10C62000FF2384F833310137AEE706EB8A0A09218C
:10C63000BAF80100DDF772F908210446B0F8AE013E
:10C64000DDF76CF905460021BAF80300DDF766F95D
:10C65000074625B942F6DE313920DCF72FFC10B948
:10C6600042F6DF31F8E70123204685F89030E4F701
:10C6700019FEEFF3108372B6D7F81C21C4F8152207
:10C6800004F21522C7F81C2103B962B6FF2387F80C
:10C690008832388805F035F800B394F89021022AE2
:10C6A00033D004D8012A08D0DC21B420D5E7033ADE
:10C6B000012AF9D800F11E0101E000F10A0194F805
:10C6C000B020022A2AD023D8012AEDD100F10A0392
:10C6D0000A89DB88A4F8B621A4F8B43105F1200B4F
:10C6E000584603F041F800284AD1D5F89C30002B79
:10C6F0005FD06FF404721344D3F8112283F8C89109
:10C700007AB16FF40473D318F6E700F11401D6E799
:10C71000033A012AC8D800F11E03D9E700F1140337
:10C72000D6E701222846019384F8C82183F8C42162
:10C73000E7F73AF92846E7F7F5FAE8B1019B6968A7
:10C74000D3F89C21B1FBF2F002FB1011A1B993F8D0
:10C75000C700DB7FD5F89410834201F23A2138BF3D
:10C760000346013B02FB131101225846EEF79EF8E7
:10C7700048B142F66B416FE7296901F23A21F3E7CC
:10C78000012384F8C831FEF7A2FBBAF80330C4F8DD
:10C79000BC0104F2192424F86D3C08F10108D7F813
:10C7A00084322360C7F88442F5E64520DDE60B209D
:10C7B000DBE642F61E414FE738B500784FF6FF75CD
:10C7C0000870E5F709FAA84204461DD00821DDF7F4
:10C7D000A5F820B942F690413920DCF76FFBD0F87C
:10C7E0009C304BB16FF404721344B3F8AC21AA42ED
:10C7F0000CD1D3F81132F4E708212046DDF7A4F874
:10C8000018B142F69E41E7E7022038BD0C20FCE754
:10C8100000210088FEF766BD38B583780446012BF9
:10C8200007D80388292B34D005D8202B0BD0262BF2
:10C8300014D011202CE02F2B30D0492BF9D1EBF75D
:10C8400055FE417807E0EBF74BFE0546EBF748FE57
:10C85000010F41EA557101F0010103E0EBF740FEE1
:10C86000C1F34011A378012B01D10029E1D00020B0
:10C87000FEF771F805460220FEF76DF89DB990B9F4
:10C88000A3782088012BC0B20AD1EBF7F1FD00207C
:10C8900038BDEBF725FEC1F30021E3E70021E1E716
:10C8A000EBF7FAFDF3E70C20F2E707B50378ADF8F4
:10C8B0000430437801A88DF80630FFF7ADFF03B0D0
:10C8C0005DF804FB038873B5064698B20C460B80EE
:10C8D000B0F5706F2ED201A9E4F76AFB69460546F0
:10C8E0003088E4F77FFB80B9009BD3F8B820C4F808
:10C8F0000220D3F8BC20C4F80620D3F8C020D3F817
:10C90000C430C4F80A20C4F80E3065B9019BDA6E51
:10C91000C4F812201A6F5B6FC4F81620C4F81A30DE
:10C92000002002B070BD022DFAD1831E584258413A
:10C930004000F6E71220F4E7038813B5044698B2E6
:10C940000B80B0F5706F19D2A378022B16D801A90D
:10C95000E4F72EFB18B9019BDA7F12B9112002B05F
:10C9600010BD93F830305BB90198A178838B032B0D
:10C9700001D80029F2D104F040FFF0E71220EEE7E1
:10C980000C20ECE7038813B598B20C460B80B0F589
:10C99000706F13D201A9E4F70BFB68B9019B93F800
:10C9A00055306BB1019B9A6CC4F80220DA6C1B6D98
:10C9B000C4F80620C4F80A3002B010BD1220FBE70C
:10C9C0001120F9E710B50446F2F7B8F940F27123E7
:10C9D000B0FBF3F02080002010BD02884BF23F51E5
:10C9E00008B5531E9BB28B4206D840F271205043CB
:10C9F000F2F7AAF9002008BD1220FCE7038873B5FE
:10CA0000054698B20B800023B0F5706F0C468B7012
:10CA1000CB700B714B718B71CB710B724B728B7234
:10CA2000CB720B734B733AD26946E4F7DBFA01A978
:10CA300006462888E4F7BCFA054610B146B1022044
:10CA400027E02EB10023019A92B942F6DC5103E0AF
:10CA5000009B23B942F6D2513920DCF72FFA93F824
:10CA60005030F3B10098F9F7C1FF8DB90123EAE71F
:10CA700092F855207AB1019804F0BDFE019B9A6CA2
:10CA8000C4F80220DA6C1B6DC4F80620C4F80A3022
:10CA9000002002B070BD002BFAD11120F9E712205E
:10CAA000F7E7002DCED0F8E737B504460D46B0F8CD
:10CAB000AE010821DCF732FF20B942F6F1513920EE
:10CAC000DCF7FCF965B194F8D83004F1BC010278C8
:10CAD000003B18BF0123C97A59B90C2003B030BDFF
:10CAE00094F8303004F114010278003B18BF0123A0
:10CAF000F1E7002BF1D132B15DB9204603B0BDE8BA
:10CB00003040F9F731BB203002F02EFE0028F3D17F
:10CB1000E3E7D4E93323002104F1B8000193B3FB28
:10CB2000F2F3DBB2013B53430093D4E97A23F9F7E4
:10CB30001BFFD3E773B504460E4690F8F4000A21B4
:10CB4000DCF7ECFE054620B942F626613920DCF719
:10CB5000B5F990F83830032B03D186B90C2002B018
:10CB600070BD022B09D1002EF8D194F8303004F1B9
:10CB70001402003B18BF012307E0002EF5D094F803
:10CB80002030221D003B18BF0123D27A002AE5D0B5
:10CB9000002BE3D105F1C80002F0E6FD0028DDD04E
:10CBA0009EB1B5F86C102046D4E905230193B3FB80
:10CBB000F2F3DBB201FB0333013B9BB2534300931F
:10CBC000D5E90C23F9F7D0FEC9E7204602B0BDE84D
:10CBD0007040F9F7C9BA38B504460D460AB951B9DB
:10CBE00025E090F830300BB90C2038BD90F8553066
:10CBF000002BF9D145B194F8D830002BF4D094F83B
:10CC00000831002BF0D1A2B10821B4F8AE01DCF755
:10CC100085FE20B942F699613920DCF74FF92030C2
:10CC200002F0A2FD0146204604F03DFE0DB90020B1
:10CC3000DBE704F1B800F9F7D9FEF8E770B5044670
:10CC40000D4690F8F4000A211646DCF767FE20B97D
:10CC500042F6A9613920DCF731F90EB975B91FE048
:10CC600094F830300BB90C2070BD94F85530002B7F
:10CC7000F9D190F83830022BF5D165B194F8203015
:10CC8000002BF0D094F85030002BECD190F83830D5
:10CC9000032BE8D136B10121204604F004FE0DB982
:10CCA0000020E1E72046F9F7A1FEF9E7038870B517
:10CCB000054698B20B80B0F5706F24D2AC78631E35
:10CCC000022B20D8092104F00106C4F34004DCF74C
:10CCD00025FE28B122463146BDE87040FFF77BBFF4
:10CCE0000B212888DCF71AFE28B122463146BDE820
:10CCF0007040FFF7A3BF0C212888DCF70FFE002847
:10CD0000F3D1022000E0122070BD0388F0B5044684
:10CD100098B287B00B80B0F5706F5AD2A378022B0F
:10CD200057D80C21DCF7FAFD002854D109212088BE
:10CD3000DCF7F4FD06460B212088DCF7EFFD054605
:10CD40003EB320B142F624713920DCF7B7F8082150
:10CD5000B6F8AE01DCF7E2FD10B942F62971F3E74F
:10CD6000D0E902230178002908BF1A464168A37858
:10CD70000493B1FBF2F3DBB2013B5343CDE9025321
:10CD8000D6E97A67CDE900672088FEF7CCFA07B0CC
:10CD9000F0BD10B30A2190F8F400DCF7BFFD10B924
:10CDA00042F63D71D0E7D0F82011426EA378B0F87A
:10CDB0006C6004936D69B1FBF2F3DBB206FB0333E5
:10CDC000013B9BB2A3FB0535CDE90263D0E90C67BB
:10CDD000D8E71220DBE70C20D9E70220D7E713B50C
:10CDE00000880C46088001A980B2E4F7FBF898B9E6
:10CDF000019B93F820209989D2B279B172B1D3E91D
:10CE000020210A430AD0B3F89020D3F888306280FA
:10CE100020726072A072636002B010BD0C20FBE74C
:10CE200013B500880C46088001A980B2E4F7DAF84F
:10CE300060B9019B93F820209989D2B241B13AB1EF
:10CE4000B3F89020D3F888306280636002B010BDE0
:10CE50000C20FBE72DE9F043C37885B00446012B95
:10CE600000F2F680037D1F2B00F2F280B0F815303F
:10CE700043F6F6720A3B9BB2934200F2E9800378D4
:10CE8000EF2B00F2E580B0F80130B3F5706F80F061
:10CE9000DF80C07D431E1E2B00F2DA8004F11701F3
:10CEA00000220B46154611F8012F561E1E2E00F2C9
:10CEB000CF80AA4240F2CC80163B1B1B9842F0DC8C
:10CEC000F6F74EF8FF2834D10521B4F80100DCF75D
:10CED00025FD0746002800F0BD80437E002B40F072
:10CEE000B980039302AD029300F10C060A238DF87A
:10CEF0000E302846DCF74CFD38B10C20FDF73AFD2A
:10CF0000E37D834219D90D2014E0029890F838305F
:10CF1000022BEED190F8A020BB7A9A42E9D100F121
:10CF2000A2013346FA7A90F8A10000F0E8FC00284C
:10CF3000DFD00C2005B0BDE8F0830A212078DCF7B3
:10CF4000EDFC0028F5D10A212078DCF7ABFC054682
:10CF50000028D8D004F05FF8022342F2107285F85E
:10CF60003830B4F815305343C5F82C31237885F8A0
:10CF70003930E37D2344DB7D85F83B30237E85F823
:10CF80003C30237D85F83D30E378002B14BF01232E
:10CF9000002385F85730BB7A85F8A030FB7A85F8F6
:10CFA000A13097F8BA3085F83231FB68C5F8A23065
:10CFB0003B8AA5F8A6300AD0231D05F1400204F1F2
:10CFC000140153F8040B8B4242F8040BF9D105F11C
:10CFD000C80004F11909EDF759FC94F8178008F11D
:10CFE000FF384FFA88F818F0800F07D02078F5F74F
:10CFF000ADFFFF2387F8393000209BE70C210DF1AE
:10D000000600DCF717FC08F1FF38064620B943F2AA
:10D0100046013920DBF752FF04F00AF9304604F0EC
:10D02000FEFBBDF80630A6F8F23019F8082086F8A5
:10D03000F02095F8572086F8EC202278338286F885
:10D04000F420D5F8983046F8F83FC5F89860CAE75C
:10D0500012206FE742206DE737B50546007808706B
:10D060000A21DCF75BFC0446A8B390F83830022BA9
:10D0700033D1F5F775FFFF2824D00023CDE9003325
:10D0800005238DF806306846DCF782FC30B9009B3A
:10D0900093F83920002AF6D083F83900FF20F5F7FD
:10D0A00055FF04F1C80002F040FC20B143F27F01BB
:10D0B0003920DBF703FF44212046F5F757FF002016
:10D0C00003B030BD0A212878DCF73EFC0028F6D0FA
:10D0D00043F28701ECE74220F2E70C20F0E710B5BD
:10D0E0000A2104460078DCF719FC034690B190F859
:10D0F0003820032A01D00C2010BD827E022AFAD0EB
:10D10000827F02F0FF00002AF5D16278DA77FF22F1
:10D110009A77F1E74220EFE70620EBF7A9B908B5C7
:10D1200024210120ECF70AFBBDE80840F3F70CBE10
:10D130000820EBF79DB90B20EBF79AB903F046BC3A
:10D1400003F078BA08B5C3780246013BD8B2042888
:10D1500001D9FE2806D11378042B03D1E2F730F968
:10D16000002008BD1220FCE710B5044604B910BD2C
:10D17000236898476468F9E703680BB90160704752
:10D180001A465B6813B18A42FAD170478A4218BFC7
:10D190005160704708B5F0F715F8EEF791FBBDE860
:10D1A0000840EFF7F7BF08B503F0ECFAE8F7CEFC5C
:10D1B000E0F720FCBDE80840EDF704BD08B5EDF749
:10D1C000F9FCF2F727FCE8F7C1FCBDE80840E0F7FE
:10D1D0006BBC08B5FE20E2F7F3F8BDE80840FFF7A6
:10D1E000E2BF08B5F3F78AFFBDE80840E8F708BAE0
:10D1F000002307B5CDE9003305238DF806306846D6
:10D20000DCF7C6FB28B103F085FD68B14FF4F87177
:10D2100007E00098503002F088FB0028EFD040F281
:10D22000ED119320DBF74AFE0520FDF7B8FBDCF794
:10D2300073FD03B05DF804FB08B5F4F7AFFAE0F74F
:10D240007BFCBDE80840E8F7EBB9F9F7F9B9002332
:10D2500013B5CDE9003308238DF806306846DCF7B6
:10D2600097FB58B10920FDF79AFB0820FDF797FBC3
:10D27000E4F768FC80B140F23B2107E0009C04F138
:10D28000200002F052FB20B140F22E219320DBF768
:10D2900015FEC4F89C00E1E702B010BD08B5E4F744
:10D2A00049FCBDE80840ECF727BF08B5E4F742FCAD
:10D2B000ECF722FFBDE80840EAF76EBF08B503F0BF
:10D2C000A1FEBDE80840F3F731BF08B503F09AFEB0
:10D2D000F4F79AFFBDE80840F4F74ABA08B5EEF74C
:10D2E000BBFAEFF747FF20B140F241119320DBF783
:10D2F000E5FD0320BDE80840FDF751BB08B502205D
:10D30000FDF74DFB0020FDF74AFBDCF7DDFBEBF7FB
:10D3100079FADDF773F920B140F221119320DBF7A0
:10D32000CDFD08BDFFF7EABF08B5FFF7D7FFF0F75F
:10D33000E3FE20B14FF4AB719320DBF7BFFD08BDD6
:10D3400008B5FFF746FF03F03DFB20B140F2A31103
:10D350009320DBF7B3FD08BD002307B5CDE900330B
:10D3600004238DF806306846DCF712FB38B103F071
:10D3700081FB48B140F2D9119320DBF79FFD009863
:10D38000403002F0D2FAEEE70420FDF708FB03B0CC
:10D390005DF804FB08B50A20FDF701FB0B20FDF743
:10D3A000FEFA0C20FDF7FBFA03F033FE20B140F249
:10D3B00046219320DBF782FD08BDFFF79FBF08B52C
:10D3C00000F09AFADDF7FAF80220FDF7E8FA0020FB
:10D3D000BDE80840FDF7E3BA08B5E0F7A5FBFFF7A5
:10D3E000EDFEFFF7ECFF03F0EFFABDE80840ECF7C5
:10D3F00009B810B5C378044691B163B90388012B0D
:10D4000001D95B082380ECF703FA2388B0FBF3F221
:10D4100002FB1300A070E37883F00103E37010BDFA
:10D42000002BF8D10388FE2BEDD85B009BB2FF2BBD
:10D4300088BFFF23E6E7837813B1013BDBB283703B
:10D44000B3FA83F0400970470123038040F20113CF
:10D4500043807047F9F786BE0B46152203F8032B6D
:10D46000D0F80920C1F80320427B1A7170470128C7
:10D4700004D1012914BF002001207047022801D1E6
:10D480000229F7E7042908BF04280CBF0120002067
:10D49000704737B504460D46E8F776F918B36FF4D0
:10D4A000B3730221E01803886846ADF8003034F801
:10D4B000F73CADF8023034F8F53CADF80430E8F74D
:10D4C000D1F818B14221AE20DBF7F8FCADF800002E
:10D4D0009DF80030002063F307009DF8013063F3EE
:10D4E0000F2003B030BD32232B70D4F80930C5F8BB
:10D4F00003300423ADF80030EAE708B5436893F839
:10D500008C201AB18521AE20DBF7D8FC212283F8CC
:10D510008C2008BD034610F0010007D19A0704D4FF
:10D52000C3F380039B00D8B27047022070472DE9F7
:10D53000F34B1646054610461F4646EA0104FFF720
:10D54000E9FF83460846FFF7E5FF89464BEA0404F6
:10D55000DDF8288001900443E4B2003C18BF0124A8
:10D56000EAF7C8FF064018BF5E46EAF7C3FF95F822
:10D57000742010EA0901019B18BF1946B24214BF7A
:10D580003346002388F8003095F875208A4208BF9A
:10D5900000210B4388F801100BD1B5F88630013F0C
:10D5A000FF1A47F6FD73BFB29F428CBF002404F000
:10D5B0000104C6B995F87400E7F7BCFE03280ED144
:10D5C00095F82C31012B0AD1B5F8302195F874303B
:10D5D000012A0AD1032B0AD0032388F80030204601
:10D5E00002B0BDE8F08B042EE9E7042BF7D004234A
:10D5F000F3E7042906D101280AD103210120518033
:10D6000013807047032903D1012801D00421F5E7D5
:10D6100000207047012807D0022805D003380128D0
:10D620008CBF0020012080007047182070477FB514
:10D630000B464468CDE9002118461146EAF7A6FFDB
:10D6400094F8746094F87550C3B2C0F30720B342E5
:10D6500008BF0023854208BF002084F83A3284F8CE
:10D660003B0204B070BD2DE9F74344680546884687
:10D67000914694F88D70002F72D194F88C30253B30
:10D68000022B67D9394601A8EBF7DEF8E0B1019B20
:10D690000DF10301DB788DF80330162294F88C002D
:10D6A000ECF700F9064688B102461621284601F03B
:10D6B000D4FA3223284684F88D3001F0AAFA3E4687
:10D6C000304603B0BDE8F0833946E6E798F801300C
:10D6D00013F0070236D098F8023013F0070331D068
:10D6E00084F86C2084F86D3094F82D311BBB94F8CD
:10D6F0002C31012B1FD094F8753094F86C20D91E72
:10D70000012998BF04239A4226D194F87430DA1E76
:10D71000012A94F86D2098BF04239A421CD16B68AB
:10D72000022283F82C21B4F87230B4F87020A4F8E7
:10D730003031A4F82E212323284684F88D3001F0BF
:10D7400068FABDE74A464146284603B0BDE8F043C3
:10D7500001F0AFBA2027B2E72846EAF75BFFEAE715
:10D760000126ADE770B54468064694F88D50A5F1E2
:10D770002103062B4DD92F2D4BD0002D47D194F8E6
:10D780008C30262B45D04B7813F0070335D08A78A0
:10D7900012F0070231D084F86D2084F86C3094F8D0
:10D7A0002D3113BB94F82C31012B1ED094F8753019
:10D7B00094F86C20D91E012998BF04239A4222D1E3
:10D7C00094F87430DA1E012A94F86D2098BF04236F
:10D7D0009A4218D10223B4F8702084F82C31B4F89E
:10D7E0007230A4F82E21A4F830312323304684F877
:10D7F0008D3001F00EFA284670BD30460978BDE83C
:10D80000704001F043BA3046EAF704FFEDE7012526
:10D81000F1E72025EFE713B5446894F88C30212B0D
:10D8200022D14B7813F007021AD08B7813F007033C
:10D8300016D000218DF804208DF80530ADF80610C3
:10D84000019AD4F82E11FFF7F2FE0123002084F88C
:10D85000CA302523A4F8C60084F88C3002B010BD6D
:10D860000023A4F83A32F0E70120F7E7436810B547
:10D8700093F88D200446B3F83A12232A15D181B9C2
:10D8800083F88D1093F82C31012B01D1EAF760FE5B
:10D890006368002283F82C212046BDE8104001F087
:10D8A000C9B9262283F88D20F6E793F88C20252A23
:10D8B0000DD141B983F88C10EAF74AFE6368002263
:10D8C00083F8CA2010BD262283F88C20F6E740F2A8
:10D8D000F231AE20DBF7F2FA08B5436893F88D20F9
:10D8E000232A05D022B14FF48061AE20DBF7E6FA9F
:10D8F000242283F88D2008BDEAF784BF704730B535
:10D9000042401C7808785D7860404C786C409D7887
:10D9100020448C786C40DD782044CC786C401D79B4
:10D920005B7920440C7949796C404B402044184481
:10D930001044B0FA80F0400930BD024600200139A1
:10D94000C9B2FF2900D17047535C83F0010303443F
:10D95000D8B2F4E708B5EAF7D9FF082807D0EAF704
:10D96000F7FF082803D0EBF707F8012008BD0020D7
:10D97000FCE708B5EAF7CAFF082803D0BDE808406D
:10D98000EAF7E6BF08BD08B5F6F7DCFA18B1BDE85E
:10D990000840F6F709BB082008BDF6F7D3BA38B53A
:10D9A0000C4600210546DBF7B9FF606018B1002383
:10D9B0000020237038BD02212846DBF7AFFF6060EE
:10D9C00008B10123F4E70220F4E770B504460D46E0
:10D9D00041BB4FF43E72FBF7ABFF012384F8E650E6
:10D9E00084F895306FF0360384F8E130042384F82E
:10D9F000E2306FF03B0384F8E3306F2384F8E430C7
:10DA00006FF03C0384F8E5306FF07F0384F8E73073
:10DA10002B2384F8E030FE2384F816317F2384F82A
:10DA20008B3070BD012911D10023A0F8DC3180F8C2
:10DA3000D33140F6B833C269A0F8BC301146C38C6C
:10DA400004F18000BDE87040EBF738BB0229E8D153
:10DA5000B0F8CE32D0F8C822C169F1E770B50446FB
:10DA60000D4641BB4FF42472FBF762FF012384F89B
:10DA7000E65084F895306FF0360384F8E1300423E3
:10DA800084F8E2306FF03B0384F8E3306F2384F8CE
:10DA9000E4306FF03C0384F8E5306FF07F0384F8E6
:10DAA000E7302B2384F8E030FE2384F816317F23FF
:10DAB00084F88B3070BD01290CD140F6B833C269AF
:10DAC000A0F8BC301146C38C04F18000BDE8704062
:10DAD000EBF7F4BA0229EDD1B0F84A32D0F844227B
:10DAE000C169F1E770B503791F2B0FD8461E051DDC
:10DAF000002416F8010F01F002F80444AE42E4B22B
:10DB0000F7D1012C94BF0020012070BD0020FCE75C
:10DB100001440023884203D1B3FA83F040097047DF
:10DB200010F8012B1343F5E7F8B505460C46D0E98C
:10DB30000476FAF7B7FD20B940F205112920DBF78A
:10DB4000BDF9ECB1D5E90423D21B63EB0603012A2E
:10DB500073F100014FF0000114DB6FF001009042FF
:10DB6000994102DA40F20F11E8E7631E1344B3FB58
:10DB7000F4F35C43E41946F10006C5E904461C468B
:10DB80002046F8BD0C46FBE7022905D13C281AD9EE
:10DB900080100F3880B27047CB1E012B0ED803299E
:10DBA0000BBF96234FF416731022402203F5BC736B
:10DBB000984208D9C01A90FBF2F0EBE7702802D91E
:10DBC000C0100E38E6E70020704738B50D46044611
:10DBD000EAF790FC2B78002B08BF034684F87030DE
:10DBE0006B78002B08BF034684F871306B88A4F86B
:10DBF000723038BD022908B5034615D006D8012970
:10DC00000AD040F289112920DBF758F9033901299C
:10DC1000F7D840F6A66008BD40F6C41040F2E242D4
:10DC2000002B08BF1046F6E740F6C410F3E7801A51
:10DC3000F43810B58842029C94BF091A491A226828
:10DC4000012902EB510294BF0020012022601A68D2
:10DC5000A2EB51021A6010BD002307B501A8019381
:10DC6000F8F7DAFE019810F0030018BF012003B0A6
:10DC70005DF804FBC2B292FAA2F2030A93FAA3F38C
:10DC80001B0E100E40EA03207047013105300022C0
:10DC9000C9B270B510F8013F8B4216D310F8054C8D
:10DCA0000023012505FA03F626421CBF01F1FF31CE
:10DCB000C9B269B10133082BF4D10132D2B2052ABD
:10DCC000E8D199214620DBF7F9F8C91AC9B2F4E77F
:10DCD00003EBC200C0B270BD0B6870B5C0F8013074
:10DCE00004460B790546461D03F01F0343710023CC
:10DCF000C37215F8010F00F002FF6871B542E37AB4
:10DD00001844E072F5D170BD81EA114170B58CB252
:10DD10000546C17A032682EA0400FFF7ABFF013E05
:10DD200000EB001016F0FF0604EB000290B2F4D1F5
:10DD300044402522B4FBF2F302FB1343C3F3C402B5
:10DD4000D8B203F007032A445678012202FA03F3FB
:10DD50001E4207D161432846C1F30741BDE8704028
:10DD6000FFF793BF70BDF8B590F8205004466B1EC6
:10DD7000242B54D80AB90020F8BD407D18B10128E1
:10DD800044D01F20F8E794F8223094F8211002FBC9
:10DD900001322523B2FBF3F103FB1123DBB204EBC9
:10DDA000D30203F0070684F82230917D0122B240AD
:10DDB000114202D084F82330DDE7B3FBF5F205FB16
:10DDC000123304F11A01013303F0FF0311F8012F9C
:10DDD000934218D811F8055C0022012606FA02F7D2
:10DDE0002F4208D0013B13F0FF0304D102EBC00225
:10DDF00084F82320BFE70132082AEFD10130C0B2F6
:10DE00000528E3D1BDE79B1ADBB2F7E7E28804F10E
:10DE10001500096AFFF778FF84F82300ABE71220AA
:10DE2000AAE72DE9F04105469DF8180082EA124262
:10DE30000E460128EF7A91B24ED183EA0100032405
:10DE4000FFF718FF013C00EB001014F0FF0408443A
:10DE500080B2F5D181EA000225213080B2FBF1F3D6
:10DE600001FB1323C3F3C4011FFA83FC5FFA83F899
:10DE70002944487803F00701012303FA01F108421D
:10DE800020D0BCF11F0FD5F801006D798BBFACF12C
:10DE9000200C03FA0CF303FA0CF303F1FF3382BFF7
:10DEA00003F1FF33DCB24FF0FF332540184000F0A0
:10DEB000F1FD0446284600F022FE04444046B470BA
:10DEC000BDE8F08102FB07F1C1F307412846B170BC
:10DED000BDE8F041FFF7D9BE082F96F8028025D89B
:10DEE0007B1FA7F10A0404EBD47464109C42224601
:10DEF000B8BF1A46012A25DD9C421BDDE4B23088FA
:10DF0000FFF7B8FE00EB0010A7EB440244440B18E7
:10DF10009BB25940338002FB011104EB2144E4B26F
:10DF2000B4FBF7F207FB1244E1B2CFE7212F07D889
:10DF30000323D6E7082F3C4628BF0824053CDDE72D
:10DF40000B24DCE70124DAE7034612EA010003D0E0
:10DF500013F03F0018BF0120704740787047D0F899
:10DF600003300B60B0F807308B807047037889016D
:10DF700023F0400301F040010B4303707047007829
:10DF8000C0F380107047037803F07F0343EAC113A6
:10DF9000037070470078C00970471F2A38B50546DE
:10DFA000144603D9BF212A20DAF788FF0634093046
:10DFB000FBF728FD6C7038BD1F2A38B5054614469E
:10DFC00003D9E1212A20DAF779FF06340930FBF77B
:10DFD00019FD6C7038BD0378024603F00F03032B64
:10DFE0003ED0052B42D1C37F90F82000034392F826
:10DFF0002100034392F82200034392F8230000F02B
:10E000001F00184333D05378222B2FD1B2F8193088
:10E01000B1B1B3F5506F13D940F607518B4225D8F3
:10E02000B2F81B30B3F5FA7F20D2B2F81D0040F6EB
:10E0300076430A3880B298428CBF00200120704796
:10E04000991F40F67A4089B281420FD8917D481ECF
:10E0500007280BD8994209D2B2F817109942DEE787
:10E060004078A0F10C035842584170470020704797
:10E07000F8B5C7780D4617F03F0600F087800729EE
:10E0800000F28480DFE801F0040E172029323B44BF
:10E09000017901223846FFF757FF00280CBF002006
:10E0A0000520F8BD017902223846FFF74DFF002810
:10E0B000F7D005245AE0017904223846FFF744FFDF
:10E0C0000028EED0052448E0017908223846FFF701
:10E0D0003BFF0028E5D0052439E0017910223846BD
:10E0E000FFF732FF0028DCD0052429E00179202247
:10E0F0003846FFF729FF0028D3D02C4618E00179D5
:10E1000040223846FFF720FF0028CAD0052406E049
:10E11000017940223846FFF717FF441DE4B2202260
:10E120003846FFF711FF00EBC00004EB4004E4B2F7
:10E1300010223846FFF708FF00EB40000444E4B229
:10E1400008223846FFF700FF04EB4004E4B2042243
:10E150003846FFF7F9FE0444E4B202223846FFF7DE
:10E16000F3FE00EB400004EB4004E4B20122384629
:10E17000FFF7EAFE072D00EB400004EB4000C0B2C1
:10E180008FD1031FB342C8BF00208AE7002088E771
:10E1900070B50C46064611461D4624B940F2E921E9
:10E1A0002A20DAF78BFEFFF763FF10B940F2EA216D
:10E1B000F6E7031F2B443F2B02DD40F2EB21EFE794
:10E1C0002A4621463044BDE87040FBF71BBC10B521
:10E1D0000446FFF74DFF00B1204410BDC07800F0A9
:10E1E0003F007047C37803F03F0343EA8113C370D5
:10E1F000704730B5C1F38003C1F38014C1F340050B
:10E200002344C1F3001404EB44042344C1F3401439
:10E2100004EBC40403EB4403C1F300042C44C1F336
:10E22000C005134404EB44042C4403EB440313F0F3
:10E23000FF031CBF01330171C17818BFDBB221F0AD
:10E240003F0103F03F042143C170591C41701AB1D2
:10E2500004339B1A013AC25430BD70B5C4780646E7
:10E26000154604F03F041319FE2B04DD40F247313C
:10E270002A20DAF723FE0135201D2C443044FBF719
:10E28000C1FB747070BD4378C278013B02F03F025D
:10E29000981AC0B27047F8B50D461946174606469B
:10E2A000FFF7F1FF441AE4B2BC4228BF3C464DB12F
:10E2B000F278284602F03F020432114422463144EB
:10E2C000FBF7A0FB2046F8BD2DE9F047C6780122F8
:10E2D00001793046FFF738FE022205463046FFF747
:10E2E00033FE202282463046FFF72EFE08220746E4
:10E2F0003046FFF729FE102281463046FFF724FE04
:10E30000042204463046FFF71FFE40228046304676
:10E31000FFF71AFE05EB0A0307EBC707804404EB7F
:10E320004404B94403EB430304EB08004B4400EB03
:10E33000430010F0FF001CBF0130C0B2BDE8F08701
:10E3400038B5C5780446AB09032B1ED005F03F0550
:10E350004378AB4219D9FFF7B7FFA84215D895B15A
:10E360002379DB060FD504212046FFF730FF48B1A3
:10E37000037803F03F03242B07D880785F288CBFF5
:10E380000020012038BD0120FCE70020FAE70278D8
:10E39000437802F00F02072A12D8DFE802F00804DF
:10E3A00008111111080E0C3B584258417047063BAA
:10E3B0001F2B8CBF0020012070470BB1FFF7C0BF9F
:10E3C00000207047027802F00F02072A0AD0082ABC
:10E3D0000AD0042A0ED1407806381F288CBF0020AE
:10E3E00001207047FFF7ACBF4078A0F10E03584200
:10E3F00058417047002070471B2A08B504D940F2E5
:10E4000019412A20DAF75AFDBDE80840FBF7FABAAD
:10E410008388A1B1B3F5506F11D940F607529342EA
:10E420001CD8C388B3F5FA7F18D2008940F676432A
:10E430000A3880B298428CBF0020012070479A1F92
:10E4400040F67A4192B28A4208D84278511E072992
:10E4500004D89A4202D242889A42E1E700207047EB
:10E460000130704723307047013001F1200351F82B
:10E47000042B994240F8042BF9D10B880380704794
:10E4800038B515460446FFF7EFFF2B68C4F8233074
:10E490006B68C4F8273038BDC378024603F06003C8
:10E4A000402B10B524D08488052C21D9937AD0F83C
:10E4B0000600C3F3040318431AD0938ACB1A1BB285
:10E4C000002BB8BF5B429BB2B3F5804F10D2508A8D
:10E4D000D38AC01A00B20028B8BF404280B20128D7
:10E4E00008D96043B0F57A6FCCBF0020012010BD81
:10E4F0000020FCE70120FAE70B7810B543704B7859
:10E5000083708B78C370CB7803710B7943714A7930
:10E510000C79130202F00F0203F4404344EA022292
:10E5200013431B1283718B79C371CB7903F00F03F3
:10E5300003720B7A43724B7A83728B7A03F00F0368
:10E54000C372CB7A03730B7B43734B7B03F00F03D4
:10E550008373CB89C373CB891B0A03740B8A4374FF
:10E560000B8A1B0A83748B7CC374CB7C03750B7D75
:10E5700043754B7D83758B7DC375CB7D03760B7E99
:10E580004376B1F819308376B1F819301B0AC37697
:10E59000CB7E03770B7F43774B7F83778B7FC3776C
:10E5A000CB7F80F8203091F8203080F82130B1F80E
:10E5B000213080F82230B1F821301B0A80F8233056
:10E5C00010BD437810B50B7083784B70C3788B7097
:10E5D0000379CB70B0F805300B71C3F303224B798C
:10E5E00023F00F0313434B71B0F805304A799B0BAE
:10E5F00063F386124A71D2B2B0F80530DB0B63F3D5
:10E60000C7124A71B0F807308B71C3F30322CB797C
:10E6100023F00F031343CB71837AC27A447A4B728F
:10E6200002F00F028B7A0C7223F00F0313438B72EC
:10E63000437B827B047B0B7302F00F024B7BCC721B
:10E6400023F00F0313434B73B0F80F30CB81B0F8B6
:10E6500011300B82C37C8B74427D837D047D4B75AE
:10E66000CC740A758B7DC27D62F303038B75C37D09
:10E670008A7D1B0963F307128A75037ECB75437E7F
:10E680000B76438BA1F81930427F837F047FCC76D1
:10E690000A774B7790F8213090F82020C47FCA7712
:10E6A0008C7781F82030438CA1F8213010BD0B7895
:10E6B00043704B7883708B78C370CB7803710B7980
:10E6C00043714B798371CB88C371CB881B0A03726A
:10E6D00070478278C37810B544784A700C708B709C
:10E6E0008379427904790A71CC704B71B0F80730A4
:10E6F000CB8010BD0B6843700B681B0A83700B68DE
:10E700001B0CC3700B681B0E03710B7943714B79A3
:10E7100083718B79C371CB7903720B7A43724B7A15
:10E7200083728B7AC372CB7A03730B7B4373B1F81A
:10E730000D308373B1F80D301B0AC3737047D0F8E6
:10E74000013010B50B608279C37944794A710C713C
:10E750008B71427A837A047A0A72CC714B72437B52
:10E76000027BC47ACA728C720B73C389A1F80D3014
:10E7700010BD0B7843704B7883708B78C3707047F3
:10E7800043780B7083784B70C3788B70704737B5C4
:10E79000057A0446012D0FD0022D13D015B10020AB
:10E7A00003B030BD009502210368C288A088EAF753
:10E7B0000BFD70B10120F3E7002300932946236885
:10E7C000E288F3E7E9F792FE03685B05E7D50123EA
:10E7D000F3E7EAF70FFFEDE702230B7001238B70DD
:10E7E0007047EAF7BFBD10B521B94FF4257110206D
:10E7F000DAF764FB4A600B72EFF3108472B6031D04
:10E800000B6042681AB1127A012A08BF03600368DC
:10E810001960016004B962B6BDE81040EAF7ECBDCA
:10E820000222EAF7D5BE0322EAF7D2BE0422EAF7B3
:10E83000CFBE0222EAF710BF0322EAF70DBF04227F
:10E84000EAF70ABF14230B706FF4A573184403880A
:10E85000A1F80330B0F84830A1F80530B0F84C30DA
:10E86000A1F80730B0F84A30A1F80930B0F84E30BE
:10E87000A1F80B30704708B5CB1E012B04D88001DE
:10E8800000F5747080B208BD012902D10E30C000BD
:10E89000F8E7022902D10F308000F3E740F2BB21F4
:10E8A0000620DAF70BFB022908B50DD005D801299F
:10E8B00008D0DC21B420DAF701FB03390129F8D8AC
:10E8C0001E3000E00A3008BD1430FCE7022908B50C
:10E8D0000DD005D8012908D0DC21B420DAF7EEFAF2
:10E8E00003390129F8D81E3000E00A3008BD143081
:10E8F000FCE740687047033901298CBFC08A4FF498
:10E900002960704770B590F874608D88033E0C895B
:10E91000012E04D943B11678033E012E04D8B5F573
:10E92000296F38BF4FF4296590F87560033E012EBA
:10E9300004D943B15378033B012B04D8B4F5296FB4
:10E9400038BF4FF42964CB884A88A0F86030A0F81B
:10E950005C20A0F85E50A0F8624070BD1B22002928
:10E960004FF01B110CBF4FF4A4734FF42963828442
:10E970000284028502F1A472C160C3844384C3830C
:10E98000838343820382C0E90521704738B5CB1EDB
:10E990000446012B10D9C58B438C9D4228BF1D46D0
:10E9A000207AFFF768FF6389AB4228BF2B46984265
:10E9B00038BF184680B238BD4FF42965F0E72DE91D
:10E9C000F843994607460D46808919461446FFF7D5
:10E9D00052FF06469DF8208049463846FFF7D6FF8D
:10E9E00086424146A8F1030828BF0646B88AFFF7C9
:10E9F00042FFB8F1010F0346B6B28CBFFA8A4FF45A
:10EA00002962904204F1060028BF134628449BB2B5
:10EA100033441844BDE8F8830346028F13B53C30F5
:10EA200049B9D98E93F87540009493F87430FFF784
:10EA3000C6FF02B010BD998EF4E770B50C461546BE
:10EA400019464BB9868EFFF7E7FF28443044A042B1
:10EA500094BF201A002070BDC68EF4E738B50D466D
:10EA600011460446FFF7D8FF2844206438BD01F161
:10EA70009C0383423DBF9C38401A400800207047E9
:10EA8000002803DB884204DB08B202E049428142ED
:10EA9000FADC704700F05533400800F0553003446D
:10EAA00003F033329B0803F033331A4402F00F3380
:10EAB000120902F00F32134403F0FF101B0A03F097
:10EAC000FF13184400EB1040C0B2704745F2555296
:10EAD00000EA020302EA5002981843F2333300EAD4
:10EAE000030203EA90031A4440F60F7302EA03009C
:10EAF00003EA1213184400EB1020C0B2704700F074
:10EB00005503400800F05500034403F033009B0810
:10EB100003F03303034403F00F0000EB13107047BE
:10EB200080EA6000FFF7B6BF40F34E039BB2584047
:10EB3000FFF7CCBF034608465BB97047834204D950
:10EB4000B3FBF0F200FB1233F6E7B0FBF3F203FB8A
:10EB500012000028F2D11846EFE710B5044600B1C4
:10EB600019B96F21AB20DAF7A9F94C43FFF7E2FF9F
:10EB7000B4FBF0F010BD32280CD006D8162818BF10
:10EB8000012894BF012000207047A0F13E035842A5
:10EB9000584170470120704708B50246FFF7EBFF68
:10EBA00040B10846FFF7E7FF20B18A420CBF23209F
:10EBB0002A2008BD8A420CD1A2F13003DBB20B2B14
:10EBC00007D840F6210020FA03F3DB070CD52320F9
:10EBD000EFE73E2901D1262A0ED03E2A04D126296C
:10EBE0000CBF2A200020E4E73B2901D11F2AF7E7C8
:10EBF0003B2A03D11F29F3E72A20DAE70020D8E7D0
:10EC00004368002283F88C2083F8CA20A3F8C6202A
:10EC10007047037842682BB9A2F8CC30012382F800
:10EC2000CE3070470023A2F8CC3092F8CE300133BA
:10EC30005BB2F4E708B50378426813B982F8CE30C6
:10EC400008BD92F8CE30013B5BB2002B82F8CE308B
:10EC5000F6DA52214A20DAF731F9436883F81311C2
:10EC600083F812217047A0F10B03042B0CD9A0F1FB
:10EC70004403012B08D9A0F121032F2818BF062B2C
:10EC800094BF012000207047012070474268D2F8ED
:10EC9000803010B513F0080409D143F0080382F85E
:10ECA0001011C2F88030FFF7B4FF204610BD0120DC
:10ECB000FCE7436810B593F88D404CB90A7883F8A7
:10ECC0001021032283F88D20FFF7A3FF204610BDFB
:10ECD0000124FBE708B5436893F88C3023B140F278
:10ECE00083114A20DAF7EAF808BDC26941F64B53AE
:10ECF0009A4296BF4AF6C8730623B3FBF2F3828C9E
:10ED0000408E1344584380B270474368002093F804
:10ED10008E20073A012A81BF4A7883F88F20072284
:10ED200083F88E207047426892F88E30073B012BA3
:10ED300084BF082382F88E307047426870B592F81D
:10ED40008D50F5B9CB88B2F88660A2F8C032013B8D
:10ED50009B1B47F6FD769BB2B34206D9282382F867
:10ED6000AF30EBF7D9F9284670BDD1F80130C2F8C1
:10ED7000C2324B7982F8C6320B22436883F88D2069
:10ED8000F1E70125EFE708B5436893F88C201AB145
:10ED90002B215520DAF792F80C2283F88C2008BD3D
:10EDA0002DE9F74F0646894690460193FFF79DFFF0
:10EDB000D6F8E47104465FB90023C8F80030B6F80D
:10EDC000863023449CB2019B1C8003B0BDE8F08FC9
:10EDD000EBF704FF0028EFD1D6F81CC0D6E9723259
:10EDE0000CFB04FE1EEB030ED7E9021342F10002F6
:10EDF0000B44D7E900155B1845F10005734575EB29
:10EE0000020114D2BEEB03016FF0010B62EB050AA5
:10EE10008B4570EB0A0A03D239215620DAF74EF8F7
:10EE20003869471E3944B1FBF0F1E0FB0135B3EB23
:10EE30000E0365EB02056FF001029A424FF00002EB
:10EE4000AA4101D24421E8E7B3FBF9F209FB1233EE
:10EE5000B3FBFCF291B20CFB1133C8F80030B6F8EA
:10EE600086301C441444A4B2ADE70B46082203F8D4
:10EE7000032BD0F80920C1F80320D0F80D205A60E8
:10EE8000427C1A720023CB707047436870B593F8C8
:10EE90008D5006460C46002D5BD193F87D10204620
:10EEA000FFF7B6FA014628B921783046BDE8704030
:10EEB000FFF7ECBE72686389B2F88600A2F8C03230
:10EEC000013B1B1A47F6FD709BB2834207D92823EA
:10EED000304682F8AF30EBF71FF9284670BDA388A3
:10EEE0006FF450601818062895BFA3F5506340F2E0
:10EEF000E2414FF47A704B438CBF29464343C2F83A
:10EF0000C8326378C9B103EB830303EB83039B002F
:10EF1000A2F8C2326388C9B164214B43C2F8C4323B
:10EF2000E388A2F8CC322389A2F8CE32002382F8FB
:10EF3000D4320E2382F88D30CFE7C3EB431003EBBE
:10EF4000800303EB83035B009BB2E1E740F2E24105
:10EF5000E3E70125C1E708B5436893F88C201AB1AF
:10EF600098215620D9F7AAFF0E2283F88C2008BDDD
:10EF70000B230B70D0F80930C1F8023070470B46F4
:10EF80000C2203F8022BB0F809204A80C27A9A704A
:10EF9000704710B50446406890F88C30182B14D197
:10EFA00000F1F80200F51671052300F51A70FAF762
:10EFB0009DFA636801220020002183F891201A2223
:10EFC000C3E93A0183F88C2010BD0220FCE74368B6
:10EFD00093F88C20152A11D1D1F80120C3F86022B2
:10EFE000D1F80520C3F8642243680020D1F8092035
:10EFF000C3F80C21182283F88C2070470220704738
:10F00000436893F88C20112A05BF002014220220A7
:10F0100083F8910008BF83F88C20704708B54368D7
:10F0200093F88C20142A04D04FF488711F20D9F74C
:10F0300045FF012283F8D020132283F88C2008BDDD
:10F0400038B54368054693F88D4034B1123C0B2C1B
:10F050008CBF01240824204638BD93F89220002A52
:10F06000F9D0D3F81C3133B9FFF7D3FD6B68122206
:10F0700083F88D20EFE70C220A21FFF7EEFD6B6885
:10F080003222284683F88D20FFF7C3FDE3E708B559
:10F09000436893F88D20162A04D040F295111F2062
:10F0A000D9F70CFF012283F8CF20172283F88D2097
:10F0B00008BD436893F88D20132A05BF1422002051
:10F0C000022083F88D207047436810B593F88D3087
:10F0D0000446192B07D1FFF7ADFD63681D22002000
:10F0E00083F88D2010BD0220FCE708B5436893F833
:10F0F0008D20122A04D04FF4E0711F20D9F7DEFED4
:10F10000012283F8CF20132283F88D2008BD08B593
:10F11000436893F88D20172A04D04FF4E4711F2020
:10F12000D9F7CCFE192283F88D2008BD08B54368B5
:10F1300093F88C201A2A04D040F209211F20D9F715
:10F14000BDFE1C2283F88C2008BD08B5436893F8E7
:10F150008C2022B140F20F211F20D9F7AFFE0122EF
:10F1600083F8CF20112283F88C2008BD08B54368AE
:10F1700093F88C203AB193F8D02022B940F21621AE
:10F180001F20D9F79BFE012283F8CF20152283F898
:10F190008C2008BD0B46072203F8032BD0F809206A
:10F1A000C1F80320D0F80D205A60B0F811201A8160
:10F1B000C27C9A72704708B5436893F88C201AB1E4
:10F1C000CD211C20D9F77AFE042283F88C2008BDBB
:10F1D00008B5027843683AB983F88D20A3F8CC20AB
:10F1E000BDE80840FFF726BDD3F88020D10703D43F
:10F1F000DB211C20D9F762FE22F00102C3F8802037
:10F20000EEE70E23A0F5A1700B7003884B807047CA
:10F210004368017893F88C2061B9052A08BF002261
:10F220004FF0000002BF83F8BE2083F8CA2083F8A5
:10F230008C207047102AF1E738B50578446855B935
:10F2400094F88D305BB9FFF7E4FC55B9022384F8DC
:10F250008D30002038BDD4F880305B07F3D5012015
:10F26000F8E7D4F8803043F00403C4F88030F0E7C6
:10F27000037833B14268D2F8803023F00403C2F837
:10F280008030FFF7D7BC08B5436893F88C201AB1DB
:10F2900072214B20D9F712FE0278002A14BF1022E7
:10F2A000052283F88C2008BD10B5D0E90D42A2429A
:10F2B00006D38B8C121B498E05334B43934202D3EA
:10F2C000012380F83E3010BD01230B7000238B70AA
:10F2D00030F8D23CA1F80330437A4B714389CB809C
:10F2E00083890B81704710B5446894F8D120920748
:10F2F0000ED494F88C301BB176214020D9F7DEFD76
:10F300000122A4F8C63084F88C2084F8CA2010BDED
:10F31000037843B994F88D300BB9FFF78BFC0023C9
:10F3200084F83231F3E7D4F880309B07F7D5FFF744
:10F3300081FCD4F8803023F00203C4F88030EEE77B
:10F3400010B50B7901284C790A6843EA042110466C
:10F3500008BF41F4803110BD07B5FFF7F1FF0DF193
:10F360000702EBF76FF903B05DF804FB38B505460B
:10F37000FEF734FF044608B9002038BD07212846AF
:10F38000FEF776FE0028F7D00434201AC0B2F4E766
:10F3900070B506460D460721FEF719FF04463046B4
:10F3A000FFF7E4FF024674B1A0B100214B1C6018C6
:10F3B000615CDBB2E65CAE4211D12C2D05D0322D62
:10F3C0000BD0282D07D0002004E0222902D03A29B2
:10F3D00018BF002070BD0829FAE70929F8E70B4497
:10F3E000D9B28A42E2D8EEE708B5036B00681B6821
:10F3F000984700F5D57008BD036B70B59B6904464E
:10F4000000680E469847054658B97368314604F1BE
:10F4100008002364F9F7BAF870B9AB210B20D9F7CB
:10F420004DFD94F83830022B0AD104F14800EBF777
:10F43000FBFB012384F8383085F00100C0B270BDB9
:10F4400094F83830032BF4D1EFE72DE9F84390F826
:10F450006B7006460C464FB10268B2F88A30B2F8BB
:10F46000C810D2F8A0405B1A03FB0444FDF7F2FF7A
:10F47000054696F86A00E9F753FE2918204689B236
:10F48000F7F734FE044607B3336893F8C09093F857
:10F49000BA80D3F8C470FDF7DDFF05464846E9F7AA
:10F4A0003FFE814640464D44E9F73AFE80463846E5
:10F4B000ADB22946F7F71AFE08EB050107462018FA
:10F4C00089B2F7F713FE07443C44306D113440080D
:10F4D000A04228BF2046BDE8F88338B504460D4653
:10F4E000FFF78AFF18B1D5E90423C4E9122338BD18
:10F4F00070B5044686B0FFF777FF0025236B0190B7
:10F500005B6820688DF80050984704238DF8080048
:10F5100068468DF80930A16DD4E91223CDE90423A2
:10F52000FEF702FB638F86B233446387EBF71AFC66
:10F53000B8B97100B4F96C0089B2FFF7A1FAB4F858
:10F540006C301B1AA4F86C30049B6946059A1B1892
:10F5500042EBE0722046CDE90432FFF7BEFF06B071
:10F5600070BD2846F0E7F0B5044687B0FFF73CFFD2
:10F570000746A56DD4E91236ED1846F10006EBF703
:10F58000F1FB08BB0221B4F96C00FFF779FAB4F87B
:10F590006C301B1AA4F86C300023451901978DF8C4
:10F5A000003046EBE076236B20685B6898470423C5
:10F5B0008DF80800694620468DF80930CDE90456DB
:10F5C000FFF78BFF07B0F0BD0020E5E7F0B5036B58
:10F5D00087B00026044600680F468DF800601B685F
:10F5E0009847236B00F5DD705B68019020689847B1
:10F5F00004238DF808008DF80930D4E9121577B38B
:10F600006846CDE90415F9F74DF818B9E7210B2044
:10F61000D9F754FCD4E91205049A0599121A61EB42
:10F620000501002901DAEA21F1E76FF001039342B5
:10F6300076EB010101DAEB21E9E7216D4E1E16445C
:10F64000B6FBF1F2B14288BF013251430B18618F12
:10F6500045F10005CDE904350A4462872FE0236DAA
:10F66000D4F864C0B4F86020BCFBF3F00132023877
:10F670008242A8BF0246012AB8BF01225343D4E9FF
:10F6800016065B1845F10005181A65EB06060128F9
:10F6900076F1000101DA8B21B9E76FF001018142B7
:10F6A00077EB060601DA8C21B1E784452ED2216D75
:10F6B000D4E912258B1845F10005CDE90435D4E9CC
:10F6C0001620991A65EB0003012973F10002E2DBB1
:10F6D0006FF001028A424FF000029A41E3DB94F896
:10F6E00038302046042B04BFB4F86830C918FFF73F
:10F6F000ACFE0546DDE90431D4E91202181A61EBCB
:10F700000202002A0BDA4FF4957180E794F8381062
:10F710000429CCD0618FCDE9043501399CE76FF025
:10F720000046B04272F1000202DB40F22B116EE79C
:10F7300005F1C90220469B1A61F10001CDE90431AF
:10F74000019B694603EB45030193FFF755FE48B162
:10F75000049B059AC93342F100025B1942F1000291
:10F76000C4E9123207B0F0BD90F838300BB9002070
:10F77000704790F83830012BF9D090F838000738EE
:10F7800018BF0120704708B58B1E0246012B07D811
:10F79000FFF7EAFF40B11046BDE80840FFF7A8BEFA
:10F7A000BDE80840EBF760B908BD70B504460D46EA
:10F7B0001646FFF7D9FF40B994F83830072B04D02C
:10F7C00040F26A210B20D9F779FBF7F7A9FE2D1833
:10F7D00041F10001AE1B61F10003C4E91263638FC4
:10F7E000A4F856300023C4E9165184F86B3094F81D
:10F7F0003830042B02D1052384F8383070BD90F8DE
:10F800003830012BDAB201D0FFF7AEBF1046704797
:10F8100008B58B1E0246012B08D8FFF7A5FF48B19B
:10F8200001211046BDE80840FFF7D0BEBDE8084002
:10F83000EBF71AB908BD90F83800031F5842584139
:10F84000704790F83830032B05D090F83800831FAC
:10F8500058425841704701207047D0E9123210B524
:10F86000D0E91614581A62EB0403002B04DA40F2B4
:10F870009B210B20D9F722FB6FF0010282424FF04F
:10F8800000029A4102DA4FF42771F2E710BD006CD2
:10F89000A0F58070F7F7E8BC08B50246FFF764FFF3
:10F8A00030B11046FFF7CDFF10B91046FFF75BFEF1
:10F8B000BDE80840EAF7CEBF08B50246FFF754FF9F
:10F8C00038B11046FFF7BDFF014610B91046FFF7EB
:10F8D0007DFEBDE80840EAF7BDBF70B50446FFF7FE
:10F8E0008EFF08B394F83830022B1BD094F83850B0
:10F8F000EB1E5D425D4101290AD1072384F83830AF
:10F9000004F108063046F8F7B3FE3046F8F7EAFE91
:10F91000012384F838303DB104F14800BDE870405F
:10F92000EBF782B90125E6E770BD10B50446FFF795
:10F9300066FF30B101212046FFF7CFFF002384F896
:10F940003830002010BD08B590F83830022B04D1B3
:10F95000032380F83830816208BD90F83830052BD9
:10F9600001D10623F5E790F83830032BF3D090F857
:10F970003830062BEFD090F83830072BEBD040F220
:10F98000F9210B20D9F79AFA10B5FEF765F900288E
:10F9900014BF14240024FAF7D3F8404200F01400F6
:10F9A000204410BD30B585B01546089BC01A099B90
:10F9B00061EB0304002C214602DA404264EB44016F
:10F9C00003AB2A46009302ABF9F786FE002C03989E
:10F9D00001DA00B1281A05B030BD38B50546F6F792
:10F9E000FDF800F55F434FF47A72033D4133B3FBFA
:10F9F000F2F4FFF7C9FF012D00F1FB038CBF0020DB
:10FA000028202344184438BD10B5044690F87500EA
:10FA1000FFF7E3FF012201462046BDE81040FFF753
:10FA20001DB8002313B51A4680F80432A0F87832C6
:10FA3000194600930446EBF709FA20B140F2F7119A
:10FA40003020D9F73BFA0123C4F80002C4F8F801CA
:10FA500084F80432A4F81A02A4F8180284F81D02EB
:10FA6000B4F88630A4F87A02013BA4F8863002B0DC
:10FA700010BDF8B50D460023D0F83811044680F8C3
:10FA80003C31D0E95A6781F8D62180F878310121DC
:10FA9000D0F83801FDF799FFD4F83801C0E998672C
:10FAA000C0F87C52C0E99C67FFF7BBFFF5F778FA16
:10FAB000BDE8F840F8F74CBDD0F83801704738B5CC
:10FAC000044690F878319BB1FF2380F88031012102
:10FAD00000F053FB94F8783153B104F5887528464B
:10FAE000F8F7C6FD2846F8F7FDFD002384F87831C5
:10FAF000002038BD08B590F8802142B990F83C212B
:10FB000042B1D0E95031994202D9EDF769FF0022A4
:10FB1000104608BD0122FBE710B50446FFF734FF8D
:10FB200000F21321E269E36B9A4228BF1A4610469D
:10FB3000FEF79DFFB0F5296F28BF4FF4296080B212
:10FB400010BD012A70B506460D4614460BD0022A98
:10FB50000ED08AB9F4F7AEFD224601462846BDE82C
:10FB60007040FFF786BFF4F7A5FDC6F87C0270BDB4
:10FB70000122D0F87C12F1E740F2DB713020D9F796
:10FB80009DF970B5044621B1012978D040F2EB719E
:10FB900072E000F070FA94F8793105460E46DBB158
:10FBA00050EA010318D0D4E95232D4E95A01C01AFC
:10FBB000334661EB02012A46F9F7C8FD05FB01F364
:10FBC00000FB0633A5FB00021344D4E952211218AE
:10FBD00043EB0103C4E95223E08C30B1E9F718FE8E
:10FBE000E38CB0FBF3F202FB1300D4E95232ED18C0
:10FBF0004FF0000346EB02062D1840F2024284F853
:10FC0000583146F1000684F87931A4F86021C4E93E
:10FC10005256C4E95A5694F8803103F0FF01DBB91B
:10FC20006FF00043D4E95C029A4208BFB0F1FF3F95
:10FC300018D02046D4E95A5600F0CEF9F630D4E96F
:10FC40005C325B1B62EB06021B1A62F10002002AA7
:10FC500008DA2046EDF7C4FEF5F7A2F9BDE87040DA
:10FC6000F8F776BC04F5AC7104F58870F8F78EFCF3
:10FC70000028F1D14FF4E3613020D9F71FF90023B8
:10FC800080F83C31E8E790F87801003818BF01208F
:10FC900070470B46062203F8032BB0F80920A1F8A1
:10FCA0000320C27A9A7070470B46172203F8032B81
:10FCB000D0F80920C1F80320D0F80D205A60704711
:10FCC000352301F8033B00F10903293053F8042BD5
:10FCD000834241F8042BF9D11B880B8070478B8835
:10FCE000F7B513F0180506460C461FD1086820B971
:10FCF00040F2DE312D20D9F7E1F800F0CEFA217C78
:10FD0000EBF732FF677CA38801463A463046009302
:10FD10002B46EBF747FFCC30D4E90223824273F144
:10FD200000032CBF0120002003B0F0BD0120FBE741
:10FD300038B513220B460C4603F8032B00F10902D9
:10FD4000293052F8041B824243F8041BF9D112787F
:10FD500002211A700123A588A3712846D9F7DEFD78
:10FD600058B1E3784BB102212846D9F7EDFD20B117
:10FD700040F22F212D20D9F7A1F838BD10B5044647
:10FD8000E9F746FD82B204F1690104F13600FDF79E
:10FD9000BBFF84F8440010BD37B504460D46FFF79D
:10FDA000EDFF01222B466179204603B0BDE83040CB
:10FDB000ECF768B870B504460D46953019461646FE
:10FDC000FDF78AFF84F8745084F87550FF2384F897
:10FDD0007630E91E04F13C0001298CBF002101218D
:10FDE000FEF7BCFD31462046E9F790F994F87E30E5
:10FDF000002B14BF4D239623E386A386002323877D
:10FE000070BD38B5CB690446104641F27072A3F557
:10FE10007A75954295BF4FF47A7240F2E242B3FB95
:10FE2000F2F3B3FBF2F398BF03F5506304F1A002C1
:10FE30009BB2A4F8AC308B8CA4F8AE30CB8CA4F879
:10FE4000B03091F87F3084F8B230637F63B394F8B8
:10FE50006830012B28D194F86E3003F0C003402B9A
:10FE600022D1D4F86930C4F8A030B4F86D30938052
:10FE70000828236A04F1A6019A7803F1030584F89F
:10FE8000992004F19A02D3F8033018D0C4F8A630B0
:10FE9000AB888B8004F19901E8F776FF40B940F612
:10FEA000D1312D20D9F70AF80023C4F8A030DEE7BD
:10FEB00094F8993043F0020384F8993038BDC4F8BF
:10FEC0009A30AB8893800023C4F8A6308B80F5E786
:10FED0000B46162210B503F8032BD0F80920C1F801
:10FEE0000320427B1A71CB78A3B130F8B43C1B07D6
:10FEF00010D4B1F8054002212046D9F70FFD48B1D2
:10FF000002212046D9F720FD20B140F26E212D209C
:10FF1000D8F7D4FF10BD0121ECF75EBBFFF7FBBFA4
:10FF200008B590F894300BB1012008BD90F8CC30A2
:10FF3000002BF9D190F8BE3003F0FF00002BF4D075
:10FF4000E8F790FA80F00100C0B2EEE730B54FF468
:10FF5000C47285B00D4600210446F9F7E9FCFF2381
:10FF600023701323638042F21073E384D9F7F4FD06
:10FF700000220146E0646846D9F734FE00220121E0
:10FF8000E06CFAF7BCFD0422E16C6846D9F72AFE62
:10FF90000022E06C1146FAF7B2FD04F13000E5747E
:10FFA00000F02BF902A8E9F7C9F820B94FF446711F
:10FFB0002D20D8F783FF02A904F13600FDF78CFE4F
:10FFC00005B030BDFF23C86C0B70FAF765BD007833
:10FFD000FF3818BF01207047F7B5044630300E4691
:10FFE00000F05BF961880746CA0605D52822EDF7BF
:10FFF0003FFD8C3003B0F0BD8B07E06C0FD5FAF7F6
:020000040103F6
:1000000020FE217905463846EBF7AEFD63880146B0
:100010002846009333466279EBF7C4FDE9E7FAF727
:1000200000FEEEE74388092B10B5044607D1EDF733
:10003000A1F920460121BDE81040EDF7E1B810BD5F
:10004000034608465A8812F0180F30B587B010D111
:1000500003F13001ADF80420D3E902459B880091FB
:100060006946ADF81030CDE90245FFF738FE07B01C
:1000700030BD0120FBE7D0E902017047007D003868
:1000800018BF012070470B68C0F816308B88438377
:10009000012303777047438813F0100005D013F055
:1000A000040F14BF00201F2070479A0704D4DB07F9
:1000B00001D4D9F77FBDEE20704708B5FFF7EBFFFD
:1000C000003818BF012008BD4FF40043A0F84830A5
:1000D00043881D2B08BF00214174704790F913001D
:1000E0007047408800F0010070478078C0F34000FE
:1000F00070478078C0F3401070478078C0F3C0002C
:10010000704710B54488C06CE30654BFC4F3400484
:100110000024FAF77DFD84F001042043C0B210BD35
:100120008078C0F3001070474088A0F1090358425E
:10013000584170474079C31E012B05D8B1F8723081
:10014000012B14BF04200320704710B50446E9F7C3
:100150005FFBC0F30B00A042F9D010BD90F86830EF
:1001600001624B72D0F86930C1F80A30B0F86D30D6
:10017000CB8170477047ECF74BB980F88810704717
:10018000FF2380F88B30704780F8241080F82520FA
:1001900070478278034612F0010002D0D978C9076F
:1001A00010D5900702D5D97889070AD512F0040036
:1001B00008D0D878C0F3800080F001008000C0B281
:1001C000704702207047C0F34002C0F3800300F084
:1001D0000100134418447047022808B507D00428CA
:1001E00007D0012807D039212E20D8F767FE262016
:1001F00008BD2720FCE72520FAE70023C0F80230DD
:1002000001234370037070478170704710B54270CE
:10021000144601708078FFF7D6FF484304FB00F2D4
:10022000FE2A03DD5C212E20D8F748FE10BD0023F6
:10023000C37043710371704710B50446FFF7A9FFFF
:10024000637962780133DBB29A4263710CD1E3784F
:100250000022A17803436271DBB29942E37001BFCF
:100260002379E27001332371BDE81040FFF7B4BF7A
:1002700038B504468078FFF7A6FF0146E078FFF71F
:10028000A2FF2378227965789B1A6B4359436379DF
:10029000C91A00FB1510C0B238BD014608B58078F8
:1002A000FFF791FF4A780B7853435843C0B208BD1B
:1002B00008B5427903462AB1FFF76BFFBDE8084055
:1002C000FFF78ABFC07881070BD410F00100F5D189
:1002D0009B785A0707D413F0020F14BF02200120A5
:1002E000ECE70220EAE70420E8E7042806D19201BF
:1002F00002F53472803201FB02F07047032803D10B
:10030000120102F5E772F5E702280BBF0B320A3241
:100310009200D200EEE740F2EF20704740F25A33ED
:100320005843704710B50446FEF76AFC2046BDE806
:10033000104001F088B910B5044601F098F910B9E1
:100340002046FEF75DFC002010BD08B5436893F819
:100350008D20172A04D040F254513120D8F7AEFD39
:100360001B2283F88D2008BD08B590F81631FE2BAE
:1003700004D040F6BE013120D8F7A0FD002380F85C
:10038000161180F8173112B9A0F8CC2008BDA0F8DA
:10039000C630012380F8CA30F8E708B5436893F8FF
:1003A0008D20322A06D1002283F88D20BDE8084036
:1003B000FEF740BC172A03D11B2283F88D2008BD0D
:1003C00040F269513120D8F779FD837C63B9437BD2
:1003D000A3F11102032A07D990F8500028B11D2B70
:1003E0008CBF00200120704701207047837C63B9D7
:1003F000037BA3F11102032A07D990F8500028B11A
:100400001D2B8CBF002001207047012070474368DE
:1004100010B593F88C2093F818110A2A09D193F893
:1004200011218A4205D1002283F88C2083F8CA204A
:1004300010BDD3F8802012F0080407D022F0080283
:10044000BDE81040C3F88020FEF7F4BBFF2905D1BA
:10045000342283F8B44283F88C20E9E740F24E510D
:100460003120D8F72BFD38B50E38536814460D46A9
:1004700093F88C20092840D8DFE800F0053F3F3F83
:100480000F3F183F3F27042A05D12046FEF7B8FB4F
:100490002046E9F7FDFF002038BD102AFBD10022DD
:1004A00020461146BDE83840FEF7B2BE1E2AF2D102
:1004B0002046FEF7A5FB002DEDD0626892F8E030F3
:1004C00023F0200382F8E030E5E793F88D20242A1A
:1004D000E1D10025204683F88D50FEF7ABFB636821
:1004E00093F82C31012B03D129462046E8F730F848
:1004F0006368002283F82C21CDE740F25721312098
:10050000D8F7DCFC02464068497890F88C301E2B06
:1005100016D00DD8042B15D0102B15D090F88D00C7
:10052000242815D0302B0CBF2620FE20EDF7D8BB99
:10053000292B0BD02F2B01D0222BEFD11620F5E742
:100540001420F3E70E20F1E71220EFE72320EDE778
:100550001720EBE7024640680B4690F8E01041F0A8
:10056000040180F8E01099785878EDF7B9BB38B5F8
:100570000C460546D1E90501D9F792FA94F8043200
:100580003BB104F508742046F8F772F82046F8F7F6
:10059000A9F80D212846D9F7D7F90E212846D9F711
:1005A000D3F910212846D9F7CFF90F212846D9F7DA
:1005B000CBF911212846D9F7C7F928461221BDE801
:1005C0003840D9F7C1B90022A0F88C2080F89020DB
:1005D00090F8D33113B10221EBF70ABA0321FBE7FC
:1005E00038B50446084694F8B03213B10C252846B5
:1005F00038BD94F88D30163B012BF7D894F8E032D3
:1006000003F0FF05002BF1D191B194F8EE3123B93D
:1006100040F682213120D8F751FC052304F1F8027D
:1006200004F5EF71F8F762FF012384F8B032DEE7DA
:100630000223FAE7E9F790BAE9F7C8BA022910B538
:10064000044603D003290BD07B210EE00421D9F707
:1006500065F968B920460621BDE81040D9F75EB9B2
:100660000621D9F75BF918B97221AA20D8F726FC20
:1006700010BD10B50F21D9F751F90446C37A9BB1CB
:100680000521C08BD9F74AF970B15030FFF74DF909
:1006900018B1B621AA20D8F711FC0521E08BD9F7B3
:1006A00053F908B1B721F5E710BD08B5032803D801
:1006B000DFE800F00709070940F20D21AA20D8F76A
:1006C000FDFB012008BD0020FCE770B5466805462B
:1006D0000F213088D9F722F9044601462846EEF763
:1006E000C9FE18B102280AD0FE2070BD94F85A0045
:1006F000FFF7DBFF002814BF1C202A20F5E70023AA
:1007000086F83531F0E738B50D460F21D9F7CAF82C
:10071000044620B940F27631AA20D8F7CFFB8822D0
:100720000021F9F705F995E80F0084E80F0038BDBE
:1007300010B5044690F8751090F87400EEF7AEFF0F
:10074000002201462046BDE81040FEF787B910B5EB
:1007500086B0044613460A4601466846EEF7BCFFDB
:10076000694604F5FC70F7F711FF20B940F2DB2170
:100770003520D8F7A3FBB4F886300133A4F88630CF
:1007800006B010BDEEF764BFC0F8D011704710B5C9
:100790000446FFF7F9F800F5E671E269E36B9A4267
:1007A00028BF1A461046FEF762F9B0F5296F28BF38
:1007B0004FF4296080B210BD10B5044686B020B950
:1007C0004FF4C7713520D8F779FB90F8F02102F08B
:1007D000FF0312B140F28F11F4E70146012268468F
:1007E000EEF77AFF694604F5FC70F7F7CFFE10B913
:1007F00040F29311E6E706B010BD436893F8182164
:100800002AB1002283F88C2083F8CA20704783F82D
:100810008D20FEF70FBA436893F88C20032A05D188
:10082000002283F8CA2083F88C207047FEF702BAB2
:1008300010B50446FEF7E4F92046BDE8104000F08C
:1008400002BF10B5044600F012FF10B92046FEF7B3
:10085000D7F9002010BDE4F763B9A1F11303012B10
:100860000AD910B9172902D87047132906D91C29AB
:100870008CBF002001207047012070470020704786
:1008800038B5142853680D46144693F88C300CD0B4
:1008900016281AD0122831D1052B14D10022204657
:1008A0001146BDE83840FEF7B3BC1E3B022B0AD808
:1008B0001046FEF7A5F935B1626892F8E03023F0F2
:1008C000200382F8E030002038BD212BFBD11046F8
:1008D000FEF796F96DB1626892F8E13023F00103FA
:1008E00082F8E130626892F8E13023F0080382F880
:1008F000E1301A212046E7F72BFEE4E740F24D41B4
:100900003620D8F7DBFA43680246497893F88C30F2
:10091000A3F111000C280BD9292B0BD01E2B0BD0C7
:10092000052B0BD0212B0CBF1620FE20EFF7DABAD7
:100930000320FBE72320F9E71420F7E71220F5E76F
:10094000024640680B4690F8E01041F0040180F840
:10095000E01099785878EFF7C5BA70B50C4605469F
:10096000D1E90501D9F79CF894F8F0313BB104F5D1
:10097000FC763046F7F77CFE3046F7F7B3FE04F519
:10098000E4742046EAF742F910B12046EAF74CF940
:100990000D212846D8F7D8FF0E212846D8F7D4FFD6
:1009A00010212846D8F7D0FF0F212846D8F7CCFFD2
:1009B00011212846D8F7C8FF28461221BDE870400B
:1009C000D8F7C2BF00207047E8F78CBFE9F7ACB892
:1009D000E9F7FCB870B5468E014690F89020B60055
:1009E000B0F8C03012BBC3F106039D1B91F8BE30B6
:1009F0001BB191F88C30052B1DD101F18000FFF760
:100A0000F5FCD0B1D1E92D34E41AA41BAC4208881E
:100A1000A8BF2C4600F04BFE20B1C389043B9C428A
:100A2000B8BF1C4624EAE47080B270BDB0F8C25072
:100A3000ED1AAD1BDAE70024E8E72C46E6E70020D4
:100A400070478C210A2008B5D8F738FA84210A208B
:100A500008B5D8F733FA90F835304BB9B0F87A309A
:100A6000828A9B1A9BB2032B8CBF01200220704705
:100A7000012070470020704710B50C460A21E08D18
:100A8000D8F74CFF10B1FF2380F8A630A06820B93A
:100A900040F2F3110A20D8F711FABDE81040F9F737
:100AA000FBBF70B50D4604210646D8F737FF044654
:100AB00048B906213046D8F731FF20B115B190F87A
:100AC000E53003B90446204670BD90F82D3053B987
:100AD0000131C9B2837B01EB4300C0B2012884BF5E
:100AE0000130C0B270470231F3E7C28D70B50446E1
:100AF00090F8300094F834104FF6FF7301F0FF05C2
:100B0000B1B99A420ED000280CBF23253B25A0681E
:100B1000FAF787F82B460146227C2046BDE8704054
:100B2000F0F73EBB94F83530002B18BF0925EEE7EF
:100B30009A42E8D10925EAE710B514461A469DF80D
:100B40000830F0F72DFB00F5D570A0428CBF0020D7
:100B5000012010BDFF2380F82C307047C17370470F
:100B6000FFF78ABF70B504460668FEF748FE0546E3
:100B70002046FEF7DAFE044635B196F8CA301BB1BE
:100B800006F1F800EAF750F8204670BD90F83C00F6
:100B9000A0F1FF0358425841704738B590F83750DC
:100BA00000230446052D80F8373002D10089F1F783
:100BB00007FB50342046FEF744FE08B1042D04D153
:100BC0002046BDE83840FEF777BE20460121BDE84B
:100BD0003840E9F799BF4FF4D6710D2008B5D8F722
:100BE0006DF938B50546C07D0C46F4F7F7FF00F502
:100BF00023434FF47A72A133B3FBF2F3EA7D042A64
:100C000014D064B1032A07D0022A40F6480208BF74
:100C10004FF48562981838BD41F2BE12FAE7032AF4
:100C200006D0022A14BF50222C22F3E7002CF3D165
:100C30004FF4E772EEE710B5044690F88830042BC5
:100C400001D1012010BD90F88830062BF9D050302A
:100C5000FEF703FED4F8A030834206D203EB430331
:100C6000D4F8B42003449342EBD20220EAE71D23D8
:100C700013B50B70044630F83E3C0A30A1F803303F
:100C8000FEF753FE20B140F2C1110D20D8F716F93E
:100C9000052134F83E0CD8F757FE10B140F2C311CD
:100CA000F3E74FF4017303F004021B0A62F3070039
:100CB00063F30F2002B010BD10B504465030FEF7AC
:100CC000BAFD88B994F8373013F0FD0F0AD12046E9
:100CD000FFF7B1FF431E594259412046BDE810407D
:100CE000FFF77FBF0121F8E701212046FFF779FFD9
:100CF000B4F8B830184410BD31B10B789B091841D5
:100D0000C04300F001007047C0F3001080F0010004
:100D1000C0B270470020704773B5054608462821C9
:100D2000FEF736FB044630B383788DF80030C37885
:100D30008DF8013003798DF8023043798DF8033056
:100D40008379684603F01F038DF80430FCF7CAFE70
:100D500088B1B4F80720B5F88A30D31A1BB2002B3B
:100D600009DD01230098EA8585F82C309DF80430D0
:100D7000286385F8343002B070BD90F82C3010B57F
:100D8000044673B1C38DB0F88A209B1A1BB2002BA6
:100D900007DC00F130011E30FCF79EFF002384F8D1
:100DA0002C3010BDF8B500F150050446D1E90467B8
:100DB0002846FEF740FD32463B4658B12846E9F743
:100DC000C1FE08B90020F8BD3E212046F0F788FC9E
:100DD0000120F8E72846E9F7CFFE0028F2D02046A8
:100DE000F0F702FFF4E790F83730042B04BF00233C
:100DF00080F837300089F1F7E3B970B5044605682B
:100E000007292FD8DFE801F004301414212E252AF9
:100E100005F15000FEF7A8FC28B9236B2846DB68D3
:100E2000BDE8704018472846BDE87040F0F794BE12
:100E30002846FFF7D8FF2046FEF796FCA0B12046D3
:100E40000021BDE87040E9F75FBEBDE87040F4F7EF
:100E5000E9BB036BBDE870401B6918475C210C209F
:100E6000D8F72CF85F21FAE770BD012070472DE913
:100E7000F843B0F802510F46C38904460135ED1A14
:100E8000D0E90423ADB2AD18A9B243F1000800F0D7
:100E90004DFA0646002846D1B4F86C3094F8542038
:100EA000013394F838105B1940EB0808A3FB0235B6
:100EB000013B02FB085545F1FF35032920D1D4F849
:100EC000981051B1C2EBC202D2439A424FF07F0355
:100ED000AB4107D33046BDE8F88340F2F3414D20E3
:100EE000D7F7ECFFA37E022B05D0A37F1BB9082305
:100EF000E377FF23A3777F2D94BF00260126E9E740
:100F0000D7E9048904F1C8073846FEF794FC424645
:100F10004B4650B13846E9F715FE0028DAD03E219D
:100F20002046F2F723F80126D4E73846E9F724FEF5
:100F300020B108212046F2F751F8F4E7D4F89830B0
:100F400013B940F22151CAE77F2DC3D9F1E7DFF78A
:100F500051BF70B515461E46D0F8984044B1F83CD4
:100F60002A4633462046F5F791F9D4F8F840F5E7DC
:100F700070BD37B55C1C058AE4B22B460094FCF7C3
:100F800050FF03B030BDF1F787B90A4608B590F8B5
:100F9000573090F86F1032B11BB10C20FAF705FAF8
:100FA00008BD0820FAE790F85800002BF6D004306E
:100FB000F4E70AB1043080B2FAF70FBA08B52C236F
:100FC0000B70437A0B7110F87F0CC8700A21D8F7A8
:100FD000BBFC20B140F281114920D7F76FFF08BD5B
:100FE00008B52A230B70437A0B7110F87F0CC87078
:100FF0000A21D8F7A9FC20B140F2D5114920D7F732
:101000005DFF08BD08B5F1F7C3FEBDE80840DFF796
:1010100031BE0020704710B54FF4A4720021044681
:10102000F8F786FCF1F7BCFE0023C4F8F800C4F81A
:10103000C840C4F8983010BD38B591F838300D4626
:10104000032B08D1002195F8A600FFF72AFD10B167
:101050004FF6FF73C38505F1C800FEF766FC18B1B3
:10106000F9214920D7F72AFFD5F8984024B32368FF
:10107000C5F8983095F83830032B0DD1A4F1F8005D
:1010800001F0AEFA0B2134F8060CD8F75DFC00280D
:10109000EAD040F20511E4E7022BE5D1A4F1F80013
:1010A00000F0EFFB0C2134F8060CD8F74DFC0028BB
:1010B000DAD04FF48571D4E738BD10B50139029C00
:1010C000013803FB014402FB004010BD10B903FBD3
:1010D00001F07047009B03FB02F0704710B550B958
:1010E00003FB01F49DF8102008209DF80C10FFF779
:1010F00060FF204410BD029B03FB02F4F2E770B5D1
:1011000090F83C30044690F83B500E4690F857203B
:10111000ED1A036E90F86F10013E90F858005D4391
:10112000FFF747FFE36D03FB0655284470BD30B55C
:101130009DF80C509DF81840B3FBF5F39DF8105046
:101140005B1B9DF814506B4303FB022210440CB14F
:10115000084430BD401AFCE741EA0020704770B5F2
:1011600015461E460C46D8F777FE06FB05F3DBB2A4
:10117000A34234BFE41A00249DF8103038BFE4B213
:10118000012E98BF012503FB0455854208DCF5F7C5
:101190006DFABDF81430984234BF0020012070BDB4
:1011A0000020FCE790F8541090F8562090F83E305C
:1011B0004A4390F85500D2B2934289BF9B1A00234C
:1011C00093FBF1F3DBB25843704702292DE9F04756
:1011D00080460D469146DDE909761ED940F6C412D7
:1011E00002FB03FAFCF736F901465046F5F77EFF9D
:1011F00004464FF4FA715046F5F778FF2318203370
:10120000089A9632B8F1000F09D1934238BF1346BD
:101210005D4333603D60BDE8F0870023F0E702FBEB
:1012200009F93A6099452CBFC6F800903360F2E79F
:101230004FF480720021F8F77BBB70B50C46054671
:10124000A8B1A1B1837E93B90B784A78C3F3820326
:101250000376CB78012B0BD1032A08D9022383769E
:101260000B79C3774B798A7943EA0223038470BDF3
:10127000002BFCD1072AFAD90E1D3046FCF732FCB0
:101280000028F4D00123AB76637AA27A43EA0223E2
:101290002B856368C5F82330237A85F82730E6E785
:1012A00037B50346027E807E012812D0022824D161
:1012B000D87F01241B8CCC70A1F805300423087161
:1012C00092004B7002F01C0242F003020A7003B05D
:1012D00030BD1D8DD3F8230093F82730ADF80550AD
:1012E0008DF8043000234860CB70BDF804009DF8F1
:1012F000063008818B720823E2E760215020D7F77F
:10130000DDFD837E012B10B504460ED1038D028ACC
:10131000013B9B1A47F6FD729BB2934205D900F13F
:101320002301FCF7D9FC0023A37610BD08B5837E0A
:10133000022B14D1038C5B1A47F6FD71013B9BB263
:101340008B420CD990F83830022B04D1C17FF1F7D1
:1013500045FE012008BD1621F1F754FEF9E70020F3
:10136000F8E770B5827E04460AB1002070BD837F25
:1013700003F0FF063BB1038A07330384022383761D
:1013800082770120F2E790F82230002BEDD000F1B7
:1013900023052846E7F7D2FE0028E6D084F822602D
:1013A0000522611C2846F8F7A5FA0028DDD0238A1B
:1013B000073323850123A376E3E770B590F90F3057
:1013C000041F0D1F0C30DB1100225BB254F8046FB8
:1013D00042EA4602844245F8042F22684FEAD2725C
:1013E000F4D10A7823F0780353400B7070BD2DE9D7
:1013F000F04111F0030498B006460D4690461F4692
:1014000003D0B7215220D7F759FD5022214604A816
:10141000F8F78EFA1E9B1022214608A816938DF825
:101420005C808DF85D70CDE91465F8F781FA30467F
:101430000CAE07236A4608A9F8F758F83146684603
:10144000FFF7BBFF10A93046FFF7B7FF1022214678
:101450000DEB0200F8F76CFA9DF85C30A3F1100771
:10146000159D102B3D4413D92B1F04AA0C3553F89E
:10147000041F52F8040B9D4281EA0001D160F6D1AD
:10148000072304AA08A91498F8F730F8FBB2E5E797
:10149000C3F1100310AA13F0FF0314BF1146314625
:1014A00004AA03F1FF3CE0B283421DD9ACEB040077
:1014B00046424641F6010F5D013412F8010B102C33
:1014C00080EA070086EA0006D673ECD19DF85D300D
:1014D00008A9169A002B14980CBF05230723F8F7C8
:1014E00005F818B0BDE8F0812E5DE4E708B5F3F724
:1014F00041FBBDE80840F2F73FBC08B520B94FF406
:1015000084712420D7F7DAFC27230B70B0F8093058
:101510008B80037BCB70C37A8B7108BD436893F8D3
:10152000E320520708D593F83E2102F0FF002AB9C4
:10153000FF2283F83E2170471A2070473A207047F7
:101540001D2310B504460370E6F7FAFF6070022011
:1015500010BD1E2310B504460370E6F7F1FF60705E
:10156000022010BD08B5436893F88C201AB16D2194
:101570002420D7F7A3FC332283F88C2008BD08B5BC
:101580000378426833B992F88D306BB1782124200A
:10159000D7F794FCD2F88030D90501D47C21F6E746
:1015A00023F48073C2F88030BDE80840FDF742BBE9
:1015B00008B5027843684AB993F88D20DAB9332226
:1015C00083F88D20FDF725FB002008BDD3F880208F
:1015D00012F4807F11D14978072905D94FF4E952D7
:1015E000A3F812213222EBE742F4807283F87F10D5
:1015F000C3F88020E6E70120E7E72020E5E710B503
:10160000446894F88C30332B1BD14978072903D8D0
:1016100003780BB184F87F1094F83E314BB1072961
:1016200040688CBF1E220022F2F7F4FB002384F8EE
:101630003E31002084F88C00A4F8C60084F8CA006B
:1016400010BD0120FCE710B5446894F8E33023F0A6
:10165000040384F8E33094F83E313BB11122FF21BA
:101660004068F2F7D7FB002384F83E3110BD1D29F6
:1016700010B510D1446894F88C30332B0BD194F80A
:101680003E3133B1FF214068F2F7C4FB002384F8F8
:101690003E31002010BD0220FCE70123438003807F
:1016A00000238380C3804FF44863038170470E2179
:1016B000D8F734B973B569460546FCF770F90446A6
:1016C00018B11F215420D7F7F9FB2846019EFFF7D8
:1016D000EEFF28B101237386848144810482C48192
:1016E00002B070BD3C2303804FF4FA4343800123D2
:1016F000C38083800023038143814FF44863838147
:1017000070471121D8F70AB90346006860B1EFF3BA
:10171000108272B618680168196002B962B60023B7
:10172000037043708370C3707047F8B590F82C3025
:101730001BB9B0F89A402046F8BD90F89650B0F822
:10174000904090F89530BDB113B90134A4B2F2E7DE
:10175000D0E91E31426AD0E92056581B4FEA5203A5
:1017600061EB0601C0184FF0000341F10001F7F7EB
:10177000EDFF204484B2DEE7002BDCD0D0E922C6A6
:10178000D0E90031D0E90927B3EB0C033A4461EB0F
:1017900006016FF001069E428D4104D240F299315C
:1017A0002620D7F78BFBC17FB3FBF1F37B439A4233
:1017B000C1D2CAE770B504460025E66B206E1EB99B
:1017C000D8F76CFB266670BDE16B0B68E3630D70A8
:1017D0004D708D70CD70F9F74AF9EEE7036E10B5D4
:1017E000044623B9807FD8F747FB206608B1002064
:1017F00010BD0720FCE7F4F799BC38B504460D4648
:10180000182200214830F8F793F8204684F8545005
:10181000F4F7AAFC10B9FF2384F8553038BD002135
:1018200000220023783040F83C1C40F8381C00F8B7
:10183000581C40F80C1C40F8081C40F8041C40E9F7
:101840001E232822F8F774B8034690F8302002F0DF
:10185000FF0012B1186EF9F7FAB8FF2283F868207A
:1018600070470B460146186EF9F701B910B50446EA
:10187000606C28B1036821466364FFF7F2FFF7E765
:1018800010BD10B5044690F830300BB1F4F74EFCA3
:10189000236E3BB12046FFF7E9FF2046BDE810402C
:1018A000FFF788BF10BD38B50D460446F4F73EFC7F
:1018B0003DB92046FFF7DAFF2046BDE83840FFF784
:1018C00079BF38BD2DE9F041054686B019464FF085
:1018D0000008EC7F04AB1046D5E90976019302AB12
:1018E0007C4300934346B4FBF6F4A4B22246F7F7D8
:1018F0007FFFBDF81030BDF80820E41A85F8988005
:10190000A5F89A20A5F89C40B6FBF7F39BB2B2FB72
:10191000F3F103FB1122A5F89E2006B0BDE8F0818B
:101920002DE9F04F0F4689B0044620B940F24151ED
:101930002620D7F7C3FAD4F80B50A0F1310B50F89A
:10194000310CDBF80410002D00F0CB80D5E90268E3
:10195000414508BFB04208D104F10B00FFF7D4FEA7
:10196000854267D040F25241E2E7864278EB0103BC
:1019700057D395F818A0BAF1000F49D114F8113CCB
:10198000012B33D8D4F83F300133C4F83F3014F87A
:10199000013CDBB2049354F8313C0293DBF8043091
:1019A0000393DDE90232134307D114F8053C23B950
:1019B000002200235846FFF785FFD4F8136046B194
:1019C000D6E90223DDE90210984208BF914218BF10
:1019D0000026049B002B00F01783D4F83390B9F154
:1019E000000F40F08B8040F2DE31A1E714F8122C9A
:1019F00053460192F7F7AAFE8146019A53463046B4
:101A000041461FFA89F9F7F7A1FE80B28145B9D1A5
:101A100004F10B00FFF778FE85422BD040F25D41C8
:101A200086E704F10B00FFF76FFE854234D040F2E9
:101A300074417DE7D4F813000022034623B982B134
:101A400013682B601560A2E7D3E902C1884508BF7F
:101A500066450AD0664578EB0101F0D31A461B684B
:101A6000ECE72860C4F8135091E759462846FFF781
:101A7000F8FE8CE7D4F813000022034673B9D2B104
:101A800013682B601560D4F82F00F8F7F9FFD0B970
:101A900004F1130000F06CFE594612E0D3E9027124
:101AA000884508BFBE420AD0BE4278EB0101E6D3AA
:101AB0001A461B68E2E72860C4F81350E3E759466A
:101AC0002846FFF7CEFED4F80B300027003B18BFA6
:101AD0000123002067F3070063F30F2009B0BDE87E
:101AE000F08FD4F81330002B3FF44CAFD3E902232E
:101AF000994208BF90427FF445AF48E7002E00F0BE
:101B0000C78014F8051C06F1200896F8205096F8B6
:101B1000212041B115F0020F0CBF03250025012A39
:101B20001DD803256FE005F00300022800F0868031
:101B300015F0020540F0D78294F8673020B95B00B9
:101B4000DDB2B4F8613022E013B1002A40F0CD825A
:101B5000B4F86B000128F4D183F00105F1E794F8A3
:101B600063C006F1230E0EEB0C035B780CEB030055
:101B70001EF80CC01CF0010F00F1020058D1022B1E
:101B8000CFD99042CDD8033BB4F86120DBB21344E7
:101B900034F8152C9342D4BF002301239D4238BF53
:101BA0001D46012D2FD800294AD006F1230C94F8A8
:101BB00063001CF80030D90725D454F8191C604480
:101BC000D6E9043290F803C0CB1842EBE1710279F8
:101BD0008078120442EA0C2202430020934271EB07
:101BE000000C10D39A1AD4F8533061EB0001D4F8EA
:101BF0004F0090428B4106D20123C4F8472084F85D
:101C00006530C4F84B105846FFF78FFDB4F85F20DD
:101C10000190811A88B209B2012940F07A81002D21
:101C200040F02F813B680593A3BB40F24F217FE634
:101C300094F865C0BCF1000FA3D172E7032580E7DB
:101C4000B4F86130002BDED154F80D0C14F8123CBE
:101C500054F809CC4343B4F86B20B3FBFCF39BB2BC
:101C60009A42D0D154F8191CD6E90432CB1842EB71
:101C7000E171604506D2B4F86D204243D218134694
:101C800041F100010122C4F8473084F86520B8E72B
:101C9000B04646E79DF81C0006F1230A96F820C0DE
:101CA00096F821806CF301008DF81C0014F8050CE7
:101CB000002800F0918094F863001AF800C00AEB45
:101CC000000E1CF0010F9EF80180CCF3400109BF0B
:101CD000A8F10308023005305FFA88F814BF84F8D1
:101CE000630084F8630094F863C009F10800B4F855
:101CF0006190E244002900F0B480D4F84B30A4F1A4
:101D00003101D4F847C0C144C4F85330C4F84FC0BF
:101D10001FFA89F9D6E90223C1E922230121019B97
:101D200084F8641034F8211CA4F85F30B98009F1FC
:101D30000801059BF9804FF481713981C3F800C017
:101D4000FA883968083A019B92B20B711B0A8A71B2
:101D5000C2F303224B71CA7101463B68B4F861209B
:101D600003F108000193F7F74DFEB4F86100019B01
:101D70004246083051461844F7F744FEB4F8613043
:101D80004344A4F8613094F86330434484F86330EA
:101D900094F82430002B62D094F82330012B31D0FA
:101DA000022B2BD0002B42D1B9F1000F3FD0D4F839
:101DB0001F300133C4F81F300023A4F8613084F8C9
:101DC00065302F4696F8212094F863309A4280F0CF
:101DD000F98040F20D51ABE59DF81C00820707D158
:101DE00084F86710B4F86B104B1E594259417AE7DA
:101DF00094F8671000293FF476AFF3E734F8153C08
:101E00009945D4D1B9F1030FD1D93B689F6814F833
:101E1000053CA3B194F82B307BB1D4F827300133C3
:101E2000C4F82770FF2284F82B209F42BFD1D4F83A
:101E300017300133C4F81730BEE73B46F0E754F8DB
:101E40000D1C14F8122C4A4354F8091CB2FBF1F291
:101E5000D6E9020192B2F7F779FC8742E6E7082556
:101E6000AAE7424651464844F7F7CCFDB4F8613042
:101E70004344A4F8613094F86330984484F8638054
:101E80009FE7022D0CBF4FF0010A4FF0020A01320A
:101E9000002394F865C0A4F1310E92B2A4F8613029
:101EA00084F86530A4F85F20BCF1000F4AD194F8A3
:101EB00064C0BCF1000F5BD054F80D3CDEE920019A
:101EC0001B1841F10001CEE9203194F824100029BB
:101ED00050D094F82B3023B1D4F827300133C4F814
:101EE0002730D4F81B3000270133C4F81B30A4F18D
:101EF0003101D1E90023C1E9222335B1B8F1000F46
:101F000003D098F8013084F86330002E7FF45AAF84
:101F100059E014DCB8F1000F0CD014F8053C5BB1AB
:101F200055B994F863309844023398F80420134468
:101F300084F863300027E8E798F80130F8E74FF0BD
:101F4000020AA4E7C0B254F80D1C0138C317A0FB65
:101F5000010901FB0399DEF87830DEF87C101B1ACA
:101F600061EB0901CEE92031012184F86410ACE76E
:101F70006346AAE7BCF1000F21D0082034F8211CE9
:101F800087F809C0B9800221F8803972BCF1000FCE
:101F900001D039680B60D7F800C0011FFF880CEB37
:101FA00001030CF801203F1A120ABFB25A709F7049
:101FB000C7F3032747EA8A17DF70082797E76346C6
:101FC0000420DBE769D1029B5A1C039B43F1000309
:101FD00044F8312C44F82D3C14F8053C63BB54F80C
:101FE0000D0C14F8122C54F8091C4243B4F86B3051
:101FF000B2FBF1F2013B92B29BB29342A4F86B3078
:1020000004D340F2195193E4049FDCE7A3B9A4F888
:102010006B20B4F8692084F867300132B1FBF0F12D
:10202000A4F8692089B2B4F86D20013292B29142CD
:1020300018BF1346A4F86D30002384F86330B6B19E
:10204000D4F8133013B94FF4AF6171E4D3E902123D
:10205000DDE90205954208BF8842F4D11A689E4224
:10206000C4F81320EFD159463046FFF7FAFB049B22
:102070009BB994F837305BB1D4F82F302BB1584668
:10208000FFF7F4FB5846FFF795FB002384F8373041
:102090000023A4F8613084F86530D4F81330A4F13B
:1020A000310254F8316C506833B1D3E9025188429F
:1020B00008BFAE4218BF0023D4F80B1089B983B90A
:1020C000A4F12903D3E9000154F8313C52680133EB
:1020D00042F10002984271EB02022CBF012300235F
:1020E000F7E40123F5E40D462BE5022529E500235D
:1020F0008365D0E92032013342F10002C0E9203289
:1021000090F8633013B1013B80F8633070472DE9DC
:10211000F04F044685B04FF00008A56D65B9606DBD
:1021200050B1F8F794FCA06530B118222946083068
:1021300084F86250F7F7FCFBA56D4DB3B4F860C0AE
:10214000277FBCF1000F21D194F86330F3B1EFB9D0
:10215000D4E9202385F821702F706F70AF70EF7075
:10216000C5E902234FF0010385F82030EFF3108317
:1021700072B6626A7AB96562A56203B962B64FF057
:1021800001036B742046FFF7B2FFC6E7E66A2EB97B
:1021900005B0BDE8F08FA26A1560EDE796F8213032
:1021A00003F03002202A04D040F2ED119520D6F73A
:1021B00085FE1B0903F00403243306EB030A0AF12E
:1021C00004030193BCF1000F6BD1D6E9020E002F7E
:1021D00053D0D6E90432D6E90619C31A6EEB020EC3
:1021E000012B7EF100022DDBB3F1004F7EF1000EDA
:1021F00001DBD121DAE7A269501E0344B3FBF2F3FD
:102200005918E27B49EBE373A1FB0210D4E9209E4D
:1022100002FB0300494570EB0E0338BF704694F88B
:1022200062E038BF4946BEF1000F1BD0D5E902235A
:10223000834208BF8A4215D06B7C002BA2D140F2AA
:10224000FF11B3E753EA0E020AD0B3F1004F5EF17B
:10225000000E01DAD621A9E7A26993FBF2F3CFE7DA
:102260000123CDE7C5E90210A37BA3EB0E03DBB28C
:10227000042B14D84FF4027198E7D4E90512E37BDC
:10228000B2FBF1F2B3FBF2F9D2B2A9FB0010B3FB3F
:10229000F2F309FB0E00C5E9021084F86330C4E9CB
:1022A000201005F12303002F00F0DC80E17BB269F0
:1022B00094F86200A2FB01E2D4F88020A2EB0E02A7
:1022C000B2FBF1FEA269D6E90471EEFB0271894608
:1022D00010B1BCF1000F31D11A18D6E9021E6266A6
:1022E00000221A52821CD2B284F86220BCF1000F84
:1022F00040F0B3808F4279EB0E0E02D240F29B1178
:1023000054E7791AB1F1807F02D34FF4D0714DE7D1
:1023100003919918BDF80CE09DF80E0023F802E037
:10232000887094F86220033284F86220626E5178DB
:102330000331517011786CF30001117096F823206D
:1023400096F822B002F03F02D4E920015BEA022BAA
:10235000C5E9020109D096F82120510654BFABF11E
:10236000040BABF1080B1FFA8BFBB4F8601094F868
:102370006200A27BABEB010C121A1FFA8CFC184412
:10238000D2B2944538BF5FFA8CF20AF1040C8C4447
:1023900001926146F7F736FB94F86210019AB4F89F
:1023A0006030114494F81CE01344C9B29BB284F825
:1023B00062109AF803C09AF802000CF00F0CA4F80F
:1023C000603040EA0C20BEF1000F11D0D4F864C098
:1023D0009CF801A052448CF801201A1AD2F1000A8C
:1023E0004AEB020A9CF800206AF341028CF80020B4
:1023F000A27B8A4201D0834228D16A7CA2B3EFF348
:10240000108372B62A7C0AB985F8211003B962B626
:10241000237F0BB96A7CB2B994F862C0A07B844573
:1024200011D02A7C7AB98BB16369D6E902125B18A4
:1024300042F100029F4279EB020204D3A0EB0C00B0
:10244000C0B2082802D82046FFF751FEB4F8603029
:102450005B452ED94FF41971A8E61A5C42F00102CF
:102460001A546BE7B94669E7BEF1000F1CD11B1A7D
:1024700018BF012385F8203085F82110A36D83F85B
:10248000008083F8018083F8028083F80380EFF3F3
:10249000108272B6616A49B96362A36202B962B618
:1024A0004FF001036B74B3E70223E3E7A16A0B600B
:1024B000F3E77FF432AE31462046F4F72DFA0023DD
:1024C000A4F8603029E63E38FFF721BE70B5044617
:1024D0000025666A16B9A16D59B970BD616A606D53
:1024E0000B6863620D704D708D70CD70F8F7BFFA98
:1024F000EFE7606DF8F7BBFAA665EEE7436D10B540
:10250000044633B1FFF7E2FF606DD7F7BFFC00234D
:10251000636510BDC0E92C237047C0E91A23009BF6
:10252000D3E90223C0E91C23FF2380F878307047E9
:1025300002230B708B70704790F8773007B513B992
:102540004372002010E0037F03F0FF027BB90D23EC
:102550000B7001238B7030F8343CA1F80330437AC0
:10256000A1F805304272042003B05DF804FB343852
:10257000F3F7DAFFE5E737B50446FF2580F850505A
:102580000025C564079D0195069D0095F4F7ECF9BB
:10259000054610B92046F3F7C7FF284603B030BD03
:1025A00038B50446406DF8F74CFA00255822294604
:1025B0006562A018A562E5622563F7F7B9F92946B7
:1025C00004F1B8001022BDE83840F7F7B1B910B5F2
:1025D0000446F3F795FF2046BDE81040FFF776BFAD
:1025E00010B5044690F820300BB1F4F7FFF92046FF
:1025F000BDE81040FFF782BF00F038B8801A00F342
:10260000070038B50D46144659B240B2F4F798FAAF
:102610000023287020446B7040B238BD0023036053
:1026200070477047002070474FF0FF3070474FF001
:10263000FF30704770474FF0FF3070470020704701
:10264000002070470023037070479DF8003000227F
:10265000FFF7D4BF4FF0FF307047002070474FF0B6
:10266000FF3070474FF0FF307047704770470020D1
:10267000F4F79CBA0020F4F719BB0020F4F744BB30
:102680000020F4F793BA7047F6F72EB870B500241F
:10269000F6F76AFD05462646E0B2854200D870BDD1
:1026A000F6F768FD0134068580F82A60F4E7F8B58E
:1026B000037904461BB11B219D20F6F7E1FD467905
:1026C000017126B901234371217909B96171F8BDFE
:1026D000276820462671B84702280546F4D1032111
:1026E0002046B84708B12F21E6E72368294620464F
:1026F00098470028E8D03021DEE70346006888428A
:1027000004D109B10A681A600846704728B97047B1
:10271000884202D10A681A60F6E70346006800287A
:10272000F6D1704703460068884209D1EFF3108262
:1027300072B6186808B10168196082B962B670474C
:1027400048B97047884206D1EFF3108272B6186814
:1027500001681960F1E7034600680028F2D170476C
:10276000006820B1034600680028FBD11846704776
:102770000246006860B103684BB11A461B6823B972
:1027800003681A680260184670471046F5E7136040
:102790007047F6F737BF704720BF704700280CBF5F
:1027A0006FF015000020704700207047072303706A
:1027B00000207047002070470020704710F8012B60
:1027C00011F8013B012A28BF9A42F7D0D01A70476E
:1027D000014805F0ADB900BF9009002107B5CDE96A
:1027E00000010146054806F072FF002200236946F9
:1027F000034808F06FFF03B05DF804FBE887002191
:102800006009002138B5094D4FF0FF324FF0FF331A
:10281000284605F05BF9044601F0DAFD10B12046C8
:1028200001F0D6FB05F0ECFDEEE700BFC00900218A
:102830002DE9FF47DFF8E090384FDFF8E4804FF0F4
:10284000FF3302A94FF0FF32484605F015F8029C0D
:10285000039E234613F8010B711E0228039125D015
:10286000052836D0012804D02146384606F049FF15
:10287000E5E70229F8D9E278043E9642F4D1032232
:10288000CDE900324FF0FF324FF0FF3301F062FD2F
:102890000546043405F10C0A504607F0E8F9864273
:1028A00029D9284601F094FB0299DEE70329DBD9F8
:1028B000B4F80320053E9642D6D104204FF0FF32F3
:1028C000CDE900304FF0FF3301F044FD05340546FB
:1028D000E0E70329C8D9B4F80320053EC2F30D028E
:1028E0009642C1D104221020CDE900324FF0FF32D0
:1028F0004FF0FF33E8E721463246504607F096F99D
:102900003846029906F0FDFE002D98D02946404633
:1029100008F080FF93E700BF60090021E8870021ED
:10292000C009002108B50A4801F05EFD70B90948E8
:1029300006F092FE002802DA10F1780F06D1BDE809
:102940000840054A0549034806F094BE08BD00BF8B
:10295000A8090021BCBF0301F0070021E88700217E
:1029600070B54FF0FF324FF0FF330D4805F01AF904
:102970000C4E0D4D4FF0FF324FF0FF33304605F057
:10298000A5F804462846228AE16806F087FE00285A
:1029900003DB204601F01CFBECE705F031FDF1E71D
:1029A00090090021A8090021E8870021014B1B683C
:1029B000184700BF0C080021014B1860704700BF8A
:1029C0000C08002130B585B004460D4610220021C8
:1029D000684609F09EF902238DF80230044B2A461E
:1029E00021466846019306F08DF805B030BD00BF62
:1029F000AD29030180B505460E461746984605F0F9
:102A0000A3FD034609F022FA0446DFF81890424677
:102A100049F8003039463046A84754F8090000F01C
:102A2000C5FE00BF080000002DE9F047058B0446F5
:102A30002807904611D4022905F0070540F0CC8004
:102A4000204606F022FD78B10138218B042811D8E8
:102A5000DFE800F0C2106D85950001290CBF45F03C
:102A6000100545F02005258388F31188BFF36F8F8B
:102A7000BDE8F08701F0070AAA4500F0A58000270D
:102A8000B9463E46A368002B00F0BC8041F0080127
:102A9000218388F31188BFF36F8FA168002900F0AC
:102AA000BA800D68002900F0B680334652462046B1
:102AB000D1F80480C047002D76D02B6829461D46EA
:102AC000F0E701F007035A1F012A1BD8002221F06A
:102AD0000701062B276889B2C4E9002209D13B46C9
:102AE00003E0628B013262831B68002BF9D141F055
:102AF00002012046218306F0C8FC00287AD041F06C
:102B0000200176E0042B0AD121F0070189B220468A
:102B1000218306F0BAFC10B141F020012183218B02
:102B200001F0070AAA454FD00027B946AAE7236952
:102B300021F0070141F00601062DD3F80090218312
:102B40002DD1B9F1000F3FD041F00801218388F366
:102B50001188BFF36F8F20463949C84729E021F01B
:102B60000701236941F0040189B2042DD3F80490D0
:102B70002183E6D000274FF0040A3E4682E721F089
:102B80000701236941F0050189B2052DD3F80890AA
:102B90002183D6D000274FF0050A3E4672E7002772
:102BA0004FF0060A3E466DE72B4687E7B9F1000F66
:102BB000D1D1EFF31188402383F31288BFF36F8FD5
:102BC000238B23F008032383258BEA062ED525F0DB
:102BD0001003238305F007056669218B002EBFF6DD
:102BE00070AF00232768C4E9003321F0070141F0EA
:102BF00001012183218B4FF0000901F0070AAA454A
:102C00007FF440AF002F9CD041F00801218388F36E
:102C10001188BFF36F8F002FC8D03D683946334607
:102C20005246204606F05DFC2F46F4E7AB067FF5E2
:102C30001BAF25F02003238305F0070500E700BF45
:102C40000F95030130B50C460E4985B00291D0F8BE
:102C5000D4110546CDE9003100F1F0014FF0FF330A
:102C6000204604F0CBF950B9012384F86C30D5F834
:102C7000D03123B1204605B0BDE83040184705B03B
:102C800030BD00BF2798030138B50C4611460546F4
:102C900006F0CBFD034638B92846044906F0C5FDC9
:102CA00003460020236038BD0120FBE71ECB030153
:102CB0002DE9F04F012381460569466889B005F585
:102CC0005D77D7E8EF2F002A03D1C7E8E13F00295D
:102CD000F7D10CBF1A46002240F0B180B368B16A48
:102CE00005F5F8781C1F104606F026FE84426FD8C2
:102CF000013A00F09E80B2FA82F24FF00044D440D4
:102D000072682046073222F00302C5F83C22B16AFD
:102D100006F012FEC5F84002B36A4046634303332F
:102D200023F0030302EB4302230103EB44030933C3
:102D300023F0030303EBC403C5F834221A4408321A
:102D4000C5F830227368C5F83842C5F82C323D4BBF
:102D5000C5E9AD63316800F0E5F90446002835D1D6
:102D6000D9F810B0D9F804A0D9F800300BF53479AF
:102D7000CDE9060005934846DAE90734012B08BF80
:102D8000103C08F0C6FDDAF824002F4905AB01EB32
:102D900080214FF4806248460093234605F066F890
:102DA0002A490BF5307008F06DFDDAE905018368FA
:102DB0005C684CB15B46264AA047044630B9DAE964
:102DC000050183681B692BB96FF05704002129E0C6
:102DD000013288E70122984704460028F6D11D4BAE
:102DE0002846C5F8D0311C4BC5F8D4311B4B039392
:102DF000D5F840320293D5F83C32CDE9008305F591
:102E00001173B26AD5F8701300F054F90446002823
:102E1000DCD105F1F00004F097F90028C5F878033B
:102E20000ADB0221384606F034FD204609B0BDE831
:102E3000F08F6FF00B04C9E76FF01504C6E76FF071
:102E40007704F2E77D9803018894002163980301D9
:102E500057980301612E03010F9A0301C3980301E0
:102E600013B5044640B100230122CDE90032074BDF
:102E7000D0E9091204F096F8236F1B6823B1606F44
:102E800002B0BDE81040184702B010BD1ECB0301D0
:102E900013B504460846216901F55D71D1E8AF1FFD
:102EA000022910D193B1A0B10121CDE9003113461F
:102EB000D0E9091204F076F8074B984208BF6FF08A
:102EC0000B0002B010BD6FF00F00FAE76FF04C007E
:102ED000F7E76FF00100F4E72EF8FFFF2DE9F34765
:102EE00089461546066906F55D73D3E8AF3F022BA8
:102EF00064D1136823B96FF0150002B0BDE8F08704
:102F00001B78002BF7D0D6F870A3BAF1000F36D19A
:102F100006F5EC774FF0FF324FF0FF33384604F000
:102F20000DFD30462A6801A9FFF7AEFE019C8046E0
:102F30001CB9384606F0ABFCDDE705F10803236752
:102F4000AB6984F86CA06367646460B1384606F0CE
:102F50009EFC21463046A36E2A68FFF773FE0020D0
:102F6000C9F80040C9E71F22296804F1480008F0A9
:102F7000FAFE384684F8678006F089FCEFE73046B1
:102F8000104906F052FC04460028B4D0002705F191
:102F900008030367AB6980F86C70436740641F22C5
:102FA0002968483008F0DFFE22460121304684F8C7
:102FB000677000F061F80028D1D09CE76FF00F0037
:102FC0009BE700BF1ECB030110B50C46006900F55E
:102FD0005D73D3E8AF3F022B0FD189B10A4900F5E9
:102FE000307008F07BFC204608F034F8782200218D
:102FF000204608F08EFE002010BD6FF00F00FBE7AA
:103000006FF00100F8E700BFF08700212DE9F04FD5
:1030100005460E4690460027D0F8C4A085B0AAF514
:10302000BE7421463046FFF7C9FBE0B9114BA4F14D
:10303000480B0293DAF810303246CDE90083294676
:103040004FF0FF335846AAF5E27903F0D7FF60B995
:103050007823012203FB079383F86C20DAF80C3005
:103060000BB158469847783417B105B0BDE8F08FDA
:103070000127D6E73D9A03011FB5144690B18AB1E6
:10308000012912D10A4B00F1F0010293D0F8D4319A
:10309000483201934FF0FF332046009303F0AEFF18
:1030A00004B010BD6FF01500FAE70020F8E700BF8C
:1030B0003D9A03012DE9F04387B00E46DDE90E810C
:1030C0001446DDE910251F4630B329B3DFF850C0A0
:1030D00000F1F009002D08BF65469EB9CDE9034413
:1030E00000F5E2742046059608F04CFA03ABCDE9F2
:1030F00000432A463B464146484604F09FF807B045
:10310000BDE8F083002241460E9248462A4607B0A9
:10311000BDE8F04304F0E8B96FF01500EFE700BF39
:103120000D300301F0B504462B4A87B004AB0E46C0
:1031300092E8030083E80300002C49D0184603F00E
:1031400037FE0546B0B94FF0FF33E16C04F1540788
:10315000A163CDE9010000933846236D04F13802E4
:1031600007F028FCA06C06F098FCC4F8BC0020B95D
:103170006FF00B05284607B0F0BDA06C06F08DFC83
:10318000C4F8C0000028F3D0236CD4F8BC10C4F8F5
:1031900090300423C4F89430C4F8AC300223E362C6
:1031A0000E4BB4F84820C4F88C10616C236204F113
:1031B0008C03C4F8A070A4F89820C4F8B870C4F8C0
:1031C000A810A4F8B020C4F8A400A6612363D1E736
:1031D0006FF01505CEE700BF90C10301F8C40301ED
:1031E000014B03600020704724C5030108B5044863
:1031F00006F03EF9034806F03BF9002008BD00BF89
:10320000ECC6030122C7030108B50348034A0021A5
:10321000121A06F07AFC08BD880A0021848C00216D
:10322000074808B5074A0849121A06F070FCBDE8BD
:1032300008400648064A0749121A06F068BC00BF53
:1032400000000021880A0021D0CD030100000021E8
:1032500000000021D0CD030138B505460C4699B1D8
:10326000D1E901230F48096806F002F9D4E90423E3
:10327000E1680D4806F0FCF8E1690C4806F0F8F842
:10328000A1690B4806F0F4F8012D05D1EFF3058193
:103290000848103906F0ECF821462846BDE83840C9
:1032A00004F038B950C7030180C70301B0C7030158
:1032B000C0C70301EFC7030130BFFFF7FDBF00BF69
:1032C0002DE9F04105460B4EDFF82C80324606EB27
:1032D0000807CC1B2046094908F00EFDA0194246FC
:1032E0000021083C08F015FD6C6707F10800BDE8F7
:1032F000F08100BF000000000400000090C1030145
:10330000054B5A699B689A421FBF044A536843F0B1
:1033100080535360704700BF388A002100ED00E001
:1033200010B5204C204806F0A3F8A36A990137D5C0
:103330001E4806F09DF81E20A36ADA0103D51C483A
:1033400006F096F81F20174CA36ADB0203D5194834
:1033500006F08EF80220A36A1C0303D5164806F077
:1033600087F821200F4CA36A590303D5134806F0B0
:103370007FF82220A36A9A0303D5114806F078F853
:103380002320084CA36ADB0303D50E4806F070F82F
:103390002420A36A6FEA03436FEA1343A36210BDBC
:1033A0001D20C9E700ED00E003C803011CC80301AC
:1033B00030C803014BC8030176C8030195C8030157
:1033C000BBC80301D6C8030170B5204C064620488F
:1033D0000D4606F04DF8A36AD90435D51D4806F010
:1033E00047F81720A36A1A0503D51B4806F040F8D2
:1033F0001820164CA36A9B050FD5184806F038F81C
:10340000A16BA36A180407D5154806F031F81EB160
:10341000A36A23F40043A36219200C4CA36A5A0543
:1034200003D5104806F024F81A20A36ADB0503D55B
:103430000D4806F01DF81B20044A936A43F47F43AD
:10344000936200232B7070BD1620CBE700ED00E0E7
:1034500002C9030119C903012BC903013FC90301B3
:1034600059C903016FC903018BC9030170B51F4C12
:1034700006461F480D4605F0FBFFA36AD90632D564
:103480001C4805F0F5FF1120A36A1A0703D51A4856
:1034900005F0EEFF1220154CA36A9B070FD51748C5
:1034A00005F0E6FF616BA36A180607D5144805F01E
:1034B000DFFF1EB1A36A23F08003A36213200B4C2D
:1034C000A36ADA0703D50F4805F0D2FF1420A36AD8
:1034D000064ADB0658BFA36A936A43F0FF03936270
:1034E00000232B7070BD1020CEE700BF00ED00E080
:1034F000A4C90301BBC903012BC90301EFC903011F
:1035000008CA03011FCA03012DE9F0415B4B0446C1
:103510005F6800258AB0C7F3080685F31188BFF3FA
:103520006F8F02F07F43B3F17F4F06D102F00C039F
:10353000082B13D1524805F09BFF00252C464FF075
:103540000008F31E8DF80780092B00F28580DFE864
:1035500003F00A797D7583838383838110074CBFD1
:103560000C460125EBE74748444E05F081FF8DF8F6
:103570000780F36A9A0704D5434805F079FF0023D2
:103580002FE0F36A002B01DA4048F6E7F36A5B00AC
:10359000F5D53F4805F06CFF7369A26943F4807369
:1035A0007361BFF34F8FBFF36F8F736932F8022CD3
:1035B00023F480737361BFF34F8FBFF36F8F4DF6AA
:1035C00002739A4208D0B36ADBB24BB301200DF10B
:1035D0000701FFF74BFF33E021682E4805F048FF55
:1035E00023689DF80720C2B902AE04F120073246D5
:1035F00020686168083403C2BC421646F7D1099AB4
:10360000B5B3C2F3080121B96FEA52226FEA422230
:103610000992184602A9FFF71FFE0AB0BDE8F08123
:10362000B36A13F47F4F05D001200DF10701FFF7B6
:10363000CBFE05E0B36AB3F5803FA0D3FFF770FE81
:103640000346CEE700200DF10701C2E700200DF18F
:103650000701ECE7104890E7104B17F4F87F10498A
:10366000104818BF1946A6F1100205F001FF86E7C1
:1036700022F4FF7222F00102CAE700BF00ED00E071
:103680006DCA030199CA0301B1CA0301D3CA030178
:10369000E2CA030102CB03011FCB030154CA030199
:1036A0003FCA030144CB0301064B5A6942F01002A2
:1036B0005A615A6942F480625A615A6922F00802DA
:1036C0005A61704700ED00E0EFF30880EFF30981E5
:1036D00001B57246FFF718FF01BD00BF002080F35F
:1036E0001488BFF36F8F002080F30A8880F30B8863
:1036F0000F4880F3088803F071F800200D49086036
:10370000BFF34F8F00F02CF8402080F311880A4857
:103710004FF40061401880F30988EFF31480022110
:10372000084380F31488BFF36F8F06F001FA00009E
:1037300088AD002194ED00E0889C0021002318460C
:103740000649D1F89020C2F30722934200DB70476C
:10375000C1F89830C1F8A0000133F6E700ED00E0B1
:1037600010B572B6002484F31388FFF7E7FF2346F1
:103770004FF0FF300C4A03F120010133102B42F8C7
:103780002100F8D100234FF0FF30074A03F1600118
:103790000133102B42F82100F8D162B6BFF34F8FEE
:1037A000BFF36F8F10BD00BF00E100E0084B9B68C6
:1037B00083420BD1EFF3058343B1064B5A6842F0C5
:1037C00080525A605A6A22F400425A6204F0C2BE21
:1037D000388A002100ED00E014498A684FF030007B
:1037E0001044EFF3098C80E8F01F402080F312882A
:1037F000BFF36F8F0E4F4FF000664A698A603E60DC
:10380000506F0C4C2060906F0023936780F31188F9
:1038100002F1300090E8F01F8CF3098802F10000FB
:1038200004B506F090F9BDE804407047388A0021DD
:1038300004ED00E0188800211EF0040F0CBFEFF328
:103840000880EFF30980816911F8021C0229FFD07A
:1038500001B5724606F05DF901BD00BF40B2002817
:1038600007DB01234109034A00F01F00834042F8AF
:103870002130704700E100E040B200280CDB01225B
:103880000649430900F01F008240203341F82320FD
:10389000BFF34F8FBFF36F8F704700BF00E100E0B1
:1038A000054B420953F82220012300F01F0003FAC0
:1038B00000F01040704700BF00E100E0D30748BFB0
:1038C000002140B258BF02310028ACBF00F1604077
:1038D000064A4FEA4113DBB2ABBF00F5614000F08E
:1038E0000F0080F800331354704700BF14ED00E060
:1038F000044B054A23F07F039360BFF34F8FBFF360
:103900006F8F70470088000100ED00E042F8203C16
:10391000009B0B4942F81C3C019B21F0010142F83D
:10392000183C029B42F8081C42F8143C4FF080738C
:1039300042F8043C0023203A02658367704700BFC9
:10394000F529030100B50D4B15469860426F0C4BED
:103950000E461A60436E83F30B882C4686F3098863
:103960000020044B98472046002100220023024CEF
:1039700020470000559B0301F5290301388A0021E7
:10398000188800211022014B1A61704700ED00E0F9
:10399000002340210348C21801331E2B82F8001374
:1039A000F9D1704700E100E008B5EFF30583064A5E
:1039B000103B02EBC30152F8330049688847BDE869
:1039C0000840FFF79DBC00BFD8BF03011FB5094CDD
:1039D000094A23460121094800F0FAF8002303931D
:1039E000074B0121E41A01A80193029400F0FAF8B0
:1039F00004B010BD000001210000002124C5030116
:103A0000880A002110B50C7A0B6804F01F0223F01D
:103A10001F031A43CB68640923F01F03054943EAD7
:103A2000440343F00103C1F89800C1F89C20C1F899
:103A3000A03010BD00ED00E010B5074BD3F890307A
:103A4000C3F30723013B984202D8FFF7DBFF10BD09
:103A50006FF01500FBE700BF00ED00E02DE9F04F2F
:103A60000F46144606464FF000084D4D85B0B84548
:103A700080F29280D6F80490B9F1000F36D0B9F1F7
:103A80001F0F40F2878019F01F0F40F08380D6F897
:103A900000A01AF01F0F7DD1504606F09BF8834618
:103AA00009EB0A00013806F095F8834572D11BF145
:103AB000160F6FD05C456DDDC5F898B0D5F89C1039
:103AC000C5F898B0D5F8A03021F01F0143F01F0AC7
:103AD000D6E900321A44994202F1FF391ED1CA4593
:103AE00008D131465FFA8BF006F07DF808F1010845
:103AF0000C36BCE73146C5F898B0D5F89C3022F0BA
:103B00001F0203F01F031343C5F89C30E0B206F018
:103B10006AF810F1160F3DD0441CE7E7C5F898B0DD
:103B2000D5F8A020013B23F01F0302F01F0213432E
:103B3000CA453146E0B2C5F8A030E8D006F053F8E7
:103B400010F1160F26D0C5F898B0D5F89C209DF836
:103B500008300AF1FF3A62F304038DF80830D5F813
:103B6000A0309DF808205B0863F347128DF8082009
:103B7000D6E900321344009323F01F035344A3EB10
:103B80000903013023F01F036946C0B20393FFF716
:103B900053FFBEE76FF01504204605B0BDE8F08F77
:103BA00000ED00E00522044BC3F89420BFF34F8FD3
:103BB000BFF36F8F704700BF00ED00E0BFF35F8F72
:103BC0000022024BC3F89420704700BF00ED00E0D4
:103BD00010B5034C2278FFF741FF207010BD00BFE5
:103BE0006C8A00212DE9F74F294D8A4606464FF091
:103BF0000008AB46274FD0451BDAD6F80490B9F140
:103C0000000F3FD031680846019105F0E3FF0199AC
:103C1000044609EB0100013805F0DCFF84424FF057
:103C200014021D4B08D002FB08F36FF015024BF88D
:103C3000032003B0BDE8F08F14F1160F2C60F8D00C
:103C40001978A142F5DD02FB08B0C7F89840C7F823
:103C50009840D7F89C4000F10801007B64F3040011
:103C60000871D7F8A0000C79400860F347140C7174
:103C7000D7F89C1021F01F016960D7F8A01021F03F
:103C80001F01296108F1010814350C36B3E700BFA4
:103C90001C88002100ED00E06C8A0021F0B552493B
:103CA000524CD1F890302568C3F307239D4287B06A
:103CB00000F296800020FFF781FF4D4BC1F8C03025
:103CC000854216D14B4C01A82570FFF789FA0025D3
:103CD0000646494FAE4213D1002023784249D1F81D
:103CE0009020C2F30722934274DBFFF75BFF0020B2
:103CF00043E0616801EB0011FFF784FE0130DFE76C
:103D00000199280101EB0513DA683A40B2F5800FFA
:103D100042D007D8B2F5801F15D0B2F5001F2ED0C3
:103D20000135D7E7B2F1006F43D0B2F1805FF7D130
:103D30005A689B680958013B22F01F00034423F096
:103D40001F03012032E05A689B680958013B22F0AA
:103D50001F0003440120844623F01F0340EA4C1057
:103D6000CDE902218DF8100002A920780593FFF714
:103D700063FE00282ADA6FF0150007B0F0BD5A681C
:103D80009B680958013B22F01F0003444FF0020CCE
:103D9000012023F01F03E1E75A689B680958013BA3
:103DA00022F01F000344062023F01F034FF0000CF5
:103DB000D4E75A689B680958013B22F01F0003446E
:103DC0004FF0030C012023F01F03C7E723780133D2
:103DD0002370A5E7C1F89830C1F8A00001337EE751
:103DE0004FF0FF30C9E700BF00ED00E030C5030130
:103DF000AAFF44006C8A00210000F0FF08B5024BC6
:103E00001B689847002008BD30880021034B044AF6
:103E10001860937843F00203937070473088002154
:103E20003C08002108B50649064821F00701C1F108
:103E3000045202F5803205F0C1FA002008BD00BF2F
:103E4000D7F300213488002170B541690446867A91
:103E50000A4D59B1437ADB0706D42C2303FB0653E2
:103E60005B6A1B689B689847002363612C2021468E
:103E700000FB0650BDE8704007F0D7BCD809002110
:103E80002C22024B02FB0030704700BFD8090021F2
:103E90002C21827A054B01FB02339A6A1B7F801A20
:103EA0001B3323F00303B0FBF3F07047D809002164
:103EB00038B52C24827A064B04FB02335B6AD3E9C3
:103EC00001240C601568FFF7E3FF04FB005038BDC8
:103ED000D80900212DE9F04385B005466846904693
:103EE0001C46039107F040FEDDE90067EFF31189FE
:103EF000402383F31288BFF36F8F6B8B002B41D06D
:103F00002A8B9A4225D900220023284603F0DEFDA1
:103F10000446F0B189F31188BFF36F8F039B002B28
:103F200041D032463B46684607F043FE2C21A27A38
:103F3000254B204601FB02335B6A03A91B681D6801
:103F4000DDE90023A847606170BB2046FFF77CFFD6
:103F500024E0698B4B1E6B8389F31188BFF36F8F4D
:103F60002B7F2A8BAC6A1B3323F00303521A02FB0C
:103F70000344154B154AEB1A9B105343A3722B7F36
:103F8000E372CBE789F31188BFF36F8F2346424674
:103F9000284603F09BFD04460028BFD1002420469C
:103FA00005B0BDE8F0836361012300252381039BF5
:103FB00029466382E27A656004F1180007F0A9FEE1
:103FC00063692582E360EAE7D8090021A38B2EBA52
:103FD00070B52C250C4C00B970BD037A4668002BD7
:103FE000FAD0013BDBB20372002BF5D1C360436012
:103FF000837A05FB03431B6A13B198473046EAE70F
:10400000FFF722FFFAE700BFD8090021064AD2F8DD
:10401000AC3123F00043C2F8AC310022034BC3F8AB
:104020004C21D3F84C317047002001410060014120
:1040300073B5354BD3E84F3F00233449CDE9003306
:10404000334BD3F80445BFF35F8FD1F80465BFF35A
:104050005F8FD3F804259442F3D16B4622460121A9
:104060002B4805F00CFE324605460F21274801ABD0
:1040700005F005FEE0B1019B0DB9009302E0009A46
:104080009342FAD3009B22481C44013CD0F84C35A3
:1040900024F07F449C421F4932D0FFF7B7FFC0F89D
:1040A0004C451D4B009A9A4218D901230B7001E030
:1040B000002DE7D1194AD2F8AC3143F00043C2F8E1
:1040C000AC31134BD3F84C2132B90121144A516061
:1040D000D3F84C3103B1116001230DE0BFF35F8FC2
:1040E000D0F80435E41A24F07F440E4B033C9C4284
:1040F000DBD900230B7000230B4A137002B070BD94
:104100000B78002BF7D0D5E7718A00210010014110
:10411000006001416F8A0021FEFF7F000020014105
:1041200000B00041FBFF7F00708A0021F8B51E49F6
:104130000023C1E8423F52BB1C4B1D783DB3052311
:104140001B4E1C4F34780134B4FBF3F303EB8303B1
:10415000E41A05F0FBFF184A137823B157F824300E
:10416000C01A072813D9154BD3F8141141B10021F7
:10417000C3F81411D3F8143134700CB9012313703F
:10418000347805F0E3FF47F824002846F8BD0C4AD0
:104190000025D2F8AC3123F00043C2F8AC31012243
:1041A000084B5A60F1E700BF718A0021708A002134
:1041B0006E8A0021408800216D8A00210050004154
:1041C0000020014100B000410122024BC3F840250C
:1041D000704700BF000008415023142213B51D4C46
:1041E0000021C4F80C351C4B0846C3F820214FF4BD
:1041F00000621A4BC3F8BC254FF48062C3F838251F
:104200000DF1070202F058FB002821DB9DF8071092
:10421000134806F00BF99DF80710124806F006F94E
:104220009DF80710104806F001F99DF80710204688
:1042300006F0FCF89DF8070002F04CFB4FF400225A
:104240000A4BC3F844230022C3F84C21D3F84C3165
:1042500002B010BD00B000410030204100200141FB
:104260004C610141282001412C21014100600141A4
:1042700048B1054B054A1B68B3FBF2F35843044BA6
:1042800043F0010318477047E808002140420F003F
:10429000C0C4030108B53F230348044AC0E9002312
:1042A00002F004FB002008BD5488002100E0FFFF5D
:1042B00070B50446807AFFF7E3FD6169054649B1B0
:1042C000637ADB0704D4436A20461B689B689847DF
:1042D000002363612146284607F0A7FA034B1B68B9
:1042E0001BB1BDE870402A20184770BD5C880021D2
:1042F00008B5034B186807F08DFA002008BD00BF11
:1043000060880021811EC9B21E2938B5044609D82B
:104310000A4820FA01F1C90704D5094805F082FCD2
:10432000054610B90025284638BD064B013CE4B2CD
:10433000195D0C3005F083FCF5E700BF410000403B
:104340005C0A002167CB0301014B1860704700BF76
:104350005C880021F8B504280446DDE906760BD018
:1043600010280BD0012804D1154805F05BFC054648
:1043700030B900252846F8BD1248F6E71248F4E7A0
:10438000013CE4B21F2C96BF104B0021195D00F1D7
:104390000C04204605F053FC002FEBD0002EE9D092
:1043A000204605F064FC864203D92846FFF710FE3C
:1043B000DFE732463946204605F038FCDAE700BF31
:1043C000040A0021D8090021300A002167CB03012B
:1043D000038A014623B1034B186883689B6818471A
:1043E00012207047DC08002110B5084B084C1860FB
:1043F000206807F01DF930B1206806498368BDE8E0
:1044000010401B6818476FF0120010BD6088002133
:10441000DC080021F1420301084B70B5C31A0D46B8
:1044200007499B10044659434022064805F066FCA4
:104430002B4601462046BDE8704018477888002189
:10444000B76DDBB6F8BE0301402373B50B4C009388
:10445000041B0B460D460A49A41061430646094A4F
:10446000094805F077FC011E05DA30462B4602B0FC
:10447000BDE87040184702B070BD00BF78880021C9
:10448000B76DDBB6BF9D0301F8BE0301F8B500228E
:10449000012105460520FFF711FA104802F098F9AE
:1044A0000446B8B905F068FF2F690D49384605F094
:1044B0003BF8031E09DB01263E642D69084905F11E
:1044C0001C0005F031F8031E02DA1C462046F8BD38
:1044D000EE64FBE76FF00404F8E700BF1D4603013C
:1044E000B4C503017FB500220123CDE9022304AB4B
:1044F000CDE90433094A6B46CDF800D0CDF804D09D
:1045000005F056FC002805DB4FF480420023684686
:1045100003F048FB07B05DF804FB00BFD19D030129
:1045200010B5EFF31184402383F31288BFF36F8F2C
:10453000074A136823F00201DB07116002D401204F
:1045400005F014FF84F31188BFF36F8F10BD00BF17
:10455000C88800210C22104B014602FB00330020CA
:1045600030B4D3E90E529863EFF31180402484F302
:104570001288BFF36F8F1C6C04F0C00444F0020477
:104580001C6480F31188BFF36F8F1DB12B4630BCC4
:104590000248184730BC704778880021F8BE0301F4
:1045A00010B4EFF31182402383F31288BFF36F8FAF
:1045B0001748016841F002040460C80707D482F379
:1045C0001188BFF36F8F012010BC02F0F1B81149C0
:1045D000D1F80C04D1F80C14C907F0D5EFF3118011
:1045E00083F31288BFF36F8F0B490B6C03F0C0038A
:1045F00043F002030B6480F31188BFF36F8F82F3E3
:104600001188BFF36F8F002010BCFFF7A3BF00BF5E
:10461000C8880021005000417888002110B101288D
:1046200004D07047034B1B6C5B0701D1FFF792BFAF
:10463000704700BF788800212DE9F041012207462C
:104640003449D1E8EF3FC1E8E02F0028F9D133B970
:10465000314932484B60CB608A6004F078FF7B1EA2
:10466000012B28D8012F06D12D4BD3F81C3403F091
:104670000303022B1FD007F052F90546E8B9294B76
:104680001B78D3B102220646254BC3F80823244CDD
:10469000DFF89480D4F81824D4F81834D20315D550
:1046A00003F00303022B01D0012F0FD16DB386F36A
:1046B0001188BFF36F8FBDE8F081EFF311864023BF
:1046C00083F31288BFF36F8F0125E0E7C5B1304651
:1046D00005F062FAD4F81835DBB2012BDAD1D4F840
:1046E0000421002AD6D00022C4F80421D4F80421E1
:1046F0000222C4F818252022C8F88021A360C9E747
:104700000021212007F0AAF9E4E70222044BC3F8B4
:104710000423D0E774880021648800219488002154
:1047200000500041818C002100E100E008B50748FD
:1047300006F07EFF38B10648FFF768FB0448FEF735
:104740003BF9002008BD6FF01200FBE768BF0301D2
:10475000554703010A2838B50446074D04D1AB6814
:104760000D2128465B689847AB6803485B68E1B257
:104770009847204638BD00BF68BF0301EFF31182A0
:10478000402383F31288BFF36F8F0A4BD3F80011D5
:1047900061B10021D3F80805C3F80011D3F8003146
:1047A000C0B282F31188BFF36F8F70476FF00A00B9
:1047B000F7E700BF009000410346F0B510469C7833
:1047C00093F803C0EFF31182402585F31288BFF3FD
:1047D0006F8F1F7893F801E0E41B04EA0C04A042F9
:1047E00088BFA0B23E180CEA06063D461E7082F352
:1047F0001188BFF36F8F0A188A4216D177450CD102
:10480000EFF31182402181F31288BFF36F8F197883
:10481000597082F31188BFF36F8F1B79241AA3425A
:1048200022BF0122054B1A60F0BD5E197679013571
:1048300001F8016B05EA0C05DEE700BF00900041BE
:10484000DB432DE9F04713F001050E46144604D072
:104850002248FFF7B1FFBDE8F0879AB3EFF3118864
:10486000402383F31288BFF36F8F0920FFF718F8F6
:1048700007460920FFF700F888F31188BFF36F8F10
:10488000DFF85CA04FF40079CAF80051DAF8003183
:1048900001232546DFF84C80CAF80030C8F8809123
:1048A000DAF8003183B1FFF769FF031EC8F8809181
:1048B000F6DB013DADB27355002DF1D117B10920E2
:1048C000FEF7CCFF2046C6E7EFF31180402383F3C9
:1048D0001288BFF36F8F05F05FF9E1E7FC880021D4
:1048E0000090004100E100E02DE9F0410D46144642
:1048F000114F07F1450814B92046BDE8F0814FF08B
:10490000FF334FF0FF32384603F04CF92246294678
:104910004046FFF751FF0646384603F009F93EB915
:104920004FF0FF324FF0FF33044803F03BF9E6E766
:10493000A41BA4B23544DEE7CC880021E488002122
:1049400038B50122184C1146204606F078FF0122A6
:10495000002104F1180006F072FF40F20743A4F8AA
:1049600048304FF0706323630C230025012184F845
:1049700034300E4B84F84550A4F84650D3F8042543
:10498000092022F00102C3F80425C3F80051D3F82E
:104990000021C3F804132A461960FEF78FFF09208F
:1049A000FEF75CFF284638BDCC880021009000410E
:1049B00010B5FFF7E3FE002820DB174BC0B293F8D9
:1049C000322093F8314093F83310141B31EA040479
:1049D0000DD193F8472093F8464093F84810141BE4
:1049E00031EA04040BD101220C4B5A600EE09C18F2
:1049F0000132114084F8350083F8321010BD9C1844
:104A00000132114084F84A0083F847100448BDE899
:104A1000104003F08DB800BFCC8800210090004109
:104A2000E4880021F0B545681646A8682A7C01F0A4
:104A30001F0487B044EA4214002868D0B6F5001F6E
:104A400004D1214605F0B4FF002051E00020B6F566
:104A5000800F01AA0190506037D1B3F1007F14BFDD
:104A6000052304238DF804300023CDE904230393A8
:104A7000EB680DF1030723FA01F111F0010139D1BF
:104A8000B6F1A07F36D104F01F03620903F1800361
:104A900026D0012A3ED1214A52F82330DB0729D4FF
:104AA0003A462146A86805F0FCFE16301AD0029757
:104AB0002146A86803AA05F0C9FD002818DB0122D9
:104AC0002146A86805F024FFBEE7B3F1C06F05D00A
:104AD000B3F1007F14BF01230223C3E70323C1E71F
:104AE0000F4AD9E73946A86801F086FF0028DEDAC8
:104AF00007B0F0BD3A462146A86805F0D2FE00286E
:104B0000D6D19DF80310A86801F070FFD0E76FF0D0
:104B10008500EDE751F82330FFDE00BF00088C412F
:104B200000058C414209034670B502D0012A17D016
:104B300070BD0D4E326951680029F9D0012503F08E
:104B40001F030C689D400029F2D08A682A4002D0D9
:104B500030464B6898472CB1236821461C46F2E743
:104B6000024EE7E72346F8E730BF030114BF030115
:104B700038B54568A86890B105F0C2FE014670B925
:104B8000A86805F0A1FE044658B902460649A8687F
:104B900005F084FE224605210A20FEF78FFE002044
:104BA00038BD6FF00400FBE7254B03012DE9F0430E
:104BB00040F206364768D00648BF4FF0030C3B7CF6
:104BC00002EA060658BFC2F3401C87B001F01F0579
:104BD000B6F5837F144645EA43158DF803C044D0EB
:104BE0000DD8062E16D005D8A6B1022E3FD06FF0F4
:104BF000150037E0B6F5807FF9D101260AE040F2D2
:104C00000222964235D0B6F5407F34D0B6F5007F0B
:104C1000EDD102260123220303FA01F12DD57B6891
:104C20009960B86880BB05F01F036D092AD0012D7B
:104C300073D13C4A02EB830284F48033D2F8001231
:104C4000C3F30043C4F3404444EA430421F47061D5
:104C500044EA8C0421F00F0144EA06230B43C2F816
:104C60000032002007B0BDE8F0830726D2E7042613
:104C7000D0E70526CEE70326CCE7630344BF7B6875
:104C8000D960CEE7284AD5E729460DF1020205F0A2
:104C900008FE14F4403F80460CD12946B86805F060
:104CA00035FEB8F1000FDCD19DF80210B86801F0B4
:104CB0009DFED6E74FF0000901ABCDE90199CDE9A2
:104CC0000439CDF80C902946B86803AA05F0BEFC5B
:104CD0004845C6DB14F4003314D09DF8033084F447
:104CE0008034C4F300448DF80E308DF80C608DF8DC
:104CF0000D404B462946B86803AA05F05AFD002826
:104D0000CFDAAEE7CDE904330DF10303039329466F
:104D1000B86803AA05F09AFCF1E7803350F8233015
:104D2000FFDE00BF00088C4100058C4110B5044631
:104D30000269A2B0C2F880001649002001F04AFFC3
:104D4000002201211220FEF7B9FD8422002101A8D2
:104D5000646806F0DEFF0023012001AA61680432C6
:104D6000D940C90744BF00FA03F142F8041C216886
:104D7000D940C90748BF00FA03F103F1010348BF56
:104D8000D163102BEAD101A801F038FF002022B036
:104D900010BD00BF7D9E03012DE9F04F8C4600261B
:104DA00040F2FF1EDFF8E480DFF8E490DFF8E4A0D3
:104DB000F3B29C4502D80020BDE8F08F50F82610D1
:104DC000C1F3C324082CC1F3080350D8090E73455E
:104DD00008BF4FF0FF3318F8044003294AD8DFE832
:104DE00001F002083033C2F80C35591C2FD10136BE
:104DF000DEE7C2F814355D1CF9D0002550F8261006
:104E000001F40047002F0EBFAB464FF0010B002509
:104E100003F01F075B0928D0012B31D1534603EB68
:104E20008707C1F341212402D7F8003244EA810404
:104E30002C4303EA090344EA4B042343C7F8003236
:104E4000D5E7C2F80835D0E7C2F81035D3E75909DD
:104E500009D0012911D10F4F012503F01F0105FAD7
:104E600001F1B960CAE70C4FF6E70B4BD7E76FF0DB
:104E70001500A1E76FF085009EE700239B60FFDE31
:104E80000023803753F82730F9E700BFD0CB030168
:104E9000F0F0FCFF00088C4100058C412DE9F04149
:104EA00004460D46476806F03AFD88B14FF04008C9
:104EB000EFF31186314688F31288BFF36F8F606875
:104EC00005F07CF850BB86F31188BFF36F8FEFE7D6
:104ED0001F4B1B78002BE9D04FF040086426606818
:104EE00005F06CF870B9012005F04CFA013EF6D1DE
:104EF0000021212006F0B2FDF0E786F31188BFF310
:104F00006F8FF5E7EFF31186314688F31288BFF310
:104F10006F8F606805F052F80028EED0FB69002022
:104F20001D706368FA691B68C3F844250122C3F841
:104F30004825C3F82001D3F82041C3F85801D3F81D
:104F400058019A6081F31188BFF36F8FBDE8F0813B
:104F5000818C00210123834070B5DC430B4AD2E8E9
:104F6000EF1F01EA0405C2E8E65F002EF7D14FF417
:104F7000803282400648C0F80823BFF35F8FBFF33A
:104F80006F8F0B4214BF0120002070BDD08900211B
:104F90000060014170B40E4922F07F46D1E900342F
:104FA000D01AC31844F10004C1E90034A6F5001377
:104FB000B3F5400F09D2074B1B681A0A1B069C1950
:104FC000054B42F10005C3E9004570BC03F0B2BCDB
:104FD000481D0021D4890021501D0021D9B1012391
:104FE0000D4A8340D2E8EFCF4CEA030CC2E8E1CF90
:104FF0000029F7D14FF48033084A8340C2F80433C4
:10500000074BD3E8AF3FC340DB0742BF4FF48002FA
:10501000044BC3F800217047D08900210060014192
:10502000CC89002100E100E00D4B1868010A000660
:10503000BFF35F8F0B4BD3F80435181841F1000113
:10504000B3F5801F0AD2084BD3E90023904271EBDD
:10505000030303D210F1807041F10001704700BFDB
:10506000D489002100600141501D00212DE9F04F3D
:1050700085B016461F4604469DF840A0FFF76AFF1C
:105080000190FFF7D1FFB04271EB070352D23B4BC7
:10509000301A67EB0101984271F100014DD2384B93
:1050A00003EB0413D3E902239F4208BF964258D072
:1050B0004FF48038334908FA04F8204626F07F4B35
:1050C000C1F8488305F036F84FF00309584604F15B
:1050D0005005AD00ADB205F1824504F5A87305F5A4
:1050E000B0350293029A20F07F4341F82230C1F894
:1050F0004483D1F80435244AC01A033820F07F4095
:1051000090422ED9286868B1D1F80435A3EB0B0082
:1051100020F07F40B0F5000F039322D9204605F020
:1051200009F8039BBAF1000F07D109EB030009F15D
:105130000109D7E7BAF1000F09D06FF01505204635
:105140000199FFF74BFF284605B0BDE8F08F01231A
:105150000E4AA340D2E8EF0F1843C2E8E10F00293E
:10516000F8D107490E982301C8500F9B01EB041298
:105170000025C2E902675360E1E700BF010080003B
:10518000381D002100600141FDFF7F00CC89002116
:105190007FB500254FF0FF304FF0FF31194C1A4B0F
:1051A0000226C4F80833C4F84833184BC4F808552D
:1051B000C3E902014FF480334FF48002C4F8043392
:1051C000134B0121C4F804631620C3F880212A463A
:1051D000FEF774FB1620FEF741FB01230D4AA36086
:1051E000236013600C4B0D4A009328460023CDE941
:1051F0000155FFF73BFF3046FFF71EFA284604B083
:1052000070BD00BF0060014103000F00381D002188
:1052100000E100E0D0890021954F0301FFFF7F00EE
:105220002DE9F74304F05CFD2A4BD3F804239007E3
:105230000BD5D3F8042142B10022C3F80421264A39
:10524000D3F80431136801331360224AD2F80433CF
:10525000D90320D5214BD3E8EF1F21F00100C3E88B
:10526000E40F002CF7D1CB0702D4D2F8403193B130
:105270000025184CC4F84051D4F84031FFF7D4FE53
:10528000EFF3108272B6164BD3E90267B042B94110
:1052900004D282F3108803B0BDE8F0834FF0FF38EA
:1052A000D3E900104FF0FF391D60C3E902894FF4C4
:1052B0008033C4F84833C4F84051D4F8403182F305
:1052C00010880029E7D0009032463B4628468847A0
:1052D000E1E700BF00600141D4890021CC890021B1
:1052E000381D002130B5431C124C85B005D08442D6
:1052F000A8BF0446012CB8BF0124FFF795FE0E4B52
:105300000C4DD3E90013401AB0F5000F0FD222184C
:10531000AA4228BF2A46002052180849CDE90100B8
:10532000009143F10003FFF7A1FE05B030BD2A460E
:10533000F1E700BFFFFF7F00481D0021954F0301EB
:1053400008B5FFF771FE024B1B68C01A08BD00BF0D
:10535000481D002102460B46014802F0EFBA00BF8B
:105360004C090021014802F061BB00BF4C0900213B
:1053700070B506468EB00D463548364906F082FABD
:1053800009A8D3F75DFF344806F052F9002859D038
:10539000324B02A80293D4F731F8002855D14FF0D0
:1053A000FF304FF0FF31FFF7D5FF044638B92C49E5
:1053B0002C48D3F703FF044620B1FFF7D3FF204664
:1053C0000EB070BD40F6C41303A80393F4F7C8FFF2
:1053D00020B1FFF7C7FF6FF08504F0E74FF4C86313
:1053E00004A80493F4F7DFFF0028F2D140F214532D
:1053F00005A80593F4F7DCFF0028EAD106A8069477
:10540000F4F7D9FF0028E4D107A80794F4F7A6FF22
:105410000028DED1012301A88DF80430F4F79CFFA9
:105420000028D6D147F2305308A80893F4F7A6FF16
:105430000028CED1FFF796FF33690B481D60FEF7B9
:1054400083FFBCE76FF01204B9E76FF01504B6E70D
:10545000DC8900211BA203014CBF0301BD560301DF
:10546000581D0021D556030191560301F0B583481C
:1054700085B0D3F787FD0446002840F0FA80022665
:10548000D3F7F0FED3F71CFFD3F7F8FED3F724FFD2
:10549000D3F700FFF4F769FBF4F76BFBF4F76BFB52
:1054A000D3F77CFFD3F786FFD3F790FFD3F79AFFAC
:1054B000F4F75DFBF4F75DFBF4F75DFBF4F75DFBE0
:1054C000F4F75DFBD3F720FFD3F730FFD3F742FFAC
:1054D000D3F752FFF4F755FB0121204601AA8DF8BE
:1054E0000460D3F797FD0028C0F2C2800125314641
:1054F000204601AA8DF80450D3F78CFD0028C0F295
:10550000B78008260721204601AAADF80460D3F72A
:1055100081FD0028C0F2AC804FF01B13019340F2D4
:1055200003230321204601AAADF80830D3F772FD0A
:105530000028C0F29D800421204601AA8DF8045065
:10554000D3F768FD0028C0F29380FB230621204694
:1055500001AAADF80430D3F75DFD0028C0F28880C1
:105560003146204601AA8DF80450D3F753FD002898
:105570007EDB03230521204601AA8DF80430D3F7F2
:1055800049FD002874DB0921204601AA8DF804504A
:10559000D3F740FD00286BDB03260A21002001AA77
:1055A0008DF80460D3F736FD002861DB0B2120461F
:1055B00001AA8DF80440D3F72DFD002858DB1021F7
:1055C000204601AA8DF80450D3F724FD00284FDBB4
:1055D0000425112120460DEB05028DF80450D3F768
:1055E00019FD002844DB0227122120460DEB05029D
:1055F0008DF80470D3F70EFD002839DB1421204606
:105600000DEB05028DF80470D3F704FD00282FDBA5
:10561000132120460DEB05028DF80470D3F7FAFC38
:10562000002825DBFB23ADF80C30F723CDF805402F
:10563000ADF8063040F203430294ADF8083006237B
:10564000152120460DEB05028DF804608DF80A3017
:10565000D3F7E0FC00280BDB46F2A97398420BDD80
:1056600084F31188BFF36F8F284602DF6FF00B00C1
:105670000446204605B0F0BD2046F9E755A10301D8
:105680000149024806F01AB9DC8900210885002189
:10569000094B93F80831042B02D1810709D47047D4
:1056A000022B02D1020704D47047082B03D18306D2
:1056B00001D5FFF7E5BF7047748A002110B4034697
:1056C0000A46034881680C681946234610BC1847EF
:1056D0004CBF030170B53A4C94F8083103B394F809
:1056E0000831042B3ED120783E282DD1A378022BFF
:1056F00028D00D2B28D1E378012B25D1A588C5F31F
:10570000001500220023294604F0ECFA0646E8B909
:10571000BDB1002384F80831BDE87040FFF7B0BF89
:105720004FF0FF304FF0FF31FFF714FE48B920462D
:1057300004F5847100F042FF0546FFF713FE002DCB
:10574000CDD070BD0125DCE70025DAE762781C4981
:1057500002320C3004F06AFA31461A4B1B681A48C0
:105760009847D6E7022B15D1002200230820FEF728
:10577000C9FD05460028E4D062880432B2F5847F72
:1057800014D80F4905F10C0004F050FA0D4B2946CE
:105790001B68E4E7082BBCD1002200232020FEF781
:1057A000B1FD628805460028E7D1CAE7002383F3EC
:1057B0001188BFF36F8F0423184602DFA9E700BFEB
:1057C000748A0021D8890021A0BF030142F264033A
:1057D000984240D02FD842F2190398421FD842F283
:1057E0000C03984214D840F20643984233D040F25A
:1057F0001D43C01A18BF01207047A0F5015028387A
:10580000164B80B2C34003F0010383F001007047E0
:10581000A0F500500D3841F2412380B2F2E742F288
:105820003203984217D0A0F501500338012894BFE5
:1058300000200120704742F28503984206D842F2C8
:1058400067039842D9D842F26603D2E74FF6025373
:1058500020F00800CDE70020704700BF2F804020D7
:105860002DE9F341A84D07882A7804463BB2002A67
:1058700040F09E8642F24A018B424CDC42F23501F6
:105880008B4230DC42F207018B4263D03CDC40F6B5
:1058900003418B4266D042F20602934239D0042380
:1058A0008DF80730994B2688D3F80080B8F1000FA7
:1058B00000F084800DF10702204695490DF10603A2
:1058C000C0470128024679D09DF80630002B40F0F1
:1058D0005D819DF807300E21AB7001236970EB707C
:1058E000AE80AA7151E0A7F50053373B122B22D8A6
:1058F000DFE803F03B3B3B26213B3B3B3B3B3B3B59
:105900003B3B3B3B3B3B3B00A7F50053083B052B98
:10591000C5D8042220E042F25C02934215D042F244
:105920005B029342BBDD42F25D0293421DD042F224
:105930007F029342B3D100230522EB7102230CE0D6
:105940000023EB712B720622F8E7B0F80330A5F8BC
:105950000730F8E7EA71052201236E48017831B972
:1059600003709CE76B4B1A7099E70422E6E79942B3
:1059700095D03846FFF72AFFA8B10E236B7001239C
:10598000EB700C23AA70AF80AB7101232B7040F633
:1059900035439F4203D1AB79002B00F006860020EF
:1059A00002B0BDE8F0810F236B700423AB700C23B1
:1059B000EB700123A5F805702B71E6E7B6F5105FD3
:1059C0004FEA96230DD27BB1013B072B0CD8DFE8C1
:1059D00013F00D000B002C00A50001010B000B00C3
:1059E00012013F2B00F0C7840122CFE0204640F295
:1059F000064230F9033B934207D040F21D429342E6
:105A0000F2D1E0F799F9024602E0E0F7F9F8024630
:105A10003046FFF7DBFE80F00100C0B2002840F006
:105A2000B580012A7FF455AFDEE7204640F63541C8
:105A300030F8032B13B28B4228DC40F62C418B420A
:105A40000BDC40F60142934230D040F603429342D1
:105A5000CAD1F4F781F80246DAE7A2F62D43082B03
:105A6000C2D801A252F823F0B55A0301E959030143
:105A7000E9590301E9590301C95A0301E95903012D
:105A8000D15A0301E9590301D95A030140F67B4277
:105A9000934225D040F67C4293422BD040F663429D
:105AA0009342A1D1D3F764FD0246B1E7D3F74EFD8F
:105AB0000246ADE79DF80730174903338DF80730EC
:105AC000F5F7EBFD0246A3E7E0F708F802469FE78B
:105AD00004F0F4FBC2B29BE7E0F730F8024697E728
:105AE0009DF807300C4904338DF80730F6F766FC53
:105AF00002468DE79DF80730074902338DF80730DD
:105B0000F6F780FC024683E77E8B0021EC890021BA
:105B10007F8B00217D8B0021858B00212388A3F5BD
:105B20008053013B082B3FF65FAF01A252F823F0F0
:105B3000555B0301695B0301A15B0301E9590301A3
:105B4000E9590301E9590301E9590301E95903013D
:105B5000C15B03019DF80730EA4808338DF8073030
:105B6000F5F789FD024653E79DF80730E5484033D5
:105B70008DF8073004F053FB3046FFF727FE80F026
:105B80000100C0B2002200283FF4A3AE0F236B70C7
:105B90000423AB700123EA702B71A5F80560F4E6CD
:105BA00000229DF8073008338DF80730D54B1A6076
:105BB0005A60EB7A23F0600343F06003EB72DBE79B
:105BC0009DF80730CF4806338DF80730F5F7CFFD45
:105BD00002461DE741F2054322889A427FF404AF52
:105BE0009DF80730C7490333E01C8DF80730F6F7FE
:105BF00049FC02460CE7204642F2970130F8033B8D
:105C00001AB28A423FF7F0AEB2F5005F0DDC40F603
:105C100015439A4200F0EA8240F616439A427FF416
:105C2000E3AEF6F7DAFE0246F2E6A3F50053013BD7
:105C3000962B3FF6D9AE01A252F823F0995E0301EC
:105C4000A15E0301B55E0301E9590301C95E0301C9
:105C5000D15E0301D95E0301ED5E0301F55E030130
:105C6000FD5E0301115F0301195F0301215F030161
:105C7000295F0301315F0301455F03014D5F0301AC
:105C8000555F03015D5F0301655F03016D5F030104
:105C9000815F0301895F03019D5F0301B15F030120
:105CA000B95F0301CD5F0301E15F0301E95903011E
:105CB000E9590301E9590301E9590301E9590301CC
:105CC000E9590301E9590301E9590301E9590301BC
:105CD000E9590301F15F0301F95F03010160030169
:105CE00009600301E9590301E95903011D6003013A
:105CF00025600301E95903012D600301416003019F
:105D000049600301E9590301E959030151600301A5
:105D10006D600301816003018960030191600301EB
:105D200099600301AD600301C1600301C960030113
:105D3000D1600301D9600301E1600301E96003015F
:105D4000F1600301F96003010161030109610301CD
:105D5000116103011961030121610301296103013B
:105D60003161030145610301696103017D61030143
:105D700059610301E9590301E9590301E959030193
:105D8000E9590301E9590301E9590301E9590301FB
:105D9000E9590301E9590301E9590301616103016B
:105DA0008561030199610301AD610301C1610301D3
:105DB000E9590301E95903019D620301B36203013B
:105DC000016203011D6203013962030143620301A1
:105DD000D1610301D9610301796203018962030181
:105DE000936203015962030163620301C961030104
:105DF0000B63030121630301C9620301DF62030135
:105E0000F562030137630301636303014D6303011B
:105E1000E9590301E9590301E9590301E95903016A
:105E2000E9590301E9590301095F0301E959030134
:105E3000E959030159600301E9590301E9590301D3
:105E4000E9590301E9590301E9590301E95903013A
:105E5000E9590301E9590301E9590301E95903012A
:105E6000E9590301E9590301E9590301E95903011A
:105E7000E9590301E9590301E9590301E95903010A
:105E8000E9590301E9590301E9590301E9590301FA
:105E9000E95903016D630301F4F79DFA0246B7E582
:105EA0009DF80730174803338DF80730F4F798FA58
:105EB0000246ADE59DF80730124808338DF80730EB
:105EC000F4F790FA0246A3E5F4F78EFA02469FE54E
:105ED000F4F78CFA02469BE59DF807300948013338
:105EE0008DF80730F4F784FA024691E5F4F782FA68
:105EF00002468DE5F4F780FA024689E5F4F77EFA6A
:105F0000024685E5858B0021F4F720FB02467FE5FC
:105F1000F4F776FA02467BE5F4F774FA024677E581
:105F2000F4F772FA024673E5F4F770FA02466FE589
:105F30009DF80730D34801338DF80730F4F768FA3D
:105F4000024665E5F4F766FA024661E5F4F764FA9D
:105F500002465DE5F4F762FA024659E5F4F760FAA5
:105F6000024655E5F4F75EFA024651E59DF8073022
:105F7000C44907338DF80730F4F756FA024647E56F
:105F8000F4F754FA024643E59DF80730BD49103353
:105F90008DF80730F4F74CFA024639E59DF80730E2
:105FA000B84808338DF80730F4F744FA02462FE575
:105FB000F4F742FA02462BE59DF80730B149023367
:105FC0008DF80730F4F73AFA024621E59DF80730DC
:105FD000AC4902338DF80730F4F734FA024617E57E
:105FE0009DF8073008338DF80730FF23EB71E5E5A6
:105FF000F4F72CFA02460BE5F4F72AFA024607E515
:10600000F4F728FA024603E59DF807309D4801336E
:106010008DF80730F4F720FA0246F9E4F4F71EFA97
:106020000246F5E4F4F71CFA0246F1E49DF8073065
:10603000944904338DF80730F4F714FA0246E7E484
:10604000F4F712FA0246E3E4F4F710FA0246DFE44A
:10605000F4F70EFA0246DBE49DF807308949013374
:106060008DF80730F4F706FA0246D1E49DF80730C0
:10607000844901338DF80730F4F7FEF90246C7E48E
:10608000F4F7FCF90246C3E4F4F7FAF90246BFE478
:10609000F4F7F8F90246BBE49DF80730794802337B
:1060A0008DF80730F4F7F0F90246B1E49DF80730B7
:1060B000744801338DF80730F4F7E8F90246A7E495
:1060C000F4F7E6F90246A3E4F4F7E4F902469FE4A4
:1060D000F4F7E2F902469BE4F4F7E0F9024697E4AC
:1060E000F4F7DEF9024693E4F4F7DCF902468FE4B4
:1060F000F4F7DAF902468BE4F4F7D8F9024687E4BC
:10610000F4F7D6F9024683E4F4F7D4F902467FE4C3
:10611000F4F7D2F902467BE4F4F7D0F9024677E4CB
:10612000F4F7CEF9024673E4F4F7CCF902466FE4D3
:106130009DF80730534801338DF80730F4F7C4F960
:10614000024665E49DF807304E4802338DF807306B
:10615000F4F7BCF902465BE4F4F7BEF9024657E4F3
:10616000F4F7BCF9024653E49DF807304548043380
:106170008DF80730F4F7ACF9024649E4F4F7AAF9D0
:10618000024645E49DF807303E4902338DF807305A
:10619000F4F7A6F902463BE49DF80730394902338B
:1061A0008DF80730F4F7A0F9024631E49DF8073086
:1061B000344902338DF80730F4F794F9024627E4A6
:1061C000F4F794F9024623E4F4F7ACF902461FE42D
:1061D000F4F79AF902461BE49DF807302949023387
:1061E0008DF80730F4F792F9024611E49DF8073074
:1061F000244802338DF80730F6F7E4FB024607E443
:106200002049F4F779F9297A9DF80730013103EB39
:10621000410302468DF80730FFF7FABB1949F4F73E
:106220006DF9297A9DF80730013103EB41030246ED
:106230008DF80730FFF7ECBBF4F762F90246FFF781
:10624000E7BB9DF807300F4901338DF80730F4F7AD
:1062500059F90246FFF7DCBBF4F75AF90246FFF79B
:10626000D7BB9DF80730074901338DF80730F4F7A5
:1062700051F90246FFF7CCBBF4F74EF90246FFF79F
:10628000C7BB00BF858B0021F4F748F90246FFF732
:10629000BFBBF4F745F90246FFF7BABB9DF80730DC
:1062A000C54806338DF80730F4F722F90246FFF7A8
:1062B000AFBB9DF80730C0490B338DF80730F4F7BA
:1062C00019F90246FFF7A4BB9DF80730BA4902331B
:1062D0008DF80730F4F730F90246FFF799BB9DF8C7
:1062E0000730B54902338DF80730F4F727F9024635
:1062F000FFF78EBB9DF80730AF490E338DF807309E
:10630000F4F720F90246FFF783BB9DF80730AA494E
:1063100002338DF80730F4F70BF90246FFF778BB2C
:106320009DF80730A44902338DF80730F4F702F9DD
:106330000246FFF76DBB9DF807309F490E338DF87D
:106340000730F4F7FDF80246FFF762BB9DF807300F
:1063500099491E338DF80730F4F7F6F80246FFF737
:1063600057BBF4F7E3F80246FFF752BBF4F7DCF84B
:106370000246FFF74DBB20464FF60B4230F8033B79
:10638000934223D8B3F57C4F7FF62EABA3F57C4325
:10639000013B0A2B3FF628AB01A252F823F000BFC5
:1063A000656403017B640301E9590301E9590301B1
:1063B000E9590301D3640301E9590301E9590301D0
:1063C000A7640301BD640301DD64030103F2FD2240
:1063D00092B21D2A3FF608ABA3F57D43033B1D2B6C
:1063E0003FF602AB01A252F823F000BFF3640301B1
:1063F000E9590301FD640301E9590301E959030166
:10640000E959030107650301E9590301E95903014A
:106410001165030125650301E9590301E9590301E8
:10642000E9590301E95903011B650301E959030116
:106430002F650301E9590301456503014F65030118
:10644000656503016F6503017965030183650301D8
:106450008D65030197650301E9590301E9590301BA
:10646000A16503019DF8073053480C338DF80730C0
:10647000F3F7FDFE0246FFF7CBBA00229DF8073086
:1064800040338DF807304C4B1A80EB7923F023030F
:1064900043F02303EB712B7A23F0070343F0070348
:1064A0002B72FFF769BB9DF80730434817338DF80F
:1064B0000730F3F7FAFE0246FFF7AABA9DF8073055
:1064C0003D4820338DF80730F3F713FF0246FFF7FE
:1064D0009FBAF3F7E8FE0246FFF79ABA9DF8073035
:1064E000354801338DF80730F3F720FF0246FFF7F8
:1064F0008FBAF3F731FF0246FFF78ABAF3F72EFFA0
:106500000246FFF785BAF3F72DFF0246FFF780BA80
:10651000F3F72CFF0246FFF77BBAF3F72FFF024693
:10652000FFF776BAF3F724FF0246FFF771BA9DF83A
:106530000730214904338DF80730F3F721FF024675
:10654000FFF766BAF3F72BFF0246FFF761BA9DF833
:106550000730194908338DF80730F3F722FF024658
:10656000FFF756BAF3F71FFF0246FFF751BAF3F7EA
:106570001FFF0246FFF74CBAF3F71DFF0246FFF775
:1065800047BAF3F713FF0246FFF742BAF3F719FFD2
:106590000246FFF73DBAF3F716FF0246FFF738BA97
:1065A000F3F713FF0246FFF733BA2B70FFF7F7B983
:1065B0004FF0FF30FFF7F4B9858B002138B5094C57
:1065C0000D4623781BB9BDE83840F3F740BEA278EA
:1065D000611C023205F090FB0020042320702B7018
:1065E00038BD00BF7E8B00211FB500240A22019414
:1065F0000294CDF80B400091014601A805F0B3FBD1
:10660000009A01A9074802F033FF074802F030FF63
:1066100084F31188BFF36F8F0323184602DF04B0A1
:1066200010BD00BFF2CB03011DCB030137B5102213
:10663000164B1748C3F82025F0F74AFD32230125F1
:10664000ADF8043000231A216846124A8DF806304E
:10665000ADF800508DF80230F2F740FE044690B9D4
:106660004FF4AF60F0F7D8FD2A4621460C20FDF725
:1066700025F92A4621461120FDF720F92A46214610
:106680000820FDF71BF9204603B030BD0020014172
:1066900010200141E96503010149024805F00EB9E6
:1066A000F08900210885002137B500240C4D6FF0DA
:1066B00009034FF4806228460A49009401F0D6FB92
:1066C0000949284605F031F90849094805F0DAF882
:1066D000224604211A20FDF7F1F8204603B030BD10
:1066E000088500218898002107CC0301EBA2030153
:1066F000F08900212DE9F043224885B003F02AFEFD
:10670000002604461F4B204FD3F83880DFF87C90DA
:10671000B04503D8002005B0BDE8F083636A97E870
:1067200007001D6801AB83E807000C2219462846C4
:1067300005F0F7FA78B975B122692B699A420AD146
:10674000AB69A2699A4206D8E2699A4203D96369A1
:106750006A6993430CD0256A75B10D4802F088FE32
:10676000002383F31188BFF36F8F0423184602DFE1
:10677000E36801361C44CBE7484602F079FE636AC1
:106780001D60F5E7008A000198C103013ACC0301BE
:1067900011CC030110B9024B1B681847704700BFAA
:1067A000008A0021014B01201B681847008A002144
:1067B00028B1012807D100200349F0F753BC034B4F
:1067C00001201B681847704795670301008A002164
:1067D000014B186000207047008A00210022D3007E
:1067E00003F1FF7303F58033D3F80013013107D0B1
:1067F000D3F800130132D3F80433202A0B60EED112
:10680000224BD3E94C32072B26D1023A032A204BE4
:1068100028D9D3F80024D10732D41C4BD3F8302127
:10682000072A19D1D3F83431023B032B02D8194A75
:10683000D35C8BB17F23184A1849C2F81831002362
:10684000C1F8043EC1F8083EC2F82431C2F82C3128
:1068500002F57F22C2F81031114B1A68114BC3F8B0
:106860004425704710498A5C002AD2D0D3F800240E
:10687000D207CED50022C3F81421C3F81821C8E7E7
:106880006FF00102C3F80024C7E700BF0000FF015A
:10689000005000416DCC0301002000410000084180
:1068A0000080FF010060004171CC0301014B1860C2
:1068B000704700BF048A002110B5054B14461868C4
:1068C00003F062FD0028A4BF2070002010BD00BFAF
:1068D000048A00210123024A8340C2F8043570472C
:1068E00000F00041036803F01F025B09026004D05E
:1068F000012B034818BF002070470248704700BFB3
:1069000000088C4100058C41034A4309D35C00F028
:106910001F001844C0B2704775CC0301034611F044
:10692000010030B5CCB210D1A207C4F3400018D595
:106930000D4A106A58600D4B1062D3F83031072BA6
:1069400010D0003818BF01200BE00949074D0A6A32
:106950001A600A62D5F83051072D08BF096A002A6B
:10696000E2D030BD136AECE700088C410000FF0163
:1069700000058C41F7B504460846FFF7C5FF04EB58
:106980004006B38A0D46DB072AD5204603F03CFEBD
:106990002946204603F0A8FD50B1204603F0BAFD79
:1069A0000023276807EB8000C0F81035C0F81035C9
:1069B0002946204603F0D7FD002101A8B1820195A8
:1069C000FFF790FF019B00EB8300D0F80022064BFD
:1069D000134043F00203C0F80032084603B0F0BD94
:1069E0006FF01500FAE700BFF0F0FCFF014803F07C
:1069F000E5BC00BFEC08002110B504480C4603F0CC
:106A0000C3FC0028A4BF2070002010BDEC080021AA
:106A10002DE9F04F804658F804AB8346DAF80413AA
:106A20000822C9B2504689B041F0004103F0C4FDCC
:106A3000051E2BDA0023032106A8CDE90633FFF754
:106A40006DFF604B0DF1180901930023019A00932B
:106A500012F8013B5C490192DA088A5C03F00703F3
:106A600022FA03F3DA071AD4009B09F10409A3B14F
:106A70004FF000410022504603F09EFD032106A87E
:106A8000FFF74CFF0028DCD125F000450124002D44
:106A900040F0828009B0BDE8F08F0123D6E7009B6B
:106AA0004A4A13440293D9F800100029DCD091FA25
:106AB000A1F1B1FA81F1029B1C7841EA441420460D
:106AC000FFF722FF0BEB4000878AC808BB0803933F
:106AD000012319F8002001F0070103FA01F122EA6D
:106AE000010209F8002005A80594FFF7FBFE059AAE
:106AF000039B803250F82220C7F382065B0737469B
:106B0000C2F301422CD54046D6B221463A4603F0A4
:106B10000BFD05A80594FFF7E5FE059B803350F8B3
:106B20002330C3F301439E4207D10021204603F0E6
:106B3000CCFC3146204603F0C8FC05A80594FFF7BD
:106B4000D1FE0122059B02FA03F30362204BD3F826
:106B50003031072B01BF036A036A036A036AA2E7A5
:106B6000022A0DD10321204603F0AFFC06F00503F5
:106B7000012BE2D13A462146404603F0D5FCDCE742
:106B800002212046039203F0A0FC032EF2D0039AC8
:106B9000032AD2D1022EECE795FAA5F3B3FA83F3D8
:106BA00004FA03F225EA020503F5A2725AF822203C
:106BB0000BEB43034046B3F87C10C2F3014203F0F1
:106BC000B3FC64E785CC030150C6030185CC030107
:106BD0000000FF01F8B5084D0F462C79164644B960
:106BE0001220FCF73BFE012320462B712F60AE6084
:106BF000F8BD6FF07700FBE7088A0021002330B56D
:106C00000D4A50F8234003F5A2710133102B42F8CE
:106C10002140F6D10023084A00F13C0103F5B2748B
:106C200051F8045F0133102B42F82450F6D1D0F80C
:106C30008030C2F8043330BD002001410123024AF4
:106C40008340C2F804337047002001410123024A07
:106C50008340C2F80833704700200141F8B501268F
:106C600000270B4B0B4DD3F80C4304B9F8BD94FA35
:106C7000A4F0B0FA80F006FA00F324EA0304064B0D
:106C800082009F502B68002BEFD0A9689847ECE753
:106C900000200141088A0021002101412DE9F04135
:106CA0000E4617460C4D55F81C4FAC4203D16FF001
:106CB0001200BDE8F081314654F8440CA4F14408B8
:106CC000FBF77CFD30B9C7F800804046BDE8F041D5
:106CD00003F040BF2468E8E7148A002110B5D0E92A
:106CE00009124A60416A00F124031160C0E90933C6
:106CF0004368044603B19847054A936833B1127953
:106D0000062A03D90720226802499847002010BDAF
:106D1000148A002187CC03012DE9F04107460D4676
:106D20000B4E56F80C4FB44202D16FF001000AE04E
:106D3000394654F8240CA4F12408FBF73FFD20B990
:106D40001DB1C5F80080BDE8F0812468EBE700BF05
:106D5000148A002138B5044600B30068F0B1037806
:106D6000E3B10021FFF7D8FFD8B104F11C03C4E957
:106D700007330D4B04F12402196903F10C00A162E1
:106D800060621A610A609D6835B11B79062B03D9D0
:106D9000072022680549A847002038BD6FF015007C
:106DA000FBE76FF01000F8E7148A002189CC03019B
:106DB00038B5114C0546216819B100200131216018
:106DC00038BD2422204604F0A4FF2B682846A36087
:106DD0002B79237104F10C03C4E9033304F1140388
:106DE000C4E9053304F11C03C4E9073300F018F8C3
:106DF0000028E5D12168E0E7148A002138B5074D65
:106E00002C68013C2C6044B900F012F82146284659
:106E1000BDE83840242204F07CBF38BD148A00212C
:106E200008B50248FFF796FF002008BDF0080021D2
:106E30000148FFF753BF00BFF00800210EB4431E06
:106E4000062B33B588BF0020094B05AC54F8045B12
:106E500053F82010074802F00BFB21462846019406
:106E6000FBF7B0FD02B0BDE8304003B0704700BF93
:106E700054C60301A4CC03012DE9F04F87B0174697
:106E80009B460446DDF840A000284BD0056A35B18A
:106E90002D6825B1AC4607B0BDE8F04F6047E36A06
:106EA0009F4242D80026BE4203D1002007B0BDE871
:106EB000F08F182303FB06F8D4F83090A26909EB91
:106EC00008052B1D0593CAB9686969680368B5F898
:106ED0000CC0C91AAB680CF1030E5D1E05EB0C1556
:106EE0005B4205EB4E051D4005EBCC038568063380
:106EF000A94228BF4FF0FF3103F0F9FD59F80830DF
:106F000020460293236AB1B29B6A01935AF8263055
:106F100000935BF82620059B03F061FE0028C5D195
:106F20000136C0E76FF01500C0E70148BEE700BFBB
:106F300040F4FFFF10B5044690B1028D43899A4298
:106F400009D0084A936833B11279032A03D94268F9
:106F50000549042098472046BDE8104004F0C4BE0F
:106F600010BD00BF148A00213FCD030130B5448914
:106F70008C4212D9436A013C5D882C4003EBC40368
:106F800059609A60BFF35B8F426A53880133538024
:106F9000438D01334385002030BD0148FCE700BF2D
:106FA00041F4FFFF70B4039E144660B1006A50B113
:106FB0004BB1013407D0002E05DBD0F8844014B16A
:106FC000A44670BC6047014870BC70472DF8FFFFB5
:106FD00070B4039E144660B1006A50B14BB10134E5
:106FE00007D0002E05DBD0F8944014B1A44670BC45
:106FF0006047014870BC70472DF8FFFF2DE9FF473F
:10700000DDF834800E4691469A460546002876D033
:10701000002974D0B8F1000F71D001F1640738462F
:1070200003F048FFBAF1FF3F49D1346E06F1500238
:1070300004F18000844204F01F0C07D2C4F3411114
:1070400052F8211021FA0CF1C90736D4012104F0BD
:107050007F04600952F8203004F5806A01FA0CF1CF
:1070600004F201440B4304F07F0442F820303466FC
:107070006B6C4A4603930E9B2946CDE901830C9B1A
:1070800030460093534603F0C4FF384600F050FDED
:107090002C7874B196F8A4405CB1AB6A013330D15E
:1070A0000021284603F045FF044610B1284603F0AE
:1070B00016FF204604B0BDE8F0870134BAE7BAF500
:1070C000806FD5D3AAF580637F2B06F150010FD8CE
:1070D000580951F8204003F01F0324FA03F2D207A5
:1070E0000BD4012202FA03F3234341F82030BFE717
:1070F000054C384600F01CFDDBE7044CF9E7024C78
:10710000D7E70024D5E700BF2DF8FFFF29F8FFFFE0
:1071100008B583681A0C0AD1094A93682BB1127911
:10712000022A02D9032007499847002008BDA3F589
:10713000803383601B0C0CBF01200020F6E700BFEA
:10714000148A002161CD030138B50446E0B100F195
:107150006405284603F0AEFFD4F8B4309B6953B9F8
:10716000D4F8A840103C002C00DC084C284603F062
:107170009FFF204638BD012BF7D1D4F8BC0003F0A7
:1071800081FEA0F11004EEE7014CF2E72EF8FFFFBC
:107190002DF8FFFF38B50446E0B100F1640528463C
:1071A00003F088FFD4F8B4309B6953B9D4F8AC40ED
:1071B000103C002C00DC084C284603F079FF2046E8
:1071C00038BD012BF7D1D4F8B80003F05BFEA0F175
:1071D0001004EEE7014CF2E72EF8FFFF2DF8FFFF59
:1071E0002DE9F04385B00F46904603A90D9A054658
:1071F000994604F020F90446E0B10C9E039BD5F8B3
:10720000C0009E42A8BF1E460168D0F808C0611A9F
:1072100033464A46614528BF4FF0FF3103F02DFC4D
:107220002346424639462846009604F0A4F805B0A5
:10723000BDE8F0830048FAE72EF8FFFF2DE9F0479C
:107240008AB00D46DDE9129716469846044620B9E5
:10725000954E30460AB0BDE8F0870029F8D0002BE3
:10726000F6D00021A822C0F8D01004F052FD01226F
:1072700004F16400114604F0E2FA8C4BC4F8B450F7
:10728000E667AC62C4F88430894BC4F88830894B17
:10729000C4F88C30884BC4F89030884BC4F89430D4
:1072A000874BC4F89830874BC4F89C30864BC4F8A1
:1072B000A030AB693BB9002FCAD097E8070004F1B2
:1072C000A80383E80700AB69012B04D02B6A03BB3A
:1072D0006FF00506BDE7D4F8B400002800F0E080A8
:1072E000036A002BF4D09B68002BF1D0984742062C
:1072F0000CD50021D4F8B40003F0CAFE06460028DD
:10730000A7D10021212004F0A9FBE4E74307F8D529
:10731000DCE71B69002BDBD028469847AB69012BC3
:1073200004BF0023286100F0010008BF6B6184F8EE
:10733000A400AB69DBB93B7A002B00F0838009F134
:107340000C03C4F8C430B9F1000F81D0D9F808207B
:10735000002A00F0A3809B68002B00F09F805B4B0D
:1073600004935B4B05935B4B06935B4B0793AB69B5
:10737000012B07D1564B0493544B0593564B069360
:10738000544B0793002104F1C803C4E9323306AB20
:10739000C4F8C080022200932846019104ABFFF795
:1073A0006BFD064600287FF454AFAB693BB92B6BED
:1073B0001B68C4F8B8302B6B9B69C4F8BC30AB6950
:1073C000012B07D12B6B9B69C4F8B8302B6B1B6862
:1073D000C4F8BC30D4F8BC0003F0EFFC2B6B1B6886
:1073E000C3F82C802B6B9B69C3F82C80D5F818A0B0
:1073F000BAF1000F07D1D4F8AC300993D4F8B83003
:107400005B89534520D894F8A430C4E9004463B1A3
:1074100000230293314B204601933523304A0394D5
:10742000009304F1080103F0F4FDAB69002B7FF435
:1074300010AF0421284603F02BFE074600283FF436
:1074400008AF26E04B467CE74846D4F8AC1003F082
:10745000E3FF0746E0B1D8F800100890411AD8F8C9
:1074600008000022814228BF4FF0FF31D4F8AC3031
:10747000404603F03CFB009701230022D4F8B800FB
:1074800008A903F0D9FB074618B90AF1010AB5E7C4
:10749000144F284603F0F5FD3E46DAE6114ED8E6D5
:1074A0006FF01506D5E600BF2DF8FFFFE17103016F
:1074B00009B1030177B2030137B4030177B30301C4
:1074C000C1B00301957103014971030182CD03012C
:1074D00088CD0301ABB20301AFB003012DB10301AD
:1074E0008ECD03012EF8FFFFF0B505460E46174678
:1074F00087B0074A03AC07CA84E807000C9A3146F4
:10750000009228463A460194FFF798FE07B0F0BD76
:10751000B0C1030138B5EFF31185402383F312881E
:10752000BFF36F8F064B9C6804F095F885F31188C4
:10753000BFF36F8F2046BDE83840FCF737B900BF76
:10754000388A002138B50A4B53F82040013053F8EF
:107550002050A54200D838BD606830B1037EDB07FB
:1075600001D404F04DF80834F3E723689847FAE7AC
:1075700074C60301012270B52A4B032086B01A702D
:10758000FFF7E0FFFCF728FE04F0B5FB0420FFF74F
:10759000D9FF254C254D2646AE4204F1300410D3C8
:1075A00000F0DEFE204C224EAC4226D300F0ECFE72
:1075B00001F00BFD1F4A137B23F00103137306B088
:1075C00070BD54F80C3C059354F8103C049354F8E7
:1075D000143C039354F8183C029354F81C3C019358
:1075E00054F8203C009354E90A2354E90C0100F0BC
:1075F000B9FC54F8303C5E65CDE7D4E90A23B3F119
:10760000FF3F08BFB2F1FF3F05D052EA03012068F7
:1076100003D100F075FF3034C6E73146183001F071
:10762000F9F8F8E7818C0021C8C0030128C10301E3
:107630001FBA0301288600210023012270B586B0FD
:10764000CDE904230F220193CDE9023214230F4D1B
:107650000F4E03FB00550F4906EBC016044601EB25
:1076600000214FF4807230460B4B009500F07AFCFD
:10767000737B2C7423F004037373084B013403EB06
:10768000C423EE606B6006B070BD00BF388A002175
:10769000A885002188A40021A5B60301889C0021AB
:1076A000BFB50020FFF74EFF2A4B03F5006282F3BF
:1076B000088883F30A88E023274C002584F82230C9
:1076C0002023E37725766576A57684F82050636AD3
:1076D000224F43F4E023636284F82350FBF7E4FF76
:1076E000FCF750F94FF0FF33A362E362FCF7D6FAE0
:1076F000FCF76CF91A4800F09FFCFCF765FD0120CF
:10770000FFF720FF0220174CFFF71CFF00F070FE70
:10771000154B16495C61164B4FF40062059301232B
:107720002046CDE90353CDE901553B46009500F0D5
:1077300019FC0646627B204622F00402627304F0C4
:1077400031F92846FFF778FF3A4631462046FCF7E4
:10775000F9F800BF889C002100ED00E07575030179
:10776000A886002128860021388A002188A50021CA
:1077700091CD030138B5064C064DAC4201D3002033
:1077800038BD2046D4E9011203F068FF1434F4E751
:10779000380900214C0900212DE9F34104460E4629
:1077A0009DF8200004F10808EFF31187402181F3D0
:1077B0001288BFF36F8F256AE1688D4246D2256833
:1077C000AC4217D0B5B1284603F077FF05F1180099
:1077D00004F09EF93146A268286904F08DFA00236E
:1077E0002846EB6704F0DEF84046394600F092FD8B
:1077F000002038E0A268D8B13146E06904F07CFA94
:10780000E369A26813446269E361934201D1236989
:10781000E361236A10210133236204F1240004F0A0
:107820002CFA0028E0D187F31188BFF36F8F1AE09C
:10783000A1692369994208BF6369314608BFA36102
:10784000A069801AA06104F057FAE2E752EA030146
:107850000CD00849404689680E61CDE900233946BD
:10786000224600F0C3FC02B0BDE8F0816FF02200B8
:10787000D9E700BF388A0021F7B50446084604F16D
:107880000807EFF31186402181F31288BFF36F8F51
:10789000216A002939D0A268A16904F02DFAA369F0
:1078A000A268256813446269A361934204BF2369F7
:1078B000A361236AAC4203F1FF33236233D028462D
:1078C000002D31D003F0F9FE05F1180004F020F985
:1078D000A2682969E06904F00FFAE369A268284602
:1078E00013446269E361934204BF2369E361236A3D
:1078F000013323620024EC6704F054F83846314623
:1079000000F008FD204603B0F0BD52EA030110D09C
:10791000094989680861CDE9002331462246384685
:1079200000F064FCEFE7002086F31188BFF36F8F4F
:10793000E9E76FF02200F7E7388A00212DE9F341EB
:10794000044617461E46EFF31188402383F312883E
:10795000BFF36F8FC368334A7BB1806891688842F8
:1079600019D057EA060318D188F31188BFF36F8F37
:107970006FF00F0002B0BDE8F081916891F90E1030
:107980000133E36093682161A36088F31188BFF33A
:107990006F8F0020EEE72169F2E791F90E1090F960
:1079A0000E306FF07E029942A8BF19469142B8BFCF
:1079B00011468B422DDD03F094FE054622464146DA
:1079C000CDE90076184800F011FC0028E1D0EFF373
:1079D0001186402383F31288BFF36F8FA068D0B164
:1079E000236821699C420AD04BB193F90E30994229
:1079F000A8BF19466FF07E039942B8BF194603F03D
:107A000070FE40B13146084800F084FC6FF00A0077
:107A1000B0E70025D2E7002DF4D186F31188BFF33B
:107A20006F8FF3E7388A0021828C0021F8B58368D4
:107A30000546002B3FD0234A926893423ED1C3684B
:107A4000012B03D9013BC3600020F8BDEFF3118780
:107A5000402383F31288BFF36F8F0169806803F0BE
:107A600040FE2C68A54207D10023C5E9023387F305
:107A70001188BFF36F8FE7E7002CF5D0D4E900320F
:107A8000002613605A60637BC4E9006623F002039A
:107A90006373A66004F1180004F03AF8AC6094F93E
:107AA0000E3020462B61E66703F07CFF394606481E
:107AB00000F030FCC8E76FF01500C6E74FF0FF306C
:107AC000C3E700BF388A0021828C002137B51146F8
:107AD000EFF31185402282F31288BFF36F8F0468A1
:107AE0009CB12368426823F003039442036008BFFB
:107AF00043600121204603F081FE044685F311888E
:107B0000BFF36F8F204603B030BD51EA0302F5D0BA
:107B100000F10802CDE900131046294600F066FB8B
:107B20000028EFD1014B9B681C69EBE7388A0021E4
:107B300070B5EFF31186402383F31288BFF36F8F84
:107B40000468A0421AD0CCB1D4E9003200251360F9
:107B50005A60637BC4E9005523F002036373A56098
:107B600004F1180003F0D4FF2046E56703F01AFF84
:107B70003146BDE870400A4800F0CCBBD0E9023283
:107B80009A4218BF013302218360103004F075F867
:107B90000028EDD186F31188BFF36F8F70BD00BF51
:107BA000828C002113B5EFF31181402484F31288F5
:107BB000BFF36F8F846844B1013C846081F3118806
:107BC000BFF36F8F002002B010BD52EA030406D14C
:107BD00081F31188BFF36F8F6FF00F00F3E7CDE9EA
:107BE00000230246014800F001FBECE7828C0021F3
:107BF0002DE9FF41044640274E4EEFF3118887F3ED
:107C00001288BFF36F8FD4F88450F5B9022104F1C4
:107C10009C0003F024FE002868D004F194050022A3
:107C20000121284603F03BFF0028F8D100234FF044
:107C3000FF3202934FF0FF334146CDE900233E4827
:107C400004F18C0200F026FDD7E7D4F888202B68D9
:107C50009542C4F8843008BFC4F88830D4F89C300A
:107C600043F00203C4F89C30EB6823F0040343F0B4
:107C70000103EB606B6888F31188BFF36F8F2846B0
:107C80009847EFF3118887F31288BFF36F8FEB6883
:107C9000D80623F0010236D4EA60EB689A0716D5BD
:107CA000306823F00203EB6088B10021036870B1F3
:107CB0004268954235D1036869BB7268336082427D
:107CC00000D17360002340F8083BFFF731FFD4F880
:107CD0009C3023F00203C4F89C3088F31188BFF372
:107CE0006F8FDB0589D400F08BFB86E7D4F89C30DE
:107CF000D9069BD5C4F89C0088F31188BFF36F8F19
:107D000004B0BDE8F08123F01103EB6005F1100031
:107D1000FFF70EFFC1E70B607368834208BF716015
:107D2000D0E723B11A68014618461346BFE71A4642
:107D3000F9E700BF588A0021828C0021F8B5C3689A
:107D400004469A070F46C3F340062ED45B071CD4A3
:107D50000B680BB983680B60E368DD0742BFA3685B
:107D600002263B603D6858BF0126002D3CD0204BC9
:107D70009A68D5F880309A420AD0D5F89C30D80756
:107D8000C3F3800214D46FF0120600233B6025E099
:107D900003F0C5FDD5F89C300028F0D1D907C3F316
:107DA000C002F0D552B15B0708D46FF00F06ECE7C4
:107DB000002AFAD1C3F3C003002BF6D100232360BD
:107DC000D5F8883063B9C5E92144284603F053FD4E
:107DD000E36843F00403E3603B68A3603046F8BD0A
:107DE0001C60C5F88840F0E76FF01506CDE700BFCE
:107DF000388A0021F8B5C368064603F00503002B56
:107E00000C4614BF012700271CD0856801220021E1
:107E100004F1100003F013FD2046134903F032FD76
:107E2000E36843F01003E360F3685B0712D533683F
:107E300023606BB9D5F8883033B9C5E921442846A9
:107E400003F019FD3846F8BD1C60C5F88840F6E718
:107E50003460F4E7D5F884302360D5F88830C5F86D
:107E60008440002BEBD1F0E775B80301F0B5044670
:107E7000002089B0C4E921000E9D04F18C00C4E902
:107E8000230004F19400C4E9250055B328790028A3
:107E900040F2011008BF0120C4F89C0000204FF000
:107EA000FF364FF0FF37CDE90330CDE90100CDE9D2
:107EB000066720460C4B009400F092F855B12968F3
:107EC00011B1204603F031FD6B791BB1237B43F0E8
:107ED00001032373204600F013FBC4F8804009B06F
:107EE000F0BD0120D8E700BFF17B030130B50A46A1
:107EF000044685B0EFF31185402383F31288BFF366
:107F00006F8FD0F89C3013F0060F1DD1B1B143F044
:107F10000C03C4F89C30204603F0ADFC00234FF066
:107F2000FF3202934FF0FF332946CDE900230C487E
:107F300004F1940200F0AEFB05B030BDD0F884002F
:107F400048B143F00403E4E743F00401C0F89C1097
:107F5000002AE0D0DBE785F31188BFF36F8FEBE7F2
:107F6000828C00212DE9F043984685B000F158033A
:107F7000C0E91633109B002603730423073222F056
:107F8000070543730F9B01EB05090F4683734946B1
:107F9000C0E906668660C6730446FBF791F90E9B3E
:107FA000073020F00700E066C4E9197502930D9BC5
:107FB000A9EB000901930C9B4A46009339464346BE
:107FC0002046FBF7A3FC054B66659B6803B11B6F5E
:107FD0004846236705B0BDE8F08300BF388A00211A
:107FE000F0B5002587B00595109DDDE91276049562
:107FF0000F9D044603950E9D02950D9D01950C9DC8
:108000000095FFF7AFFFB6F1FF3F08BFB7F1FF3FA5
:1080100005D056EA070305D1204600F071FA204644
:1080200007B0F0BD3A46334604F11800014900F0AC
:10803000F1FBF4E71FBA030140F20113838100232F
:1080400010B50446C0E9193300F038FD014B9C60BF
:1080500010BD00BF388A00216FF00A01084A9368FA
:10806000D967084998674B6843F080534B600023F9
:1080700083F31188BFF36F8F9368D86F704700BF89
:10808000388A002100ED00E070B590F90D20437BA7
:10809000002A36DBD90634D11B4C63F07F0322461D
:1080A000437352F8183FE169934207D1C0E90021B8
:1080B0000860E06111E09942F8D01B68002BF5D010
:1080C00090F90E5093F90E60B542F4D0AE42F2DD55
:1080D0005968C0E9003108605860A569954200D030
:1080E00005B9E568A3685A7BD20604D1DA897F2AEC
:1080F00001D9AA6932B1AB4202D0284600F00CFB8C
:10810000656170BD6361FCE7388A002138B590F97C
:108110000D200146002A437B04DA03F07F034373FA
:1081200003F006FC0D4D2A4652F8184FAB689442F6
:1081300000D004B9EC688B4207D05A7BD20604D138
:10814000DA897F2A01D9A2692AB1A34202D0204646
:1081500000F0E2FA23466B6138BD00BF388A002187
:10816000B3F1FF3F08BFB2F1FF3F03D0024918301F
:1081700000F050BB704700BF1FBA030138B5194C5F
:10818000A168E0690B68814214BF1A460022496861
:108190000B605960A368E1692AB9134AC3E9002159
:1081A0000B60E3610CE093F90E0092F90E50A842C7
:1081B00014D0854212DD5168C3E900210B60536081
:1081C000A569094B9D4200D005B9E568A3689D42A9
:1081D00002D0284600F0A0FA656138BD9142DCD09B
:1081E0001268D9E7388A0021508A0021F8B5DDE904
:1081F00006670D4B0C46986811460C4A1060EFF369
:108200001182402282F31288BFF36F8F9D68284647
:1082100003F0A0FB284632463B46FFF7A1FF20466D
:10822000BDE8F840FFF718BF388A0021608A0021B6
:10823000F8B50446EFF31187402383F31288BFF3A8
:108240006F8F437B49B203F01F02002A0CBF012647
:10825000002639D103F07F032D4D437303F068FBF3
:108260002A46437B817363F07F03437352F8183FC0
:10827000934227D1E869C4E900200460EC610FE073
:108280009842F8D01B68002BF5D093F90EC06145D9
:10829000F6D08C45F4DD5968C4E900310C605C60AF
:1082A000AC69944200D004B9EC68AB689C4202D03F
:1082B000204600F031FA6C6187F31188BFF36F8FAD
:1082C0003046F8BDE869DEE79B071ED5856803F0F8
:1082D0002FFB81732B689D4209D16B68C4E9005361
:1082E0001C606C60E8E76A689342F6D01B68002B5C
:1082F000F3D093F90E209142F5D08A42F3DD5A680B
:10830000C4E9003214605C60D6E78173D4E700BF33
:10831000388A002149B9EFF3058030B9054B5A6915
:108320009B689A4201D0FFF797BE81F31188BFF393
:108330006F8F7047388A0021034648B9EFF30582F2
:1083400032B9064A51699268914201D0FFF784BE62
:1083500083F31188BFF36F8F704700BF388A002105
:10836000EFF31181402383F31288BFF36F8F054B26
:108370009A68D37B013BD37381F31188BFF36F8F6E
:10838000704700BF388A002170B5EFF31186402393
:1083900083F31288BFF36F8F144DAB68DA7B013221
:1083A000DA732A4652F8184F944200D004B9EC68A8
:1083B0005A7BD20604D1DA897F2A01D9A2692AB16F
:1083C000A34202D0204600F0A7F923466B6186F352
:1083D0001188BFF36F8FEFF31180402383F312886E
:1083E000BFF36F8FBDE87040FFF7A6BF388A00214A
:1083F000024B03F11802C3E906227047388A0021B4
:1084000070B5EFF31186402383F31288BFF36F8FAB
:108410001B4CA168E0690B68814214BF1A46002218
:1084200049680B605960A368E1692AB9154AC3E934
:1084300000210B60E3610CE093F90E0092F90E50FD
:10844000A84218D0854216DD5168C3E900210B60AF
:108450005360A5690B4B9D4200D005B9E568A36840
:108460009D4202D0284600F057F965613046BDE8CC
:108470007040FFF7F1BD8A42D8D01268D5E700BF3F
:10848000388A0021508A0021F8B550EA01030646D7
:108490000C4603D1FFF7B4FF0020F8BDEFF31187BE
:1084A000402383F31288BFF36F8F124D124BA868DD
:1084B0001860FFF72BFEA868234632460F49183094
:1084C00000F0A8F9AA680446537B384643F0040339
:1084D0005373FFF7C1FDAB68D3E90A23B3F1004F33
:1084E00008BF002AD8D103F03BFB201A20EAE07035
:1084F000D3E700BF388A0021608A00211FBA030138
:1085000038B50446EFF31185402383F31288BFF397
:108510006F8F437B5B070FD5183003F0F9FA637B4D
:10852000204623F004036373FFF7AEFD2946BDE840
:1085300038400448FFF7EEBE85F31188BFF36F8F14
:1085400038BD00BF828C0021014B9868704700BF86
:10855000388A00212DE9F8430446077BEFF31185A3
:10856000402383F31288BFF36F8F437B190705D530
:1085700085F31188BFF36F8FBDE8F883D90943F005
:1085800008025DD14273A36813B1204603F0D8F905
:1085900004F1180003F0BCFAA66D04F15808B045C8
:1085A00011D04FF0000976B1304603F0C9F906F159
:1085B000180003F0ADFA3046C6F87C90FFF764FD72
:1085C000A66DB045EFD1DFF8C080D8F808309C42E6
:1085D0003ED1EFF30589B9F1000918BF4FF0010949
:1085E000D8F81860294A964200D00EB9D8F80C6025
:1085F000B34202D0304600F08FF82046C8F814602D
:1086000001F0A5FAB9F1000F02D02148FFF714FDDF
:10861000D8F808309C4231D1EFF3058373BB227B3D
:10862000D20718D42846FFF717FDFB07A4D500236F
:1086300083F31188BFF36F8F0423184602DF9BE793
:1086400003F07F0343F00803437303F071F99AE7E3
:108650004FF00009C4E785F31188BFF36F8F83F3F0
:108660001188BFF36F8F0423184602DFEFF31180E8
:10867000402383F31288BFF36F8FD4E785F311880B
:10868000BFF36F8FD1E700BF388A0021508A0021E5
:10869000A8860021D3B5DDE90667089CCDE900670F
:1086A000FFF7A4FD1CB1034B9B681B69236002B05C
:1086B000D0BD00BF388A0021427B034612F01F0262
:1086C00010D10A4988420DD00949086868B1D98992
:1086D0007F2909D893F90E20064B1B689A42B8BF30
:1086E000002070470020704710467047A885002181
:1086F0001C090021648A00210122044BC01A044B8A
:10870000C0105843034B1A54704700BF28870021FC
:10871000ABAAAAAA828C002170B50C4B0C4D1E7C12
:10872000FFF7CAFF182303FB06550446284603F04B
:10873000EFF90022074B9A553CB1621E2846BDE86E
:1087400070400549D31700F065B870BD388A002124
:1087500028870021828C0021F986030138B5EFF3C8
:108760001185402383F31288BFF36F8F0F4B104A9C
:108770009C681068A04206D1FFF7CEFF85F31188F0
:10878000BFF36F8F38BD00211B7C1160094AD35C99
:10879000002BF3D02046FFF78FFF0028EED0637B3D
:1087A000DB0601D1FFF7EAFC2046E5E7388A002125
:1087B000608A0021828C0021024B1868984208BF11
:1087C0000020704720090021034B1B680BB9FCF700
:1087D000B7BD0020704700BF688A002130B570B176
:1087E0000B4B5B6898420AD0036843B1D3E904217C
:1087F000D0E90445121941EB0501C3E90421D0E990
:10880000003213605A600023C0E9003330BD00BF5E
:1088100020090021B3F1FF3F08BFB2F1FF3F2DE96E
:10882000F84F0446994615461F467AD08160EFF30B
:108830001188402383F31288BFF36F8FB9F1000FC3
:10884000DFF8E4A020DBFFF7BFFFDAE900270135FE
:1088500049F100092D1849EBE07306464FF0010974
:10886000C4E90453AD1843EB0707FFF7A5FF034620
:10887000DFF8B8E0DEF804A0EBB9C4E900EACAF812
:108880000040CEF8044028E06FF00103DAE900125E
:108890005B1A4FF0FF3161EB02025B1B62EB0902D6
:1088A000012B72F10001BCBF012300224FF000092F
:1088B000C0E90432D9E7D3E9041CD4E904208A4290
:1088C00070EB0C0B24DA891A5A686CEB0000C3E9D0
:1088D0000410C4E9003214605C60FFF76DFF84424D
:1088E0000ED1134B1B685BB9B9F1000F02D1FFF732
:1088F0006BFF0646304603F0F4F80021FCF7F2FC6B
:1089000088F31188BFF36F8F28463946BDE8F88F8A
:10891000521A60EB0C009A45C4E90420ADD01B68E4
:10892000AAE700252F46EFE7408700212009002114
:10893000688A00212DE9F047EFF31185402383F386
:108940001288BFF36F8FDFF8A0900026C9F80000EF
:108950000027FFF731FFDFF89480D9F80030D8E91D
:1089600000ECD91750B1D0E90442A34271EB020ADE
:108970001BDAE41A62EB0102C0E90442002413EBA3
:108980000E034CEB01012046C8E90031C9F8004054
:1089900003F0A7F82146FCF7A5FC85F31188BFF387
:1089A0006F8FBDE8F047FFF7D9BE14EB0E024CEB1A
:1089B000E473C0E90467C8E90023FFF70FFF85F3FC
:1089C0001188BFF36F8F83689847EFF311854023B9
:1089D00083F31288BFF36F8FD9F800301B1BC9F8DF
:1089E0000030FFF7E9FEB8E7688A002140870021E0
:1089F00010B5EFF31184402383F31288BFF36F8F18
:108A0000FFF7E2FE0346054AD2E90001181841EBE0
:108A1000E37184F31188BFF36F8F10BD408700218D
:108A200038B50346EFF31185402282F31288BFF375
:108A30006F8FC160012181600068834206D185F398
:108A40001188BFF36F8F0024204638BDD0E9003273
:108A500013605A600023C0E9003303F0CBF82946C5
:108A600004460248FFF756FCEEE700BF838C002166
:108A70002DE9F04105460E46174602F050FF28B991
:108A8000074B9B681C6F14B9BDE8F081054C3B4651
:108A9000324629462046BDE8F04103F00DB900BF3B
:108AA000388A00213809002102460021014B024882
:108AB00003F002B9B793030138090021014B0367A2
:108AC000704700BF380900210146024A0020FFF725
:108AD000CFBF00BFB793030107B5074B4FF4006248
:108AE000009306494FF0FF330548FFF7BFF9002018
:108AF00003B05DF804FB00BF8CC6030188CD0021E4
:108B0000488700212DE9F04F43688DB01546804617
:108B1000029383789A0740F10D8100240E78002E8D
:108B200000F00A81252E0BD04B1C039301344146E3
:108B30003046029B98470028C0F2F6800399EDE783
:108B40004E788B1C252E0393F0D00027B946BB46E8
:108B5000BBF11F0F38D8A6F12003102B0AD8DFE88D
:108B600003F02A0909300909092109090928092DF1
:108B700009091F00A6F13003092B33D92A2E37D15A
:108B80001BF0400F55F8043B40F08280002BA7BF3C
:108B90004BF0200B9946C3F100094BF0280B01E084
:108BA0004BF0010B039B13F8016B0393002ECFD105
:108BB00030E04BF0020B4BF0040BF3E74BF0080BEB
:108BC000F0E74BF0100BEDE7BBF17F0F19D8A6F1E2
:108BD0003003092BD2D81BF0400F03D00A2101FB30
:108BE0000737DFE70A214BF0200B01FB0939D9E7F2
:108BF0002E2E06D11BF0400F40F09E804BF0400B14
:108C0000D0E76C2E31D02BD8682E36D06A2E3CD0CF
:108C10004C2E3AD0002F46F02003B8BF2BF0400274
:108C2000A3F16501BCBF00271FFA82FB022901D90D
:108C3000612B2FD107350727DFF8ACA225F00705F8
:108C400008351BF0080F66D00AEB070B56465E4549
:108C500063D1A4EB0A0AA9EB070906EB0A026FE14C
:108C6000742E9FD07A2E9DD0D4E71BF0800F18BFB2
:108C70004BF4007B4BF0800B94E71BF4807F18BF14
:108C80004BF4007B4BF4807B8CE74BF4207B89E733
:108C90001F4687E7A6F16301122900F2F080DFE8A2
:108CA00011F013004F00EE00EE00EE00EE004F005A
:108CB000EE00EE00EE00EE00EE00FE00E900EE0039
:108CC000EE001B00EE00AF0055F8043B01270DF14C
:108CD000180A8DF81830B4E755F804AB834BBAF195
:108CE000000F08BF9A461BF0400F504614BF39468C
:108CF0004FF0FF3103F047F80746A2E74146202036
:108D0000029B984700280FDB013EB742F6D34C4444
:108D1000B146A41B98E74E46F7E7414616F8010B0B
:108D2000029B9847002892DA98F8023043F0040337
:108D300088F802304FF0FF3420460DB0BDE8F08FC8
:108D40001BF0800F34D01BF4007F2CD0073525F0AA
:108D50000705AA4669685AF8080B2BF01005002988
:108D6000ADB237DA404245F4806561EB41010DF167
:108D7000180B0A235A4603F012F8A0EB0B030193D9
:108D80006B0662D5019B25F001019F4289B240F339
:108D9000A180002E00F0998015F0100240F09C8018
:108DA000BB460D4623E0AA465AF8040BC117D4E788
:108DB000AA461BF4807F5AF8041B01D10846F5E748
:108DC0001BF4007F19BF48B241F3C01108B241F350
:108DD000C031C2E750EA0103C9D11BF0400FC6D031
:108DE000002FC4D12BF01102BB46019795B240F27F
:108DF000064115EA01021CBF0BF1010B00222CE019
:108E00002BF010020A231FFA82FB1BF0800C49D0C2
:108E10001BF4007115BF0735AA4625F007055AF85F
:108E2000040B1EBFAA4669685AF8080B50EA0105F0
:108E300045D12BF016051BF0400FADB242D0002FEC
:108E400040D12BF01702019795B215F0100248D0CF
:108E5000019B002E42D103F1010B29075AD4EB07E5
:108E600006D5D9456FDDA9EB0B030199CB465F18F9
:108E70005B4649E04BF0100B10237826C5E7782BB2
:108E800004D1C6F1780343F01003BEE74146252024
:108E9000029B98470028FFF647AF023447E60823B5
:108EA0000026B2E7AA461BF480715AF8040BBDD025
:108EB0001BF400711ABFC0B2614680B2B6E72BF056
:108EC000060295B20DF1180B54E725F01105BB46CB
:108ED000ADB28CE70D46B8E73B460D4603F1020BF9
:108EE000BBE7DDF804B082E7C1CD0301BACD0301D1
:108EF000CDE9043241462020029B98470028FFF626
:108F000013AF049B059A01339945F1DCA4EB0B01E7
:108F10009B46CC180AB341463020029B9847002854
:108F2000FFF602AF8EB901342744391B019B9942E9
:108F300024DC1D4655BB019AA9EB0B09554622447A
:108F40001446914433E0019F92E702344146304693
:108F5000029B98470028E7DAE6E640F206410D4218
:108F6000E2D015F0020F04F10104414614BF2B209A
:108F7000202015F4806F18BF2D20E9E741463020EE
:108F8000029B013498470028CFDACDE606AB013DBD
:108F90004146585D029B98470028CBDAC4E641461B
:108FA0002020029B013498470028FFF6BDAEA9EBB4
:108FB0000403002BF3DCC1E57047EFF3118340237A
:108FC00083F31288BFF36F8FFEE708B5F9F7AAFCA9
:108FD00010B110F1580F06D1F9F7C2FC10F1580F7B
:108FE00002D00028F8D008BD0020FCE7836800EB21
:108FF000C101B3F5004F2CBF51F8220031F8120027
:10900000704700EBC1018068B0F5004F2CBF41F8FC
:10901000223021F812307047012208B5FFF7E6FF31
:10902000D04008BD836800EBC101B3F5004F08D301
:109030004B681AB143F001034B60704723F0010302
:10904000FAE74B881AB143F001034B80704723F0D5
:109050000103FAE753000122FFF7D3BF8368B3F59A
:10906000004F34BF04230823C91A081AC0087047E8
:109070008368481CB3F5004F34BF0423082308332A
:10908000A0EBD300B0FA80F0C0F11F0070472DE9CB
:10909000F041174603220E460446FFF7A7FF86421B
:1090A000054607F104080AD10122E368BA4023EA21
:1090B0000203E360002344F82830BDE8F081314624
:1090C00002222046FFF792FF06462B460146032266
:1090D000204644F82850FFF794FF3346294620469F
:1090E000BDE8F0410222FFF78CBF70B50D468668DF
:1090F0000446FFF791FFB6F5004F014601D3012862
:1091000009D02046FFF7B4FF294602462046BDE8B5
:109110007040FFF7BCBF70BD2DE9F0470546FFF773
:10912000A7FF05EB800ADAF8109088460646B9F1E9
:10913000000F1BD00327DAF8104028462146FFF71E
:109140006BFF404507D3324621462846FFF79FFF75
:109150002046BDE8F087032221462846FFF746FF58
:10916000013FCAF8100001D08145E4D14FF0FF342F
:10917000EB680136B4401C40EAD094FAA4F2B2FA8B
:1091800082F2131D55F82340DEE72DE9F041144625
:109190000E460546FFF740FFA4EB0608371B0744C1
:1091A000424631462846FFF755FF3A4621462846B3
:1091B000FFF750FF4346002221462846FFF721FFD4
:1091C00021462846FFF728FF3B4621180022284663
:1091D000BDE8F041FFF715BF2DE9F0411646044602
:1091E0000F46FFF719FF314605462046FFF714FFEB
:1091F00005442A4639462046FFF72CFF31462046D3
:10920000FFF70AFF2B46311800222046BDE8F04147
:10921000FFF7F7BE2DE9F0410D4686680446FFF7DB
:10922000FBFEB6F5004F014601D3012832D020469F
:10923000FFF71EFF04EB80010E6996B90122E36877
:1092400082401343E36002220D612B4629462046EB
:10925000FFF7D7FE032229462046BDE8F041FFF77D
:10926000D0BE022231462046FFF7C0FE0746034625
:1092700029462046FFF7C5FE0322334629462046ED
:10928000FFF7BFFE39462B462046FFF7BAFE022203
:109290003146E1E7BDE8F081F8B50C460546FFF739
:1092A000BBFE2618012231462846FFF79FFEC30762
:1092B0000CD431462846FFF718FF21462846FFF711
:1092C000ABFE214622182846FFF786FF00222146E2
:1092D0002846FFF78BFE271A012239462846FFF75A
:1092E00085FE10EA020613D139462846FFF7FDFE37
:1092F000214632462846FFF779FE2246211A2846A3
:10930000FFF76AFF214632462846FFF76FFE241A10
:1093100021462846BDE8F840FFF77CBF38B571B15B
:10932000056800222846FFF799FE044601462846B4
:10933000FFF778FE2146BDE83840FFF7ADBF38BDE6
:1093400070B5056809B9002070BDAB6801F007046D
:10935000B3F5004F2CBF0822042207341444E4085C
:1093600004EBD1049C4228BF1C4628462146FFF747
:10937000D3FE06460028E6D001462846FFF74CFEFD
:10938000A04209D93444314628462246FFF7FDFE63
:1093900021462846FFF73EFF284601223146FFF7C7
:1093A00041FEAB68B3F5004F34BF0423082303EB41
:1093B000C6031844C8E71146FFF7C2BFB2F5802FB5
:1093C0002CBF082304232DE9F0410026D21A8C1863
:1093D000CD1D25F0070524F00704641BE408056093
:1093E00021462846AC60EE60FFF742FE421D920027
:1093F000013002F107074FEAD7073146A2F1100208
:1094000005F11000B8BF324602F083FC3A463146FF
:109410002846FFF71FFE3346324631462846FFF7FF
:10942000F0FDA4EB0708284631460122FFF7FAFDBC
:1094300042463946FFF70EFE3B463246394628463D
:10944000FFF7DFFD21462846FFF704FE434632467C
:1094500021462846FFF7D5FD214628460122FFF781
:10946000E1FD3946BDE8F041FFF7D4BE002070476A
:109470000FB407B504A951F8040B0191F9F7A2FA4A
:1094800003B05DF804EB04B07047038B13F00703DF
:1094900005D10368002B0CBF002003207047022B6E
:1094A00005D1408BB0FA80F0400980007047012B55
:1094B00005D10368002B0CBF002005207047002059
:1094C000704710B50C4600B111B96FF0150010BD12
:1094D000081D00F093F80028F9D1A368032BF6D9F2
:1094E000F3E72DE9F0410D4607461946281D904641
:1094F0001E4600F097F8044638B1334642462946E6
:109500003846A446BDE8F0416047BDE8F08110B49C
:10951000EFF31182402484F31288BFF36F8F41610F
:1095200010BC0121F9F780BA38B50C46054658B190
:1095300051B10B6843B14B6833B11C22002102F0DA
:10954000E8FB00202C6138BD6FF01500FBE770B51B
:1095500005460E46FFF7B5FF041E14DBEFF311823C
:10956000402383F31288BFF36F8F4FF6FF716B8B2D
:109570002C8B8B4204F0070407D182F31188BFF3D0
:109580006F8F6FF00A04204670BD022C0CD101339E
:109590006B8382F31188BFF36F8F0023224631461D
:1095A0002846FFF79EFFEEE7062C14D8DFE804F00C
:1095B00004131313041A0400002333606B683BB9CF
:1095C000C5E90066ACB902212846F9F72DFADAE7B9
:1095D0001E606E60F6E782F31188BFF36F8F6FF045
:1095E0000404D0E782F31188BFF36F8F6FF0850416
:1095F000C9E782F31188BFF36F8FC4E7034640B118
:10960000426802F00302022A06D0032A04D0012A8B
:1096100005D06FF0150070471A68002AF9D00020B5
:109620009860704710B54268034602F00302022AB0
:109630004FF00004816007D0032A02D05C60002054
:1096400001E018685C6010BD18685C600028F6D006
:10965000FFF7E6F9F3E7704720B183682BB11B6889
:1096600033B118476FF0150070476FF00400704772
:109670001846704730B450B149B142B1846854B112
:10968000256945B141F8040B236930BC18476FF0D8
:10969000150030BC70476FF00400FAE730B4134691
:1096A000044650B1006860B182686AB195685DB1E6
:1096B0000A46AC46616830BC60476FF0150030BCAC
:1096C00070476FF00100FAE76FF00400F7E70A4611
:1096D000034610B458B1006868B1816871B1CC6AB2
:1096E00064B18C6A54B15968234610BC18476FF0B6
:1096F000150010BC70476FF00100FAE76FF004002E
:10970000F7E70A46034610B458B1006868B18168AB
:1097100071B18C6A64B1CC6A54B15968234610BCEB
:1097200018476FF0150010BC70476FF00100FAE7A2
:109730006FF00400F7E70369D3F8780370476FF020
:1097400085007047084608B5114618B101F014FCB1
:10975000002008BD6FF00100FBE7084608B5114680
:1097600018B101F000FC002008BD6FF00100FBE71C
:1097700013B504460846216901F55D71D1E8AF1FB4
:10978000022909D15BB168B100931346D0E90912EF
:10979000FDF71EFC02B010BD6FF00F00FAE76FF08E
:1097A0004C00F7E76FF00100F4E72DE9F8431C46A1
:1097B000DDE90853164698460F46006939B34AB3A7
:1097C00044B36A1C43F10003022A73F1000324D25C
:1097D000226842B1D0F878339A4204D96FF00B0076
:1097E0002360BDE8F88305EA080909F101035A423C
:1097F0005A412146384601F0C8FB88B9B8F1FF3F0D
:1098000008BFB5F1FF3FF0D06FF06800E9E76FF0F7
:109810000100E6E76FF01500E3E76FF08500E0E791
:1098200030600020DDE701F015BC38B50D46044678
:1098300000F148012846F8F7C1FF30B1284604F18D
:10984000C001F8F7BBFF20B90120782303FB0040DB
:1098500038BD0020FCE702F5307102F5347002F0EB
:109860002DB8D0F8B030A0F53070003B18BF012300
:1098700000EB8300D0F8AC0201F016BBC86828B139
:10988000096983681B680BB1002218477047FEF70F
:10989000CDB8D0E8EF3FC0E8E21F002AF9D1704709
:1098A00010B5436804691B68C4F8703304F5EC70A4
:1098B00001F01FFF002104F55D70FFF7EAFF084685
:1098C00010BD2DE9F74317460D4691B30B7883B3CE
:1098D000D0F8C440A4F5E27914344FF0FF324FF0D1
:1098E000FF332046FEF72AF82A46484601A9F9F731
:1098F000CBF9019E80462EB9204603B0BDE8F04367
:10990000FFF7C5BF58B12046FFF7C1FF3B462A46C7
:109910003146484603B0BDE8F043F9F793B91F223A
:10992000294606F1480002F01EFA86F86780B766FD
:10993000E2E703B0BDE8F083030103EB4003093322
:1099400023F0030303EBC00348430330083320F044
:1099500003001844400070472DE9F84306464FF0D5
:1099600001080569D0F8049005F55D77D7E8EF3F69
:10997000022B03D1C7E8E28F002AF7D141D195F835
:109980006C30002B40D195F8E430002B3CD12846B8
:10999000D5F8701300F054F8044680BB736836693C
:1099A000D3E9050183681B693BB322469847044607
:1099B00028BB414606F53470FEF798FAD6F85003F6
:1099C00005F5F876F9F7F2FE3046D9F8001000F008
:1099D00072F8044698B90146D022304602F099F94F
:1099E00021464FF4F672284602F093F92146384694
:1099F000FFF74FFF2046BDE8F8836FF057040221C0
:109A0000F5E76FF07704F5E76FF00F04F2E710B5B4
:109A10000846029B114652B993F86C202AB90122DC
:109A2000184683F86C20F9F71BFA002010BD1A6F56
:109A30009468002CF9D05A6FA047F6E701F00ABBF2
:109A400038B50D46044660B1F03001F0A2FD0DB10D
:109A5000002038BDC4F8C451C4F8C851C4F8CC5172
:109A6000F6E76FF01500F4E70268D2F8C83013B1DA
:109A7000D2F8C41018477047704783690BB9C36B9D
:109A800019707047012070478369012B03D1C36BA4
:109A90001878C0B270470420704738B5C41DE40080
:109AA0002046FFF701F8054618B12246002102F0D2
:109AB00030F9284638BD38B504463822002102F076
:109AC00028F91822002104F1A40002F022F918223A
:109AD000002104F18C0002F01CF9D4F8C000FDF75D
:109AE00029FAD4F8BC00FDF725FAD4F8803004F147
:109AF00054050BB12846984738220021284602F029
:109B000008F9FDF77BF9002038BD02F002B902F038
:109B1000F3B801460068F9F79FBB08B5F9F7CCFB2D
:109B2000BDE80840F9F7ECBB00210120F9F794BB30
:109B300008B5F9F7DDFEF9F767FBF9F771FBF9F7FF
:109B400027FFFDF7ADFD436E83F30B8870476FF081
:109B50008500704761B662B680F31188BFF36F8FDE
:109B6000704708B5FAF764FA72B6002383F31188D8
:109B7000BFF36F8FFAF7DAFA50B1BFF34F8F30BFF0
:109B800000BF00BF00BF00BF00BF00BF00BF00BFDD
:109B900062B6BFF36F8F08BD10B50446FAF748FAF6
:109BA00072B6002383F31188BFF36F8FFAF7BEFA02
:109BB00050B1BFF34F8F20BF00BF00BF00BF00BF39
:109BC00000BF00BF00BF00BF84F31188BFF36F8FD9
:109BD00062B610BD40E800F313F4803FD8B208BF6E
:109BE0006FF01500704730B50C684B6885B00A8976
:109BF0004D890094013B24F01F04234402F01F020E
:109C000042EA451223F01F0369468DF808200393AA
:109C1000F9F712FF05B030BD08B5FAF7EFF80020EC
:109C200008BD7047416A8968FAF754B930B484882E
:109C30000568A3188380281930BC02F05DB810B500
:109C4000838802685C1C8480D154D01810BD034600
:109C50008288521A8280006808441860704710B5E4
:109C6000036801211C78FFF7F2FF204610BD8388AE
:109C7000C2888168D21A03685B1AD01A7047F0B59F
:109C8000D0F80473064617F002001CBFC2F18070C2
:109C900018604FF0000518BF01204FF0010C4FF481
:109CA000803E0CFA05F40C4214D00EFA05F43C4246
:109CB00010D005F5A87456F82440A41A34F07F4457
:109CC00008BF4FF0807408B91C6002E01868A04219
:109CD000FAD801200135042DE3D1F0BDFAF796B989
:109CE000FAF794B90220FAF70DBB0C220369C9B246
:109CF00001FB0233186C00F00700704770B5C9B261
:109D00000369EFF31185402484F31288BFF36F8F4A
:109D10000C2606FB0134246C14F0C00408D0A242C7
:109D200006D085F31188BFF36F8F4FF0FF3070BD01
:109D3000012206FB01331A6485F31188BFF36F8F8C
:109D4000436803EBC1035B6898470020EFE780227C
:109D5000FFF7D4BFF8B5069F0469C9B2EFF31186C7
:109D6000402585F31288BFF36F8F0C2505FB014456
:109D7000256C05F0070CBCF1010F0CD1276486F3AC
:109D80001188BFF36F8FC4E90E23436853F8313055
:109D900098470020F8BD05F0C005AF4286F3118852
:109DA000BFF36F8F0CBF6FF077004FF0FF30F1E71C
:109DB00013B580240094FFF7CDFF02B010BD10B49E
:109DC0001C240069CBB203FB0400002110BC104727
:109DD0001046FDF7ADBE00F0C8BAFCF7E3BC43681F
:109DE00000205B681B690B607047436802EA010052
:109DF0005B6821EA020198600020D96070474368DF
:109E000000205B6899607047436800205B68D960F8
:109E1000704743685A68536821EA03000B4090601A
:109E20000020D360704710B503695868F8B18842C4
:109E300019D19C680868A142586000D19860002040
:109E400008602AB15A680A609A68596002B9996034
:109E5000002010E0814206D10868206098688142A5
:109E6000EDD19C60EBE7044600680028F2D1002A9F
:109E7000E8D16FF0150010BDFCF7CABD30B451F841
:109E800020500C4601EB80023DB10146AC46D4F8AF
:109E90008000002330BC126C604730BC704710B5A6
:109EA00000690F299FBF00EB810440F82120236443
:109EB000002088BF6FF0150010BD002070471020F3
:109EC00070470F290ED843685B68CB40DB0709D584
:109ED00001228B00DBB203F1824303F590330020B3
:109EE0001A6070476FF01500704738B50F290C469F
:109EF000056933D843681B68CB40DB072ED5D5F8FE
:109F0000841021FA04F303F001031AB99BB96FF02E
:109F1000770022E0002BFAD111B91220F9F79EFC4C
:109F20000122D5F88430A2401343C5F88430E0B252
:109F3000FCF784FE0AE0E0B2FCF788FE0122D5F8C7
:109F40008430A24023EA0203C5F88430D5F8843077
:109F500013B91220F9F790FC002038BD6FF01500FE
:109F6000FBE730B543681360057A446804EBC50429
:109F7000A34202D36FF0010030BD5C798C4201D066
:109F80000833F0E70020F7E743681B68D3F8800444
:109F9000C3F88004704742681368D3F8100150B1C9
:109FA0000020126A12780A70C3F81001D3F8102149
:109FB00001221A6070474FF0FF3070470268034675
:109FC000D2F8580140B95B68DB0706D4D2F820010B
:109FD000003818BF012070470120704743681B6894
:109FE000D3F80423D20517D5D3F82021A2B1EFF37B
:109FF0001182402181F31288BFF36F8FD3F82011B3
:10A0000031B10021C3F82011D3F820110121D9600A
:10A0100082F31188BFF36F8FD3F85831704713B5AF
:10A0200001AA0446FFF79DFF002805DB019B22687B
:10A0300019791868FAF7B0FE02B010BD2DE9F041A9
:10A040000546002201211320F9F738FC1320F9F707
:10A0500005FC6C680121E068FFF7E1FF6B68196897
:10A060002369C1F82435A27D637D207D1343228BB3
:10A0700002431343C1F86C356E68D6E9004313F010
:10A0800001033DD00027D5F8108004F10C01C4F87D
:10A09000A07108F10802C4F88C7004F5907000F00B
:10A0A000A6F900282ADB98F80800FCF713FC08231F
:10A0B000C4F80035F369C4F844350123C4F8487581
:10A0C000A360D4F85831002BFBD00021C4F8001550
:10A0D0006D68E8682C68FFF7A2FF0823C4F8003514
:10A0E0002A7A52B92B6AC4F834350123C4F83835BA
:10A0F000C4F81021D4F8102123600020BDE8F081BD
:10A100000822C4F80025F269C4F84425C4F848358B
:10A110000123A360D4F82031002BFBD00023C4F826
:10A120002031D4F820310123E3604FF48073C4F868
:10A130000433C6E7002200F150039B009BB203F1F9
:10A14000824303F5B0331A601B68704708B5FAF70D
:10A150006BFF08BDFEF731BF10B54FF0FF304FF079
:10A16000FF31FBF7F7F8044628B9CFF757F8044654
:10A1700018B1FBF7F7F8204610BDFBF7F3F82046BF
:10A18000FAF7E2F8F7E738B50B8A0D464BB101F163
:10A190000C00FFF764FD022807D0052830D0012805
:10A1A00016D06FF01504204638BD4FF0FF304FF049
:10A1B000FF31FBF7CFF804460028F4D1E868F0F748
:10A1C0001CF80446FBF7CEF8ACB1FBF759FAEAE706
:10A1D0004FF0FF304FF0FF31FBF7BCF8044600288A
:10A1E000E1D1E868FBF73CFB0446FBF7BBF8002C29
:10A1F000D9D1FBF745FA2846F9F7EAFE0024D2E761
:10A200004FF0FF304FF0FF31FBF7A4F80446002871
:10A21000C9D1E868EFF7FCFFD3E7FBF75BBA31225F
:10A2200010B50021044601F074FD0F22202322778F
:10A230003022237084F8202080237822A37084F8B1
:10A2400022206FF03F037622637184F823206FF0A1
:10A250001B036FF00102A37284F8242028234022FC
:10A26000A37384F82D2022230422E37384F82E2084
:10A2700004230C22A375E2716FF008034FF0FF3244
:10A28000637684F82520FF230722A376E37684F8FB
:10A29000263084F8272084F82A306FF01F0284F8D3
:10A2A0002B30072384F8282084F82C306FF01C0210
:10A2B000102384F8292084F82F3010BD034607B5F9
:10A2C0009A8800689B790090ADF804208DF80630DC
:10A2D000BDF8033068460B2B28BF0B23ADF80330C5
:10A2E000DBF718FC03B05DF804FB08B54FF0FF3155
:10A2F0004FF0FF30FBF72EF8F8F74BFABDE80840B7
:10A30000FBF730B8684620F007018D4601B5FFF72E
:10A31000E5FCEEF7A5FEBDE80140854670476846BE
:10A3200020F007018D4601B5EEF788F8BDE8014041
:10A3300085467047684620F007018D4601B5EEF767
:10A3400071F8BDE801408546704708B5F8F754F943
:10A35000002008BD03465A6B00233C309A4200D1CE
:10A360007047C16801330844F8E77047012802D1FB
:10A370000020ECF793BE70477047ECF71DBD034615
:10A380000020184701F038B9024610B5116891B1A4
:10A39000B1FA81F3C3F11F000123834021EA0303D3
:10A3A000D2E8EF4F8C4204D1C2E8EC3FBCF1000F81
:10A3B000F6D1EBD110BD6FF00B00FBE710B50368D1
:10A3C000CB40DB0710D401238B40026843EA020133
:10A3D000D0E8EF4F944204D1C0E8EC1FBCF1000F6D
:10A3E000F6D1F2D1002010BD6FF01500FBE770B57B
:10A3F000D0F880300646002B0C46154613DBD1F80A
:10A400008030002B0FDB00210846FCF755FA48B9D5
:10A410002B7843F00043C6F880302B7843F000439C
:10A42000C4F8803070BD6FF01500FBE741F00041CB
:10A43000C0F8801000207047F7B51646DDE90847E0
:10A44000019001A81D46FCF74DFA019BB6F1000CE6
:10A4500018BF4FF0010C00EB83000B1E18BF012347
:10A46000002D43EA4C0314BF4FF00C0C4FF0000CCE
:10A47000002C43EA0C0314BF4FF4706C4FF0000C37
:10A48000002F43EA0C0314BF4FF4403C4FF0000C84
:10A49000D0F8002243EA0C0322EA030301B1097851
:10A4A0000EB13678760019430DB12D78AD003143E9
:10A4B0000CB12478240229430FB13F783F040C43A8
:10A4C0003C43C0F8004203B0F0BD1FB50DF10F03CF
:10A4D000019300238DF80F101A4619460093FFF7D9
:10A4E000ABFF05B05DF804FB10B504460846FCF769
:10A4F0000BFA04EB4004A08AC0F3401010BD10B565
:10A5000004460846FCF700FA04EB4004A08AC0F3B6
:10A51000400010BD10B504460846FCF7F5F904EB01
:10A520004004A08A400B10BD70B50446084616468C
:10A53000FCF7EAF9083034F810300D46DA0509D591
:10A54000C3F3432304EBC3023146284654F83330A7
:10A5500052689847A3682BB131462846E268BDE8A7
:10A560007040184770BD10B504460846FCF7CCF99A
:10A5700004EB4000838ADA051DD5C3F3432123F49D
:10A58000F853838204F1120204F1720032F8023FA0
:10A5900013F4807F03D0C3F3432399420BD082424C
:10A5A000F4D1002204EBC1035A6004F17800BDE845
:10A5B0001040FFF703BF10BDF0B5034600F58074EF
:10A5C000002001270546844695420AD1D3F87C2114
:10A5D00032B10022C3F87C21D3F87C3140F0004036
:10A5E000F0BD25F0404607FA06F6314209D0D4F80E
:10A5F00000E0BEF1000F04D0C4F800C0D4F800E0C1
:10A60000304301350434DFE738B504460D46FFF723
:10A610006BFFA8B12046FFF772FF88B92046FFF70D
:10A6200079FF012322688340C2F80833236803EBD3
:10A630008000D0F8103523F00303C0F8103538BD82
:10A640002846BDE838400021FFF73FBF2DE9F04321
:10A650001746044685B00846FCF756F9D7F800803F
:10A660000E460546B8F1000F1ED02046FFF747FF03
:10A6700018B12046FFF738FF20BB00230DF10F0271
:10A68000CDE900338DF80E308DF80F30304643465B
:10A690000DF10E01FFF7D0FE04EB4502938A23F083
:10A6A000020343F0010393827B689BB3314620464B
:10A6B00093F80080D3F80490FFF721FF28B1B9F197
:10A6C000000F1FD06FF0150027E004EB4500838AD0
:10A6D00023F4604323F020038382B9F1000F11D0EB
:10A6E000B8F1030FEED87B6821685B6893F800C06F
:10A6F0004FEA8C031944B8F1000F11D1C1F810854D
:10A70000C1F8108504EB4502938A23F01C0343EA49
:10A7100088039382BB6843BB002005B0BDE8F0838B
:10A72000D1F8102522F00302C1F810252268134445
:10A73000D3F8102522F44F3222F44072C3F81025CA
:10A740003202D3F8101502F47C5242EA08420A435E
:10A75000C3F8102504EB4C03A3F87C60838A43EA1A
:10A760004C3343F020038382CCE73146D3E90078B1
:10A770002046FFF7F8FE002FCED063689F4206D038
:10A7800004F17800FFF700FE002804DAC5E7A368AB
:10A790009845F5D1002004EBC003C3E9017804EB30
:10A7A0004505AB8AC0B243EA402343F48073AB82D1
:10A7B000B2E72DE9F043054685B0084616461F4628
:10A7C000FCF7A2F80C46804626B32846FFF797FE12
:10A7D00018B92846FFF788FE18BB05EB4809B9F8F9
:10A7E000143013F01C0F02D07378012B19D0012301
:10A7F0008DF80F3000232046CDE90063721CB31C96
:10A800000DF10F01FFF718FEB9F8143043F0030300
:10A81000A9F81430002F3FD021462846FFF76FFEDD
:10A8200020B96FF0150005B0BDE8F08300223E7836
:10A830002B684FEA860C03EB8603C3F81025C3F898
:10A84000102505EB4802938A23F4604323F020038C
:10A850009382787800B32968BF786144D1F81035C5
:10A86000000423F4991323F4F853C1F8103523029C
:10A8700000F4403003F47C5303433805D1F81055FD
:10A8800000F4801003432B43C1F81035938A43EA48
:10A89000463343F0200393820020C4E7C0E903124B
:10A8A000704770B504461546FFF71EFE48B10846CE
:10A8B000FCF72AF804EB40040020A38A5B0B2B7002
:10A8C00070BD6FF01500FBE738B590F88C40054679
:10A8D0009CB960222146143001F01BFA2868C0F8A8
:10A8E0007C41D0F87C3140F30730F8F7B7FF012303
:10A8F000204685F88C30AB6738BD6FF07700FBE7FA
:10A9000090F88C00003818BF01207047FCF732B86F
:10A910002DE9F34104461746FFF7E6FD0D4626688C
:10A92000F0B12046FFF7EBFD8046C8B92046FFF79F
:10A93000F1FD820002F5807346F80380F358236826
:10A940001344D3F8102542F00102C3F8102527B1B3
:10A95000012322688340C2F8043302B0BDE8F081CD
:10A96000D6F804332846002BA4BF4FF00043C6F8A6
:10A970000433FBF7C9FF04EB4004A38AC3F382034B
:10A98000042B11D0052B11D001A80195FBF7AAFFCC
:10A99000019B0169D94001F001010231284602B052
:10A9A000BDE8F041FFF791BD0321F7E70221F5E78C
:10A9B000FFF72ABE2DE9F04389B0109E0446894670
:10A9C00090460021202268461F46129D01F0A1F901
:10A9D0001F2E97BF01234FF0FF33B34003F1FF3326
:10A9E0002361119BC4E90098C4E9027663611834BD
:10A9F00045B10FCD0FC495E80F0084E80F0009B0F2
:10AA0000BDE8F0836D46F4E773B50468661C31D089
:10AA10008568A9422ED264182CD05E18AE4288BF39
:10AA20006B1A056A35B100930523A84703461846FB
:10AA300002B070BDBFF35B8F1946A41A101919B18B
:10AA400040EA0205AD070AD103290DDC01381144A3
:10AA50008A42ECD010F8014F02F8014BF8E7007879
:10AA6000013902F8010BE9E750F8044B043942F8C8
:10AA7000044BE9E76FF02103D9E773B50468651C5F
:10AA800032D08568A9422FD264182DD05E18AE420C
:10AA900088BF6B1A456ACDB100930523A84702B061
:10AAA00070BD12F8015B013905701546A01819B187
:10AAB00040EA0206B607F4D103290ADC013D01444D
:10AAC00088420CD1BFF35B8F1846E8E71946A41AF9
:10AAD000EBE755F8042B043940F8042BECE715F8A4
:10AAE000012F00F8012BEBE76FF02100D7E773B5DA
:10AAF0001C46036815465A1C29D08268914226D20A
:10AB00005B1824D066189642866A88BF541A36B1FC
:10AB100005232A460094B047204602B070BD18466F
:10AB200022464AB9294601F0F4F8BFF35B8FF3E7F8
:10AB300000F8015B013AF4E78307F9D14FF00133E4
:10AB40006B43032AEEDD40F8043B043AF9E76FF06B
:10AB50002100E2E70020704710B4046B02460B4668
:10AB600084B9C1681F2998BF23FA01F4416861B113
:10AB70008068834209D21069184051F82430184483
:10AB800010BC7047234610BC18474FF0FF30F7E762
:10AB900070B5436B05460E46E3B90469621C09BFF4
:10ABA00043680C401C680C1B21462846FFF7D4FF65
:10ABB000864207D02B6901331C44AB689C42F3D317
:10ABC0004FF0FF342868431C07D0AB68A34204D978
:10ABD000204470BD98470446F4E70020F9E730B5FB
:10ABE000059CC4E90002039A21811989E260049A54
:10ABF000618121856261D3E9002502EB0113C4E97B
:10AC000006128A1C236203EB42036A1C13446D4242
:10AC10002B406362836953B90139E2698B4202EBCD
:10AC2000031206DB002393736FF07F03D3730020BE
:10AC300030BD0133D381F0E72DE9F04FB0F830A0FB
:10AC400004465546002685B002EB030891460E9A4D
:10AC500000EBCA031FFA88FB9A63A3F83CB008F123
:10AC6000FF32C3690F1D0192B0451ADC238D258682
:10AC7000A3EB0B032385236A61895A8801390A40B3
:10AC800003EB4203A3F804A0BFF35B8F0020226A0A
:10AC9000538801335380638D0133638505B0BDE86C
:10ACA000F08FE06A2A0157F8041C03EB05150293A4
:10ACB00003680392C91A83680837994228BF4FF086
:10ACC000FF31FFF749FFDDE90232985000226A6048
:10ACD00057F8082CAA60019A9642ACBF00220122C4
:10ACE000B145D8BF42F00202AA810136ED89BBE727
:10ACF000F0B550B3456A448E6B88A34230D0631CD4
:10AD000043864389BFF35B8F013B1C4005EBC405C1
:10AD10006B689EB209B1AD680D60D0F81CC09BB2E3
:10AD20000CEB031100EBC3039D8F078D2F44013DF6
:10AD300007859D878D896F070ED5058ECD810021F2
:10AD40000686986B996302B11480F0BD9D8FC98906
:10AD5000013D0CEB01119D878D89ED07F6D4ECE7E1
:10AD60000020F2E7C36903EB011398687047C369D9
:10AD700009015958C06AFFF70BBF70B5BFF35B8F6D
:10AD80000D46016A1646838E4A8804469A4212D0BE
:10AD90005A1C82864289013A134001EB430189889B
:10ADA000298089B2FFF7E3FF2A88E36903EB0213E6
:10ADB0009B68336070BD0020FCE710B502689369A2
:10ADC0001269920017D543B9438E026A816944899A
:10ADD000013B1B1B02EB4102938003689B69012B23
:10ADE00008D1838E426A81694089013B1B1A02EBBC
:10ADF000C102938010BD23B9026A138843F0010396
:10AE0000138003689B69012B01BF426A138843F0DA
:10AE100001031380EEE710B5BFF35B8F03680446B0
:10AE20001A699B6912F0005F1AD07BB9036A426A03
:10AE30005B888169013B02EBC10292889B1A628D9B
:10AE40009BB29A4214D80023638510BD012BFAD11E
:10AE5000436A026A5B888169013B02EB4102ECE7CD
:10AE600063B9436A1B88DB4303F00103002BEAD07C
:10AE70006369002BE7D020469847E4E7012BE2D135
:10AE8000036AEFE7036A828E598891420AD04189AA
:10AE900001390A4003EB42039A88C36903EB0213AA
:10AEA0009868704700207047BFF35B8FC36803B199
:10AEB000184770474FF0FF324FF0FF33FCF772BE78
:10AEC00010B1C36A0133C362704738B1C26A013A34
:10AED000C2621AB9026B02B110470262704770B5C4
:10AEE0000446056A05F164063046FFF7E3FF636A2E
:10AEF000A3F580637F2B0BD801225909503503F04D
:10AF00001F039A4055F8213023EA020345F8213007
:10AF1000D4E90F124A60E16B04F13C031160204652
:10AF2000C4E90F33FFF7D1FF3046BDE87040FCF7AE
:10AF3000FFBD10B5436A8CB00A9320230446024635
:10AF40000B9102A8194600F038FB28230122CDE915
:10AF5000003220463522616A02ABFCF723F800EA92
:10AF6000E0700CB010BD30B1006A20B119B1D0F85A
:10AF7000883003B11847704730B1006A20B119B169
:10AF8000D0F88C3003B11847704730B1006A20B157
:10AF900019B1D0F8903003B11847002070472DE95F
:10AFA000F84306468846174699460468A64201D1EA
:10AFB000002520E07A1CA4F13C0502D06B6ABB425C
:10AFC00019D0B8F1000F22D020224146284600F0C7
:10AFD000B8FEE0B9B9F1FF3F02D0AB6A4B450AD0E9
:10AFE0007B1C0BD02468B442E2D054F8183CA4F186
:10AFF0003C059F42E8D12846BDE8F883AB6A01339F
:10B00000F9D02468B442D3D0A4F13C05D9E7246830
:10B01000CCE770B505460C461E46CAB12023204633
:10B02000194600F0CAFA0123E362049B6662A36238
:10B03000059B25626363069BA363079B63646A6841
:10B0400004F13C03C4E90F526B60226C136070BDC5
:10B050000A70E8E710B5044690B1036A83B102783C
:10B060004AB193F8A43033B1436AB3F5806F02D389
:10B070000121FFF75EFF2046BDE81040FFF72FBF1C
:10B0800010BD20B1036A13B15B6803B11847704764
:10B0900008B530B1036A3BB1DB682BB1984700209B
:10B0A00008BD6FF01500FBE76FF00500F8E770478B
:10B0B000FCF73EBD4FF0FF324FF0FF33FCF772BD9F
:10B0C000F8B50C4600F164070546A4F110063846B1
:10B0D000FFF7F0FF3046FCF71BF880B154F8083C4E
:10B0E00024F8083CD5F8CC3044F80C3C05F1C803F2
:10B0F00044F8103CC5F8CC6054F80C3C1E6038464F
:10B10000FFF7D6FF0020F8BD38B50D4600F1640406
:10B110002046FFF7CFFF55F8083C204603F5803363
:10B1200045F8083CBDE83840FFF7C2BF2DE9F041C3
:10B1300088B00E9C282A8846D4F8C0006ED10168D9
:10B140008568A8EB0101A94228BF4FF0FF312023F9
:10B150006A46FFF759FC04F16406D8F820703046BF
:10B16000FFF7A8FF3B464FF0FF3269462046FFF746
:10B1700016FFD8F824300546E0B1D0F8308003F04F
:10B180000103B8F1000F02D0DBB9AF6230E0002B51
:10B19000FBD04FF0FF3383623046FFF789FFAB6B84
:10B1A00083BBD4F88030002B38D03A46694620461D
:10B1B000984733E0DB071FD43046FFF779FFE36F92
:10B1C000F1E74FF0FF338362FFF77AFE3046FFF777
:10B1D0006FFFAB6BA3B9D4F880301BB13A46694618
:10B1E000204698473046FFF765FF2846FFF76DFE7B
:10B1F0003046FFF75DFF11E03046FFF759FFD0E71B
:10B200004FF0010828469847D4F880301BB13A46E1
:10B21000694620469847B8F1000FE3D1002008B0F6
:10B22000BDE8F081F0B504468E680D46B6B23146F1
:10B23000D0F8B80085B0FFF795FDD4F8B4300746D4
:10B240009A6942B90095CDE902500123D4F8B800BB
:10B2500002A9FFF7F1FCD4F8B4309B69012B08D1A7
:10B260003A463146D4F8B80005B0BDE8F040FBF7E7
:10B270007DBE05B0F0BD70B500F16406A1F110050A
:10B2800004463046FFF716FF2846FBF741FF38B16A
:10B2900020462946FFF7C6FFD4F8B800FFF7BBFDEC
:10B2A0003046BDE87040FFF703BF2DE9FF4103685A
:10B2B0009E6A06F164084046FFF7FCFED6F8B430FB
:10B2C0009B693BB1012B12D04046FFF7F1FE04B061
:10B2D000BDE8F081D6F8B8000DF10A0203A9FFF726
:10B2E00007FDD6F8B43004469B69012B07D1D6F888
:10B2F000B80003AA0DF10A01FFF73FFD0446002C38
:10B30000E2D0BDF80A3000216268A36030464FF0F9
:10B31000FF33FFF744FE0546FFF7D2FDA368404622
:10B3200003F58033A360FFF7C3FE75B1AB6A696CA8
:10B33000013308BF2368284608BFAB622368A2898F
:10B3400000916F6B04F11001B8474046FFF7B2FE61
:10B350002846FFF7BAFD2046FBF7DAFE38B1304643
:10B360002146FFF75FFFD6F8B800FFF754FD4046CF
:10B37000FFF79EFE9FE72DE9F041A3F1100653F879
:10B38000085C002388B00693ADF81E3004461023F5
:10B39000CDE904120E9FD0F8C000ADF81C70016812
:10B3A000D0F808C0711A0DEB0302614528BF4FF0B9
:10B3B000FF3104F16408FFF760FB4046FFF77AFEB7
:10B3C000D4F8B430ADB29B69CBB9D4F8A820D4F886
:10B3D000B430D4F8BC009B69C3B9CDE902620096D1
:10B3E000012202A9FFF728FCD4F8BC00FFF713FDE7
:10B3F0004046FFF75DFE384608B0BDE8F0812946BB
:10B40000D4F8BC00FFF7AEFC0246E0E7012BEBD11D
:10B410002946FBF7ABFDE7E710B548B149B14368F2
:10B420008B4206D382680468D21A5B1A4360A01864
:10B4300010BD0020FCE72DE9F3470546D0F8B40025
:10B440000E46904618B9002002B0BDE8F087036AA6
:10B45000002BF8D09B68002BF5D098474307F2D516
:10B4600043F69823B8F1000F18BF984605F164071A
:10B4700005F1C8093846FFF71DFED5F8C8404C4510
:10B480002BD054B3D4E90023536022681A60C4E976
:10B490000044D5F8B43021899B69ADF806107BB122
:10B4A000012B14D03846FFF703FEBDF8063004F137
:10B4B000100003F58033A3603368103B3360C3E7AB
:10B4C000D5F8A8303360D5F8B4309B69E8E7D5F8F3
:10B4D000BC00FFF747FC3060E4E7D5F8B430D3F8A0
:10B4E00018A0BAF1000F36D13146D5F8BC000DF1E5
:10B4F0000602FFF7FDFB04460028D3D1D5F8BC3087
:10B500001B8DB3B93846FFF7D3FDB8F1000F9AD0C1
:10B51000D5E92D32182112891B6B01FB0233D5F8B6
:10B52000D02022BB2120002100F098FA08F1FF383A
:10B53000A0E7D5F8A810D5F8C400FFF76DFF0446C2
:10B54000D5F8A830ADF806A033603846FFF7B0FD57
:10B55000002CDAD0A9E7BAF1010FD3D13246D5F8E1
:10B56000BC000DF10601FFF708FC0446EDE7196980
:10B57000284690476FF4FB639842D3D000283FF4ED
:10B5800079AF60E720B119B112B1C0E901220160C1
:10B59000704738B5044618B938BD3C38FFF75AFD36
:10B5A00020688442F9D10025D4F8B400C4E92E55AE
:10B5B000FFF767FDC4F8B450EEE770B505461C46CA
:10B5C00099B18B4228BF0C46661C013E05D012F88B
:10B5D000013B00F8013B002BF7D1A14207D9091B21
:10B5E0008A19002100F095FBA11B084670BD0023BD
:10B5F0000D4405F8013CF7E708B1F8F739BE70478C
:10B6000010B5436904463BB90020E26840425378D4
:10B6100043F00103537010BD98470028F4D0002870
:10B62000B8BF4042FF28A8BFFF20E3681870ECE7CE
:10B6300040B1C368587810F001001EBF1878B0FA06
:10B6400080F040097047EFF31183402383F31288A1
:10B65000BFF36F8FFEE708B5FFF7F5FF10B400F1F9
:10B660000C04C0E9034410BCFDF7A8BE38B504467D
:10B67000EFF31185402383F31288BFF36F8FFDF73B
:10B680004DFE04F10C0000F0D6F930B1294604F16A
:10B690001400BDE83840FCF73DBE85F31188BFF3C8
:10B6A0006F8F38BD402408B5EFF3118384F31288FF
:10B6B000BFF36F8FFEF755FAF6E7D0E9003213605B
:10B6C0005A600023427BC0E9003322F00202427339
:10B6D0008360704713B501240094FCF75DF802B055
:10B6E00010BD90F90E308B4201D0FCF7A1BD0020B7
:10B6F000704703460020C3E90033C3E902007047E6
:10B70000D0E9003213605A600023427BC0E9003365
:10B7100022F002024273836070472DE9F84391469C
:10B7200004460D469DF8202000F10807EFF311862E
:10B73000402181F31288BFF36F8F02B14568D4F8BE
:10B740000880474518D0B8F1000F15D04046FFF7E4
:10B75000D7FF08F1180000F0DBF900234046C8F8D5
:10B760007C30C8F8109000F01DF938463146FCF7DF
:10B77000D1FD0020BDE8F883A3B10820FDF7A4F9AE
:10B78000002838D00122C0F804900260016801F05E
:10B7900003015DB922680A430260626820606AB9E9
:10B7A00060600BE04846C9F80030EFE72A68032ADA
:10B7B00016D80160616869B9C4E90000042104F188
:10B7C000100000F05AFA0028CFD186F31188BFF399
:10B7D0006F8FCFE70A6802F0030202430A60DFE7D7
:10B7E00022F003020A4302602A6802F0030240EAE0
:10B7F00002032B60E2E76FF00B00E6E710B50446AA
:10B8000030B10268930703D0446809B100F06CFAC4
:10B81000204610BD012307B5009300230A461946B0
:10B82000FFF77BFF03B05DF804FB002307B50A4672
:10B8300000931946FFF771FF03B05DF804FB5AB19E
:10B840008A4209D300F11003C0E90212C0E90000E6
:10B85000C0E90433002070476FF0150070470123E2
:10B8600002688B4022EA0303036022FA01F000F031
:10B8700001007047704720B100228C30114600F063
:10B880000EB9704738B504460D461022002100F06D
:10B8900040FA656038BD13B501900846EFF3118496
:10B8A000402383F31288BFF36F8F01A9FCF746FA98
:10B8B00084F31188BFF36F8F02B010BD10B5FFF78E
:10B8C000EAFF041E08DDEFF31180402383F31288A2
:10B8D000BFF36F8FFCF730FD204610BD70B50D46ED
:10B8E000EFF31186402383F31288BFF36F8FFCF7C9
:10B8F00081FA044686F31188BFF36F8F38B14FF099
:10B90000FF324FF0FF3305F11000FCF74BF92046F2
:10B9100070BD08B5A022002100F0FBF908BDEFF3CF
:10B920000580003818BF012070476FF0570070473E
:10B93000D0E9003213605A600023C0E90033704739
:10B9400008B5FFF7F5FF437B23F0020343730023A1
:10B95000836008BD38B504460D46FCF7D7FB637B12
:10B9600043F002036373E5B1A5602B689D4209D1E2
:10B970006B68C4E900531C606C6012E06A689A420C
:10B98000F6D01B68002BF3D094F90E2093F90E101B
:10B990008A42F3D09142F1DD5A68C4E90032146062
:10B9A0005C6038BD10B5EFF31184402383F3128837
:10B9B000BFF36F8FFCF768FB84F31188BFF36F8FC1
:10B9C00010BD08B5EFF31181402282F31288BFF356
:10B9D0006F8F83680BB1FFF7B3FF81F31188BFF35B
:10B9E0006F8F08BD014610B5EFF31184402383F338
:10B9F0001288BFF36F8F437B13F0280F0AD183683F
:10BA00000BB1FFF79DFF4B7B084623F004034B73FC
:10BA1000FCF73AFB84F31188BFF36F8F10BD01214F
:10BA20001838FFF7DFBF10B5FFF7CBFFBDE81040B8
:10BA3000183000F06DB838B5054604680020AC42F7
:10BA400000D138BD002CFCD02046FFF7ECFF20468B
:10BA5000FFF7A8FF2C680120A542F1E770B5054665
:10BA60000E46FCF711FDB6F1FF3F08BFB5F1FF3FF1
:10BA70000446284612D04FF47A7147F6FF7300222D
:10BA8000C4FB0132D80B40EA4240B0F1004F4FEA0C
:10BA9000D23272F1000228BF6FF0004070BD38B59D
:10BAA000EFF31185402383F31288BFF36F8F04688F
:10BAB000A04212D09CB1E16722612046FFF740FF0F
:10BAC00004F1180000F024F82046FCF7DDFA01200C
:10BAD00085F31188BFF36F8F38BD0020F8E720464B
:10BAE000F6E708B50246FCF767FE70B1D0E904310D
:10BAF0009B1A61EBE272B3F1004F72F1000104DABC
:10BB0000002AACBF1846002008BD6FF00040FBE7DC
:10BB1000024638B5EFF31185402383F31288BFF353
:10BB20006F8F0368CBB1FCF747FE04461046FCF765
:10BB300055FE00224FF000438442C0E9042306D1A1
:10BB4000FCF742FEFFF7CDFF0021F9F7CBFB002009
:10BB500085F31188BFF36F8F38BD6FF01500F7E7DD
:10BB600008B5FCF745FF08BDB3F1FF3F08BFB2F1D0
:10BB7000FF3F70B506461D46144614D01A4316D032
:10BB8000002B08DBFCF734FF041941EB0501C6E983
:10BB90000041304670BD6FF001031C1B4FF0FF33B6
:10BBA00063EB0501F3E74FF0FF342146EFE7002494
:10BBB000FBE7B3F1FF3F08BFB2F1FF3FF8B507461F
:10BBC00016461C4610D054EA020311D0FCF710FFB1
:10BBD000B0420A46A14103460AD2F31A64EB0204BA
:10BBE000C7E900343846F8BD4FF0FF331C46F7E78D
:10BBF0000023FBE72DE9F041846805460E46D4B1E9
:10BC00006378012B22D114F8533C9A0711D5A4F183
:10BC100060073846FFF707FF082E0CBF6FF00303DD
:10BC20000023E36114F8533CDB0602D13846FFF7EA
:10BC3000B9FE002323700020EB68A860C3F38632AE
:10BC4000164366F39433EB60BDE8F081022BF0D12C
:10BC50002378002BEDD054F8048CB8F1000FE8D015
:10BC600004F11400FFF754FF0023A4F11407394630
:10BC70004046E362FFF70FFEDBE738B5EFF31185CF
:10BC8000402383F31288BFF36F8F0468A04211D062
:10BC9000D4E9003213605A6000232046C4E900331F
:10BCA000FFF7A8FF85F31188BFF36F8F201E18BF21
:10BCB000012038BD0024F5E7043270B504460ED2E9
:10BCC000EFF31185402686F31288BFF36F8F41F0A2
:10BCD0000401984785F31188BFF36F8F08B90020DE
:10BCE00070BD40F8044BFBE720B1011F50F8040C75
:10BCF000FFF7BCBC704770470A44431E914200D115
:10BD0000704710B511F8014B914203F8014FF9D17A
:10BD100010BD02440346934200D1704703F8011B53
:10BD2000F9E70139024410B5904201D1002005E045
:10BD3000037811F8014FA34201D0181B10BD013048
:10BD4000F2E710B56AB10139841810F8012B11F827
:10BD5000013F9A4203D1A04201D0002AF5D1D01A66
:10BD600010BD1046FCE710B50139044632B111F898
:10BD7000013F013A00F8013B002BF7D10021FFF70A
:10BD8000C8FF204610BD0246014410B58A42134642
:10BD900003D01C780132002CF8D1181A10BDF0B570
:10BDA000C3F13707044603F01F031046FFB2082B08
:10BDB000E6B232D0102B3DD06508A40845EAC17523
:10BDC00044EA81748A082D1942EB5102290941EA9B
:10BDD00002716D1842EB1212290A41EA02616D18D4
:10BDE00042EB1222290C41EA02416D1842EB124249
:10BDF000AD1842F10002EC0844EA4274D10804EBA9
:10BE00008402A6EB4205EDB2092D0CD90134A5F14F
:10BE10000A0541F10001EDB212E0E40806F0070561
:10BE200044EA4174C908303554EA010200F8015B64
:10BE3000BDD1F0BD240906F00F0544EA01740909DB
:10BE4000092D84BFED19EDB2EDE70000014800684F
:10BE500070470000188800216469FF7F010000001E
:10BE6000954203010000000000000000F8BE03013D
:10BE700075770301000000000000000030BF0301DF
:10BE80000000000014BF03012D6603010000000044
:10BE90004BA3030100000000000000004CBF0301A1
:10BEA0000000000068BF03012D47030100000000EF
:10BEB0009151030100000000253E03010000000035
:10BEC0000000000084BF030100000000A0BF0301C8
:10BED000A966030100000000D98A030100000000E8
:10BEE00000000000BCBF0301F56603010000000074
:10BEF000ED3103010000000087CB0301C0C5030141
:10BF000068C103012A090021788800218D440301BA
:10BF100000000000A6CB0301D0C5030130C103011E
:10BF20002E09002120890021714B0301000000002F
:10BF3000B4CB0301E4C5030130C103013009002182
:10BF40002C890021714B03010000000096CB0301F6
:10BF50000000000028C103012C090021CC88002129
:10BF60004149030100000000D9CB0301F8C50301DA
:10BF700084C1030134090021C08900213DA00301CF
:10BF800000000000C2CB0301E008002154C10301FE
:10BF900032090021388900212D4D030100000000E5
:10BFA000E7CB03010000000040C603013609002171
:10BFB000D88900216D54030100000000E7C6030189
:10BFC00010080021C8C4030128090021B819002164
:10BFD000A19803010000000000000000299B03015C
:10BFE00000000000299B030100000000299B0301C1
:10BFF00000000000299B030100000000299B0301B1
:10C000007BA303017FA3030100000000299B030120
:10C0100000000000299B030100000000299B030190
:10C02000CC880021B14903014C080021799E03010D
:10C0300000000000299B030100000000299B030170
:10C0400000000000299B030100000000299B030160
:10C0500000000000299B030100000000299B030150
:10C0600000000000299B03015D6C03017FA3030115
:10C0700068BF0301DD9F030100000000299B03014D
:10C0800000000000299B0301000000002152030171
:10C0900000000000299B030100000000299B030110
:10C0A00000000000299B03010000000099660301C5
:10C0B00000000000299B030100000000299B0301F0
:10C0C00000000000299B03013819002188920021FB
:10C0D0000002000031280301000000000000000001
:10C0E000000000000700000000000000D7C60301A8
:10C0F0000000000000000000B8180021888C00211A
:10C1000000060000052803010000000000000000F8
:10C11000000000000700000000000000CAC6030184
:10C120000000000000000000E9480301414803014D
:10C13000AD4B0301DF9D0301EB9D0301FF9D030157
:10C14000099E0301139E0301254A0301279E030153
:10C1500000000000C39E03019F9E0301BB9E0301DC
:10C16000BF9E0301EB9E0301E54403014F9D0301C4
:10C17000B19D030100000000EB9C030100000000E2
:10C1800000000000979F03019D4E0301899F03015A
:10C190003D6E030106000000DEE61E28EAAC45B84D
:10C1A00002350000DEE61E284CBBCE8F02350000B3
:10C1B0000002000000020000000000000001030275
:10C1C00001020203030000000102040025262700EB
:10C1D0000102040301020303010204002804000019
:10C1E000BE110000904200004C01000086040000D7
:10C1F000E80B000000010302010203030102030334
:10C200000101000207000102040100010000010118
:10C21000000001000100000100010000000000001A
:10C22000020B000001000B0002000A0005000900DB
:10C230000A000800140007001E0006003200050076
:10C240004B0004006400030096000200FA000100A5
:10C25000F40100000102030302030100F401FA00EB
:10C26000960064004B0032001E0014000A00050016
:10C27000020001000C0802170D0101020909010169
:10C280000602091818030101090903030503020145
:10C29000230202240910040405050B0B040B2B1BBD
:10C2A0001B159A9A1C021D16130501490D15050848
:10C2B000061B1B0F01010000FEFEFEFEFEFEFEFE41
:10C2C000FEFEFEFEFEFEFEFEFE16FEFEFEFEFEFE76
:10C2D000FEFEFEFEFE1F1FFEFE26FEFEFEFEFEFE14
:10C2E000FEFEFEFEFEFEFEFEFEFEFEFE3E3EFEFEEE
:10C2F000FEFE3B3B6000BE0290062C01CE05D01234
:10C300002804BE1190426400AE0250067205081364
:10C31000DA430001020201020400A301B103BF05D8
:10C32000EF024906A309C505F50B25120102030317
:10C330000102030301020401020303002804BE11E9
:10C34000904272050813DA432C00CE01D00204108B
:10C3500040002804BE1190422C00CE01D002B4004F
:10C36000EE03500B6400AE025006B400EE03500B17
:10C3700001020303010204002804BE1190422804B4
:10C38000BE119042010203030001020201020400F7
:10C39000010302000100000007000000000000008F
:10C3A00000000000000000000406080A0C0E101235
:10C3B0001416181C1E20222426282A2C2E30323433
:10C3C00036383A3C3E40424446484A4C4E021A50A7
:10C3D00000000000280000001800000050010000CC
:10C3E0005001000000000000141E00003011000089
:10C3F000B45F00003C730000B80BD0076C396C3997
:10C400000000000070170000A00F00003C28000092
:10C410003C2800000000DC05E8030000D417000001
:10C42000000000000000000000000000141E0000DA
:10C430003011000060EA000060EA000000002CA655
:10C44000E0A120A820A800000000000000000000DB
:10C4500000003408E803280A280A00000000000051
:10C4600000000000E3A3C301020403010204000171
:10C4700002000504000808000000000000000000A1
:10C4800000000000000000000000000000000101AA
:10C49000010102020202030303030405060708095F
:10C4A0000A0B0C0D0E0FD8ECF0F4F8F9FAFBFCFDBA
:10C4B000FEFF0001020300100200FA00000000006D
:10C4C0000338FDD870470000B12C030159990301CE
:10C4D000912E030100000000DD2E0301C92F03018E
:10C4E00037970301AB9703013F970301719703014E
:10C4F0005B97030145970301000000000000000066
:10C50000899A03017B9A0301859A0301799A0301B1
:10C51000000000000000000000000000000000001B
:10C52000699A0301000000210000000006000100DC
:10C530000200000038C503010000000158CB0301D0
:10C5400006000000E0FF03010000002160CB0301B2
:10C5500021000000E0FF0021B13E030100000000C7
:10C56000239C030158C5030174C5030104010000A5
:10C570000000000088D7002158C5030188C50301C9
:10C580002000000000000000A4D8002158C50301CD
:10C590009CC5030103010000000000002CDA00210B
:10C5A00058C50301B0C503010801000000000000E8
:10C5B00070E7002149440301194403010000000011
:10C5C000A145030121450301DB9D0301D79D030123
:10C5D000FFFF000000088C414C0800210000000013
:10C5E00001000000FFFFFFFF00058C414C08002107
:10C5F00000000000000000000030014101000000C8
:10C60000000000001CC603010000D601000000006D
:10C6100000000000738A0021728A0021003001416D
:10C6200028C603010100000030C603010400000019
:10C63000210000000B000002200600010A06000392
:10C640007153030159A1030187A1030108000000F0
:10C6500003000000A7CC0301BACC0301CDCC030139
:10C66000E0CC0301F3CC030106CD030119CD030196
:10C670002CCD030160BE030168BE0301B0BE0301FF
:10C68000B8BE0301F0BE0301F8BE030196CD03015D
:10C690000001000000000000647261676F6F6E2F80
:10C6A0006C6962732F73636865642F7372632F7391
:10C6B000636865645F68616C5F7274632E63006EAB
:10C6C00072665F62745F6863690074785F74687231
:10C6D0006561645F69640071756575655F74687232
:10C6E0006561645F69640069706330002A2A2A20EA
:10C6F000426F6F74696E67206E524620436F6E6E94
:10C700006563742053444B2076332E322E39392DF5
:10C71000376665336133366165396236202A2A2AE5
:10C720000A002A2A2A205573696E67205A657068A4
:10C730007972204F532076342E332E39392D3962B9
:10C7400061396338643139333461202A2A2A0A0076
:10C7500072302F61313A202030782530387820200F
:10C7600072312F61323A20203078253038782020FD
:10C7700072322F61333A20203078253038780A0021
:10C7800072332F61343A2020307825303878207287
:10C7900031322F69703A2020307825303878207275
:10C7A00031342F6C723A20203078253038780A00E6
:10C7B00020787073723A20203078253038780A005B
:10C7C0004661756C74696E6720696E737472756307
:10C7D00074696F6E206164647265737320287231AE
:10C7E000352F7063293A203078253038780A005583
:10C7F0006E68616E646C6564204952516E3A202502
:10C80000640A002A2A2A2A2A2055534147452046ED
:10C8100041554C54202A2A2A2A2A0A0020204469F9
:10C82000766973696F6E206279207A65726F0A008B
:10C830002020556E616C69676E6564206D656D6F53
:10C840007279206163636573730A002020537461F9
:10C85000636B206F766572666C6F772028636F6EEE
:10C86000746578742061726561206E6F74207661E2
:10C870006C6964290A0020204E6F20636F70726F0C
:10C88000636573736F7220696E7374727563746914
:10C890006F6E730A002020496C6C6567616C206CB8
:10C8A0006F6164206F66204558435F52455455526E
:10C8B0004E20696E746F2050430A002020496C6C32
:10C8C0006567616C20757365206F662074686520EC
:10C8D000455053520A002020417474656D707420D5
:10C8E000746F206578656375746520756E64656620
:10C8F000696E656420696E737472756374696F6EB6
:10C900000A002A2A2A2A2A20425553204641554CF9
:10C9100054202A2A2A2A2A0A002020537461636B91
:10C92000696E67206572726F720A002020556E73FF
:10C930007461636B696E67206572726F720A0020A2
:10C94000205072656369736520646174612062754B
:10C9500073206572726F720A002020424641522095
:10C96000416464726573733A20307825780A002038
:10C9700020496D707265636973652064617461201C
:10C98000627573206572726F720A002020496E739F
:10C990007472756374696F6E20627573206572724C
:10C9A0006F720A002A2A2A2A2A204D505520464111
:10C9B000554C54202A2A2A2A2A0A0020205374611E
:10C9C000636B696E67206572726F722028636F6E89
:10C9D000746578742061726561206D696768742080
:10C9E0006265206E6F742076616C6964290A00208C
:10C9F0002044617461204163636573732056696FDD
:10CA00006C6174696F6E0A0020204D4D46415220C2
:10CA1000416464726573733A20307825780A002087
:10CA200020496E737472756374696F6E204163631D
:10CA30006573732056696F6C6174696F6E0A00527A
:10CA40006573657276656420457863657074696F97
:10CA50006E20280053707572696F757320696E744B
:10CA600065727275707420284952512000535053DA
:10CA7000454C20696E20746872656164206D6F6436
:10CA80006520646F6573206E6F7420696E646963DE
:10CA9000617465205053500A002A2A2A2A2A204805
:10CAA000415244204641554C54202A2A2A2A2A0A17
:10CAB000002020427573206661756C74206F6E20B3
:10CAC000766563746F72207461626C652072656153
:10CAD000640A0020204465627567206576656E747F
:10CAE0000A0020204661756C7420657363616C6177
:10CAF00074696F6E20287365652062656C6F772995
:10CB00000A00415243485F455843455054207769D5
:10CB1000746820726561736F6E2025780A0A002A96
:10CB20002A2A2A2A204465627567206D6F6E69740F
:10CB30006F7220657863657074696F6E202A2A2A87
:10CB40002A2A0A002A2A2A2A2A202573202564292B
:10CB5000202A2A2A2A2A0A00464C4153485F3000DC
:10CB60005352414D5F3000010400020000000200FA
:10CB700000000000000005000000000000000000B0
:10CB800000000000000005636C6F636B40343130BF
:10CB900030353030300072616E646F6D403431304A
:10CBA0003039303030006770696F4034313863306D
:10CBB000383030006770696F403431386330353059
:10CBC00030006D626F7840343130313230303000B7
:10CBD00000010203040506070B75617274403431CD
:10CBE0003031333030300062745F6863695F736482
:10CBF00063004D50534C204153534552543A202525
:10CC0000732C2025640A004D50534C20576F726BD3
:10CC1000004552524F523A2043616E6E6F74206647
:10CC2000756C66696C6C204558545F4150492072A0
:10CC30006571756573742E0D0A005741524E494E49
:10CC4000473A204F7074696F6E616C204558545F8D
:10CC50004150492072657175657374206E6F742040
:10CC600066756C66696C6C65642E0D0A00000000C8
:10CC700001010000000020303030303030303030E2
:10CC800030303030300001756E72656769737465DD
:10CC9000726564202573206275730A0067656E658E
:10CCA000726963002573006D6574616C3A20656D6F
:10CCB000657267656E63793A20006D6574616C3AE0
:10CCC00020616C6572743A2020202020006D65740C
:10CCD000616C3A20637269746963616C3A20200068
:10CCE0006D6574616C3A206572726F723A20202013
:10CCF0002020006D6574616C3A207761726E696EF8
:10CD0000673A202020006D6574616C3A206E6F7464
:10CD10006963653A20202020006D6574616C3A20BB
:10CD2000696E666F3A202020202020006D657461B6
:10CD30006C3A2064656275673A2020202020002527
:10CD4000733A2066726565696E67206E6F6E2D6539
:10CD50006D707479207669727471756575650D0AE8
:10CD600000756E65787065637465642062756666CB
:10CD700065722068656C6420636F756E7465720DF2
:10CD80000A0072785F76710074785F7671004E5396
:10CD9000006D61696E00737973776F726B7100B0AB
:10CDA00067F850AFD292D8646F6CC28C2563F49C44
:10CDB000A2329B00FFFFFFFF1F00286E756C6C29DD
:10CDC000002A666C6F61742A000000000088000170
:10CDD000FFFFFFFFFF1F00001F000000000000001A
:10CDE0007FFE0000E40700001D400000000000007E
:10CDF0000000000000000000FFFFFFFF1FFF1B00FE
:10CE0000BAABBABA10101010A0354D00FF000000E8
:10CE1000C40900000000000000C000410000000044
:10CE2000000000000C00000000FF7F000000000078
:10CE300000000000000000000000000000000000F2
:10CE400000000000000000000000000095B3000199
:10CE500051B40001D1CC000161C80001BDAF000197
:10CE600081C40001B1C100010DC20001E5CE000185
:10CE7000C9CE000115C80001A5C800014DC90001B7
:10CE8000F5C8000179AF0001B5C400018DC20001F1
:10CE900055CD00016DAE000119CC000185CA00011D
:10CEA0006DAE00016DAE0001A9C9000121CB0001EA
:10CEB000B5CB00010DCA000129D30001E9B2000180
:10CEC00035D900016DD900017DB70001F5B700012A
:10CED000C9C2000191AF000109B0000109B0000111
:10CEE000ADBF0001A9AF000121CF00018C000021DE
:10CEF0009C000021B4000021E80000210001002175
:10CF00000000000000000000000000000000000021
:10CF10000000000000000000000000000000000011
:10CF20000000000000000000000000000000000001
:10CF300000000000000000000000000000000000F1
:10CF4000000000000000000095D102010000000078
:10CF5000DDD2020100000000B981010100000000E3
:10CF600029D302010000000025D3020100000000C7
:10CF7000BBD3020100000000D9D302010000000071
:10CF800041D3020100000000E3D1020100000000D3
:10CF900059D302010000000039D202010000000054
:10CFA000F1D10201000000004BD20201000000009C
:10CFB000ABD20201000000004FD2020100000000CD
:10CFC0009DD20201000000004FD2020100000000CB
:10CFD000BDD202010000000095D302010000000054
:10CFE000CBD202010000000095D302010000000036
:10CFF0000000000000000000000000000000000031
:10D000000000000000000000000000000000000020
:10D010000000000000000000000000000000000010
:10D020000000000000000000000000000000000000
:10D0300000000000000000000000000000000000F0
:10D0400000000000000000000000000000000000E0
:10D0500000000000000000000000000000000000D0
:10D0600000000000000000000000000000000000C0
:10D0700000000000000000000000000000000000B0
:10D0800000000000000000000000000000000000A0
:10D090000000000000000000000000000000000090
:10D0A0000000000000000000000000000000000080
:10D0B0000000000000000000000000000000000070
:10D0C0000000000000000000000000000000000060
:10D0D0000000000000000000000000000000000050
:10D0E0000000000000000000000000000000000040
:10D0F0000000000000000000000000000000000030
:10D10000000000000000000000000000000000001F
:10D11000000000000000000000000000000000000F
:10D1200000000000000000000000000000000000FF
:10D1300000000000000000000000000000000000EF
:10D1400000000000000000000000000000000000DF
:10D1500000000000000000000000000000000000CF
:10D1600000000000000000000000000000000000BF
:10D1700000000000000000000000000000000000AF
:10D18000000000000000000000000000000000009F
:10D19000000000000000000000000000000000008F
:10D1A000000000000000000000000000000000007F
:10D1B000000000000000000000000000000000006F
:10D1C000000000000000000000000000000000005F
:10D1D000000000000000000000000000000000004F
:10D1E000000000000000000000000000000000003F
:10D1F000000000000000000000000000000000002F
:10D20000000000000000000000000000000000001E
:10D21000000000000000000000000000000000000E
:10D2200000000000000000000000000000000000FE
:10D2300000000000000000000000000000000000EE
:10D2400000000000000000000000000000000000DE
:10D2500000000000000000000000000000000000CE
:10D2600000000000000000000000000000000000BE
:10D2700000000000000000000000000000000000AE
:10D28000000000000000000000000000000000009E
:10D29000000000000000000000000000000000008E
:10D2A000000000000000000000000000000000007E
:10D2B000000000000000000000000000000000006E
:10D2C000000000000000000000000000000000005E
:10D2D000000000000000000000000000000000004E
:10D2E000000000000000000000000000000000003E
:10D2F000000000000000000000000000000000002E
:10D30000000000000000000000000000000000001D
:10D31000000000000000000000000000000000000D
:10D3200000000000000000000000000000000000FD
:10D3300000000000000000000000000000000000ED
:10D3400000000000000000000000000000000000DD
:10D3500000000000000000000000000000000000CD
:10D3600000000000000000000000000000000000BD
:10D3700000000000000000000000000000000000AD
:10D38000000000000000000000000000000000009D
:10D39000000000000000000000000000000000008D
:10D3A000000000000000000000000000000000007D
:10D3B000000000000000000000000000000000006D
:10D3C000000000000000000000000000000000005D
:10D3D000000000000000000000000000000000004D
:10D3E000000000000000000000000000000000003D
:10D3F000000000000000000000000000000000002D
:10D40000000000000000000000000000000000001C
:10D41000000000000000000000000000000000000C
:10D4200000000000000000000000000000000000FC
:10D4300000000000000000000000000000000000EC
:10D4400000000000000000000000000000000000DC
:10D4500000000000000000000000000000000000CC
:10D4600000000000000000000000000000000000BC
:10D4700000000000000000000000000000000000AC
:10D48000000000000000000000000000000000009C
:10D49000000000000000000000000000000000008C
:10D4A000000000000000000000000000000000007C
:10D4B000000000000000000000000000000000006C
:10D4C000000000000000000000000000000000005C
:10D4D000000000000000000000000000000000004C
:10D4E000000000000000000000000000000000003C
:10D4F000000000000000000000000000000000002C
:10D50000000000000000000000000000000000001B
:10D51000000000000000000000000000000000000B
:10D5200000000000000000000000000000000000FB
:10D5300000000000000000000000000000000000EB
:10D5400005150201B5190201D70B0301F1140201FF
:10D550000000000000000000000000009007002113
:10D560001D26030123260301252603014B26030163
:10D5700029260301552603012F2603015F260301F7
:10D58000352603016B2603014126030145260301CD
:10D59000372603013D2603015B26030165260301AF
:10D5A000FF000000DC070021010000009D270301AF
:10D5B000A9270301AD270301B5270301B9270301FB
:10D5C000BFC6030100000000D127030100000000D6
:10D5D000DD27030100000000000000006D9403013E
:10D5E00001000000000007200000010084BF0301CB
:10D5F0000100000084BF03010000000002000000E1
:10D600000000000000000000000200000000000018
:10D61000199C0301000000000000000000A0004170
:10D6200000000000000000000000000000000000FA
:10D6300000000000000000000000000000000000EA
:10D6400000000000000000000000000000000000DA
:10D6500000000000000000000000000000000000CA
:10D6600000000000000000000000000000000000BA
:10D6700000000000000000000000000000000000AA
:10D68000000000000000000000000000000000009A
:10D69000000000000000000000000000000000008A
:10D6A000000000000000000000000000A0BF030117
:10D6B000FFFF0000FFFF00000090D003FF0000000C
:10D6C0009CCC0301000000009D6C030100000000E1
:10D6D000000000000000000000000000000000004A
:10D6E00000000000000000000000000090020000A8
:10D6F0002009002120090021000000000000000096
:10D7000000000000000000000000000088AD0021C3
:10D710000020000000000000000000004C09002173
:10D720004C09002100000000000000000E00000075
:10D73000600900216009002108000000400000008D
:10D7400088D5002188D7002188D5002188D50021DF
:10D75000000000008409002184090021000000006D
:10D760009009002190090021000000000100000044
:10D77000A0090021A0090021000000000000000015
:10D78000B0090021B0090021B8090021B809002121
:10D790000000000000000000C8090021C8090021A5
:10D7A000D0090021D0090021000000000000000085
:10D7B000E0090021E0090021E8090021E809002131
:10D7C00007000700000000000000000078C503010A
:10D7D00084D9002100000000000000000C0A002194
:10D7E0000C0A0021140A0021140A00210C000C006C
:10D7F00000000000000000008CC5030150E600217D
:10D800000000000000000000380A0021380A002152
:10D81000400A0021400A0021010001000000000030
:10D820000000000064C503018CD800210000000046
:10D8300000000000640A0021640A00216C0A002133
:10D840006C0A00210B000B0000000000B142030134
:10D85000A0C50301C8F2002115E015E0DEE61E2890
:10D8600083845186023501000088000110DF928D0B
:10D87000876422BB6514DD45525FCD25BD89C73065
:10D8800002EE6FE17DD98FA97E92179730CFA2CAA1
:10D890008B8DE23C460D61C44D5C388610FF720DE5
:10D8A00001E50BAA824997E693B3AA84144EB57595
:10D8B00088BC2E2A0C969ABA073CF989D186483C36
:10D8C0008755A3D169DF478D50E16C9E90A0F8D2B7
:10D8D000311894BC0ABF0715DCC3E9446C55209D80
:10D8E0002EFCE352873F203410B735EE6FDC6C1905
:10D8F000394FEA64064ACC721103D4B3BA7F0F7071
:0CD900001FECDD7D7CD732899F38799BBD
:00000001FF
