:10000000A0720520F51B0000D9740000E11B000060
:10001000E11B0000E11B0000E11B0000E11B0000F0
:10002000000000000000000000000000C51C0000EF
:10003000E11B000000000000E11B0000E11B0000CC
:10004000191E0000191E0000191E0000191E0000D4
:10005000191E0000191E0000191E0000191E0000C4
:10006000A5300000191E0000191E0000191E000016
:10007000191E0000191E0000191E0000191E0000A4
:10008000191E0000191E0000191E0000191E000094
:10009000191E0000191E0000191E0000191E000084
:1000A000191E0000191E0000191E0000191E000074
:1000B000191E0000191E0000191E0000191E000064
:1000C000191E0000191E0000191E0000191E000054
:1000D000191E0000191E0000191E0000191E000044
:1000E000191E0000191E0000191E0000191E000034
:1000F000191E0000191E0000191E0000191E000024
:10010000191E0000191E0000191E0000191E000013
:10011000191E0000191E0000191E0000191E000003
:10012000191E0000191E0000191E0000191E0000F3
:10013000191E0000191E0000191E0000191E0000E3
:10014000191E0000191E0000191E0000191E0000D3
:04015000191E000074
:1001540053B94AB9002908BF00281CBF4FF0FF312A
:100164004FF0FF3000F00CB8ADF1080C6DE904CE8F
:1001740000F008F8DDF804E0DDE9022304B070477C
:10018400704700BF2DE9F04786468C460846089E16
:10019400154674461946002B40F0C1808542B2FAD8
:1001A40082F245D94AB1C2F1200300FA02FC95401B
:1001B40094402EFA03F343EA0C0C4FEA154EA8B20E
:1001C400230CBCFBFEF80EFB18CC08FB00F943EA39
:1001D4000C43994528D9EB1808F1FF3704D2994507
:1001E40002D9A8F102072B44A3EB0903A4B2B3FB81
:1001F400FEFC0EFB1C330CFB00F044EA0344A0425B
:1002040014D92C190CF1FF3304D2A04202D9ACF159
:1002140002032C44241A43EA07401EB1D4400023AD
:1002240034607360BDE8F0874746DDE76346F1E775
:1002340092BB431B01214FEA154EAFB2200CB3FB16
:10024400FEFC0EFB1C330CFB07F840EA0343984505
:1002540061D9EB180CF1FF3004D2984502D9ACF106
:1002640002002B44A3EB0803A4B2B3FBFEFC0EFB79
:100274001C330CFB07F744EA0344A7424DD92C195D
:100284000CF1FF3304D2A74202D9ACF102032C448F
:10029400E41B43EA0040C0E7C2F1200395409440C8
:1002A40020FA03F12EFA03F34FEA154E9040AFB251
:1002B4000343B1FBFEFC0EFB1C10190C0CFB07F8EE
:1002C40041EA0041884522D969180CF1FF3004D273
:1002D400884502D9ACF102002944A1EB08019BB284
:1002E400B1FBFEFC0EFB1C110CFB07F743EA0143B8
:1002F4009F420ED9EB180CF1FF3104D29F4202D970
:10030400ACF102012B44DB1B41EA004193E7604658
:10031400E3E76146F7E76046A4E76346B8E783424C
:1003240006D916B9002108467CE7C6E900E0F9E7DA
:10033400B3FA83F78FB9834201D3724508D8BEEB71
:10034400020460EB030301209C461EB9002169E707
:100354003846FAE7C6E9004CF8E7C7F1200CBB4081
:100364000EFA07F522FA0CF42EFA0CF1BA401C43EB
:1003740020FA0CF3B8404FEA144901431FFA84FEF3
:10038400B3FBF9F809FB18300B0C08FB0EFA43EA2F
:1003940000439A4540D9E31808F1FF3004D29A4546
:1003A40002D9A8F102002344A3EB0A0389B2B3FBE8
:1003B400F9F809FB183308FB0EFE41EA03418E45A8
:1003C4002CD9611808F1FF3304D28E4502D9A8F163
:1003D4000203214443EA0040A1EB0E01A0FB029872
:1003E4004145CE46434602D306D14D4504D2013899
:1003F400B9EB020E68EB0403002EA7D0B5EB0E0296
:1004040061EB030101FA0CFC22FA07F3F9404CEA10
:100414000303C6E9003199E74046C5E74346D9E7F7
:1004240030B5434B434A4921C2F80036C2F804367A
:10043400C2F80836C2F80C36C2F81036C2F81436C0
:10044400C2F81836C2F81C3602F58052C2F80036DB
:100454003948C2F8043687B0C2F80836C2F80C36F8
:10046400C2F81036C2F81436C2F81836C2F81C3670
:1004740006F07DFF00F096F803A800F0A7FF2F4BCD
:100484001B68834204D045212D4806F070FFFEE727
:100494004921059A2B4806F06AFF03992A484B7DA7
:1004A4000A7DC98A0091492106F061FF4921274844
:1004B40006F05DFF4FF48031002003F073FA20B1A1
:1004C4004521234806F053FFFEE7012003F050FBCB
:1004D4009DF8100002A900F043F8044608B107F0A3
:1004E40052F8029A059B1B4D1344039A1289134434
:1004F4002B6003F03FFA00F0E5FF00F0C7FF01F0C6
:10050400A7FB84F30B8884F30A882B681B6883F3A6
:10051400088884F31488BFF36F8FBFF36F8F2B6841
:1005240058680D4B984745210C4806F020FFFEE71C
:100534003546526E0080015092A80000DC22012052
:10054400ABA80000CEA80000FDA800001BA9000075
:1005540040A90000D82200200120002073A9000037
:10056400024608B538B105480023452106F0FFFED0
:100574006FF0150008BD0860FCE700BF96A90000F5
:1005840021B1012906D06FF015007047044B53F8D0
:1005940030007047024B03EBC0035868704700BF3C
:1005A400C8A300004FF4C051014804F041B800BF93
:1005B400802901202DE9F04FD5B0609CDFF85C81E3
:1005C4000DF13009D8F8005003945F9CCDF80490E5
:1005D40002945E9C824600948B461646619F06F008
:1005E400C3FA28B1D8F80050284655B0BDE8F08FBA
:1005F40057B14A4614AC134603CBA3423860796022
:100604001A4607F10807F6D10023324600935946EB
:100614004FF6FF7306A806F0ECFA07460028E1D16E
:10062400314650460B9C06F08EFBA042DAD34FF0C5
:10063400FF34DFF8ECB00DF1120304AA05A906A8F3
:1006440006F025FB0028CDDB64D1059906A806F049
:100654006AFB50B94FF6FF71BDF81200314A32F807
:10066400023B8B42BED09842F9D1BDF812A0BAF138
:10067400100F17D0BAF1200F2BD0BAF1010FDAD135
:10068400BDF81030202BADD83046059914AA06F0D9
:1006940089FE0028A6D19DF8101014A800F046F891
:1006A4000446C8E7BDF81070202F9BD13B46304666
:1006B400059914AA06F076FE002893D13A464846D6
:1006C40014A906F03EFB184B1B6883428AD101270C
:1006D400B1E7002C1BDBDBF800309C4217DABDF8D5
:1006E4001030B3F5807F7FF47DAF3046059914AAAE
:1006F40006F058FE00287FF475AFE4B25146484630
:10070400BDF81030009414AA00F0DCF805464FF050
:10071400FF3490E7002F7FF467AF63E748200020A1
:10072400D8A3000064A80000DC2201202DE9F041D8
:10073400202980460D46A2B005D94FF0FF3420464B
:1007440022B0BDE8F0810024114B124E1F68BC4258
:10075400F3DA08A808F0F5FD002108A804F0A0F8D1
:10076400736808A81A6856F8081B08F0F3FD694670
:1007740008A808F02EFE08A808F0E7FD2A4641461E
:10078400684609F0BDFB0028D9D00134DFE700BF7B
:10079400D8A30000DCA300002DE9F04789461946E0
:1007A400464BADF5AE6D1E68DDF89035B3F5807F30
:1007B4007ED1202A7CD15CAA04F02AF804460028C1
:1007C40076D19DF86F32BC2B72D10DF19008DF27E2
:1007D400454601900AA808F0B4FD00210AA804F0D7
:1007E4005FF820220DF24F210AA808F0B3FD04227D
:1007F4000AA80DEB020108F0ADFD02A90AA808F051
:10080400E8FD0AA808F0A1FD202FBA46A8BF4FF0C2
:10081400200A9DF8073040460133524602A9A7EB4F
:100824000A078DF8073009F03CFB002FD044D1DCD7
:10083400AC462946DF225CAB087813F8017B013A09
:1008440080EA070001F8010BF6D12B7803F07F034F
:100854002B701CF8017B5FBB0134BE2CF9D195F8D9
:10086400BE30012B24D10AA808F06BFD39460AA832
:1008740004F016F8082212490AA808F06BFD49464C
:1008840020220AA808F066FD20220DF24F110AA8C2
:1008940008F060FD02A90AA808F09BFD0AA808F068
:1008A40054FD20220DF24F2102A806F04AFA064612
:1008B40030460DF5AE6DBDE8F08700BF482000203E
:1008C400BCA900002DE9F04F9A46A3B02F4B074670
:1008D40004A89DF8B0501E688846914608F0F2FCC2
:1008E4000922012104A803F055FF294B03AA53F858
:1008F400354003EBC5035B6802941B6802A81C44E3
:100904002146302307F0C5FD002838D1DDE9023245
:1009140013449C4233D1214606AA02A807F0CDFD18
:1009240068BB0DF1200B5A46214602A807F0C5FD0D
:10093400054620BB06A808F072F9029B05909C426C
:100944001DD12B462A46CDE9005B06A904A808F070
:1009540076FCA0B904A803F035FF80B906A808F016
:100964005EF9059004A808F0B1FC504507D1009049
:100974004B464246394604A8FFF70EFF064604A834
:1009840008F0A6FC304623B0BDE8F08F48200020D4
:10099400DCA30000034637B54FF40062084693F821
:1009A400BC4013490192620051F82250A8420ED172
:1009B400582101FB043201FB0434526A283401A992
:1009C40006F05FFD08B9019B236003B030BD01321E
:1009D40051F82220904208D1582101FB043201FB36
:1009E4000433126D03F15404E9E70120EDE700BF7D
:1009F400E4A30000F8B55826174B184F002914BF7C
:100A04000A461A4690F8BC30044606FB030102EB82
:100A140083354D6205F500425D000A6557F82510DF
:100A2400FFF7B8FFA0B96B1C204657F82310FFF757
:100A3400B1FF054670B994F8BC7006FB0746306AEE
:100A440006F0EFFC04EB8704C4F8B4002846F8BDB4
:100A54000125FBE70925F9E7DC220020E4A30000D7
:100A64002DE9F74F9946836880468B420C4615461C
:100A740057D95B1A934254D3B9F1000F42D06A4656
:100A840006F057F800284EDB013CDDF800A02C44AA
:100A9400264E274D274F6A462146404606F049F820
:100AA400002840DBDDE9004B40465A46214606F06B
:100AB400A3FC002837DBC6F80056C6F80456C6F86F
:100AC4000856C6F80C56C6F81056C6F81456C6F89A
:100AD4001856C6F81C56C7F80056C7F80456C7F887
:100AE4000856C7F80C56C7F81056C7F81456C7F876
:100AF4001856C7F81C56B9F1000F0DD0544512D939
:100B0400013CC8E701396A46294406F012F8002876
:100B140009DBDDF800A0BBE75C44A24503D3013444
:100B2400B9E74FF0FF3003B0BDE8F08F008001500B
:100B34003546526E00900150582210B590F8BC30E2
:100B440053432C2202FB01314218146A0CB906F0FB
:100B54001AFD41580B4B994206D1D16813895B1891
:100B640002D25189C91801D3002009E0A36899422F
:100B7400FAD2136940F60C621A420CBF012000201D
:100B840010BD00BF3DB8F3962C23582130B5534314
:100B940090F8BC5085B001FB05320244126A0AB9D0
:100BA40006F0F1FC11FB05310023CDE9023301937A
:100BB4004FF4807301440093024BFFF7FBFC05B034
:100BC40030BD00BF8041012058232DE9F74F90F834
:100BD400BC4005465C432C2303FB01440444D4F885
:100BE40020800E469346B8F1000F01D106F0CBFCED
:100BF40006F01DF9074610B92369DB0605D5394B04
:100C04001C68204603B0BDE8F08F31462846FFF744
:100C140093FF80B9344B1C68344B1B68A3421DD02E
:100C2400D6B10121404606F0FDF8314A452131484C
:100C340006F09DFBE3E7314695F8BC0002F0A2FF05
:100C440004462D4B1B689842E6D132465946284645
:100C5400FFF79AFF0446DFE7284AE7E7582295F8AA
:100C6400BC3002FB0352D26C9045CAD10022012B46
:100C740001921AD02BB901272A6AD2E901A20AEB00
:100C84000209582253432C2202FB06332B441989B0
:100C9400042340460DEB0302083106F083FB50B1F8
:100CA400452195F8BC201648C2E71F464FF08279CB
:100CB400DFF850A0E5E7002FA3D0019B534501D3F3
:100CC4004B459ED395F8BC2045210F4806F04FFBB9
:100CD40045210E4806F04BFB3146404606F0A2F88B
:100CE4008DE700BF4420002048200020DC220120A2
:100CF400CCA90000D6A9000040200020C4A900000F
:100D0400FEA900000088000128AA000079AA0000BA
:100D140000487047E02601202DE9F84F88469146A7
:100D24009A460026DFF88CB0234D244C0B9B9E4240
:100D340001D300200FE00B9B40469F1BB7F5806F4B
:100D440028BF4FF480671B4A3B4606EB0A0106F0B6
:100D540029FB10B10120BDE8F88F0A993B465A4699
:100D64004846711806F033FB0028F3D1144BC5F83C
:100D740000463E44C5F80446C5F80846C5F80C4686
:100D8400C5F81046C5F81446C5F81846C5F81C46FB
:100D9400C3F80046C3F80446C3F80846C3F80C4633
:100DA400C3F81046C3F81446C3F81846C3F81C46E3
:100DB400BCE700BFE0220120008001503546526E9E
:100DC400009001502DE9F04F97B004460F4606F00D
:100DD400ABF80646002800F0F8804521B84806F034
:100DE400C6FAFEE7234493F8BD1039BB2046FFF74B
:100DF40001FE8246A0B900222046114606F02DF8D5
:100E04008346002857D05721484694F8BC2006F062
:100E1400AEFA012294F8BC30234483F8B0200DE0EC
:100E24004FF400625721404606F0A1FA012294F8DB
:100E3400BC309245234483F8B020DCD194F8BC3014
:100E44000133DBB2012B84F8BC30CBD94FF000085E
:100E5400DFF8709219F8011B012913D14046FFF7FE
:100E64008FFB10A9C0B200F0F3FC034628B9109818
:100E74001946826806F0C0FA034642464521924864
:100E840006F075FAB8F1000F00F0A680002D00F00E
:100E9400FC8000234FF02C085825012B84F8BC302B
:100EA40000F2F380E21892F8BD10002900F0978058
:100EB4000133DBB2F1E7204600F094FA0028A8D011
:100EC4000CA806F061F806F068F88246A0B994F818
:100ED400BC307BB194F8B020042A04BF012284F80A
:100EE400B020012B06D094F8B130042B02D1012399
:100EF40084F8B13006F047FB9DF83730012B51D10F
:100F0400582294F8BC30CDF840B002FB03436F4A3A
:100F1400D96AD86C91422DD1998E042310AA194410
:100F240006F040FA08B34FF0050B94F8BC302344A4
:100F340083F8B0B094F8BC3073B1E21892F8B020E2
:100F4400012A3FF47BAF042A0DD094F8B020042A80
:100F540002D1012284F8B020234493F8B030023B3C
:100F6400022B3FF66BAF554668E7022194F8BC307C
:100F7400544AD15494F8BC0002F0B0FE831E022BF4
:100F84008346D2D8012120460CAAFFF71DFE504B00
:100F94001B689842C9D04F4B1B689842C3D14FF08D
:100FA400010BC2E7012120460CAAFFF70DFE484BB6
:100FB4001B68984218BF052294F8BC3008BF9DF8FE
:100FC4003720234483F8B020B4E703460546DFF80E
:100FD4000881DFF8089135E74FF001083AE792F805
:100FE400B01001F0FB01013918BF012108FB01F128
:100FF40005FB03122244D2F82090B9F1000F3FF40C
:1010040079AF03FB05110123009340234A46214491
:101014000DEB030005F0EDFD002863D100230DF175
:101024001E0208A910A805F032FE00282DDB40F0AE
:101034009E81BDF81E300C2B56D14846089909AA4A
:1010440006F0B0F908BB9DF82430012B1DD8E21836
:1010540092F8B0200AA9023A022A94BF2C20002058
:1010640005FB03001430204405F026FF0028D5DAE0
:1010740094F8BC30234493F8B020012A1DD0023ADE
:10108400012A02D8012283F8B02000254FF0580B22
:10109400012D84F8BC502CD90023DFF844900C4D6A
:1010A400DFF830801093012B84F8BC3040F21C81AF
:1010B400109A022A00F05E81FEE70422E3E700BFF3
:1010C400A0AA0000804201203FAB00003DB8F39687
:1010D400DC22012044200020D1AA000013AB000030
:1010E400482000200328D0D140F20113A4F8B030E6
:1010F400CBE7621992F8BD80B8F1000F40F0EF80A1
:101104000CA805F041FF92F8B030042B8DF837306D
:1011140008D8012B08D800F0D0804FF0FF3382F8B4
:10112400B030CAE0052BF6E70BFB05431946284609
:101134002C31DA6C07F0FDF80128014640F0CC8030
:10114400204610AACDF8408005F000FE0546002890
:101154007FF4D0AE94F8BC3049211A4696480393E4
:1011640006F005F94921954806F001F994F8BC30D8
:101174000BFB0343D3F82080B8F1000F3FF4BAAE61
:10118400D3F84CA0BAF1000F3FF4B4AEA9469B6A61
:101194000493049A94F8BC304A451FD0582202FBA9
:1011A40003435B6A294603EBC9035A68404600239C
:1011B4000592FFF755FC00287FF49CAE059A109B1E
:1011C40015449D42C0F0858094F8BC2004EB820253
:1011D400D2F8B450B3FBF5F305FB035594F8BC30D7
:1011E40004EB8303D3F8B40005F00FFE582394F8FE
:1011F400BC2003FB0242536A926A1968013A03EB6A
:10120400C2030022D3F804E09C4672449042A3F146
:101214000803F7D8DCF800000023411A4046FFF722
:101224001FFC814600287FF465AE2B464921039AB2
:10123400634806F09CF84B46424651462046CDE9A9
:101244000095FFF769FD00287FF454AE404602F094
:10125400CDFC00287FF44EAE4FF0580894F8BC0043
:101264002A4608FB0043196A07F071F80346002870
:101274007FF440AE94F8BC20014608FB0242126D94
:101284005046526805F0C6FD034600287FF432AE8E
:1012940094F8BC2008FB0242D2E91402013A50F847
:1012A4003250016800EBC20CDCF804205046691A85
:1012B40005F0B0FD00287FF41DAE94F8BC30234443
:1012C40093F8B030FF2B0AD145213E4806F04FF881
:1012D40010E609F101095CE70028EED00AE694F86B
:1012E400BC500135EDB2D3E6234493F8BD208DF80C
:1012F40024209DF8241001F0FF0239B1109B013322
:10130400109394F8BC300133DBB2CCE693F8B030E0
:10131400012B12D01146204605F09FFD68B1D9F883
:101324000050102200210CA808F0E2FD204605F030
:10133400DBFD284617B0BDE8F08F00222046114699
:10134400FFF742FC2B689842E9D1D9F80030984263
:10135400E5D0D8F800309842E1D00021204605F0CD
:10136400C1FD0028CAD0DAE784F8BC2020E094F854
:10137400BC309DE594F8BD302BB194F8BE30002B01
:10138400F2D101263346582505FB064684F8BC30C5
:10139400306A05F0CCFB387194F8BC3005FB03438C
:1013A4001B6A5B68BB6094F8BC3003FB05453D6079
:1013B400054B1D68B5E700BF60AB000095AB0000AE
:1013C400B3AB0000FDAB0000DC22012010B50446E5
:1013D400002005F00FFD02482146FFF7F3FC10BD85
:1013E400E02601205822F8B590F8BC3002FB030037
:1013F400D0F828C0466DBCF5006F02D8B6F5006F72
:1014040036D957211E4805F0B2FF0020F8BDA54289
:1014140016D1476A07EBC2077F6801323D44076D66
:1014240007EBC3077F6801333C449445EFD89E42E1
:10143400EDD8944501D19E4220D057211148E2E7CE
:101444000CD2476A022907EBC2077F683D4402D1E8
:1014540057210D48D7E701210132E6E7076D01293D
:1014640007EBC3077F683C44F2D002210133DCE779
:1014740000210B460A460C460D46D6E70120C5E777
:1014840009AC00006FAC000038AC0000BFF36F8FF4
:1014940072B600234FF0FF30094A03F120010133F3
:1014A400102B42F82100F8D100234FF0FF30044AFA
:1014B40003F160010133102B42F82100F8D1704789
:1014C40000E100E04FF0FF3301212DE9F043002556
:1014D4003D4A3E4E51603E4FC2F84833DFF8F48037
:1014E400C2F8083302F58052516085B0C2F848331F
:1014F400C2F808334FF0FF3956F8044B44F3073071
:10150400C4F8089300F0FCFB0123636000236846E1
:10151400C4F84C31D4F84C21C4F81031D4F810215B
:10152400C4F84431D4F84421C4F80035D4F80C2567
:10153400DFF8A4C00092D4F814250192D4F8082549
:101544000292D4F81025C4F80C950392C4F81495AB
:10155400C4F80895C4F8109550F8042B511C0FD00A
:1015640002F01F01520928D0012A28D1624602EB59
:101574008102D2F80012394041F00201C2F800128F
:101584000133042BE8D180220021A01808F0B0FC1C
:101594008022002104F5C07008F0AAFC5DB14FF070
:1015A400FF330E4AC2F808354FF05022C2F8083310
:1015B40005B0BDE8F08301259CE74246D7E7002348
:1015C400803153F82130FFDE00400150F8A30000C1
:1015D400F0F0FCFF00258450002884500070015076
:1015E400014B1B68184700BF4C200020014B1860BA
:1015F400704700BF4C20002030B585B004460D462E
:1016040010220021684608F073FC02238DF8023092
:10161400044B2A4621466846019305F03DF905B07E
:1016240030BD00BFE51500002DE9F047058B0446E9
:101634002807904611D4022905F0070540F0CC8014
:10164400204605F0BCFD78B10138218B042811D85F
:10165400DFE800F0C2106D85950001290CBF45F04C
:10166400100545F02005258388F31188BFF36F8F9B
:10167400BDE8F08701F0070AAA4500F0A58000271D
:10168400B9463E46A368002B00F0BC8041F0080137
:10169400218388F31188BFF36F8FA168002900F0BC
:1016A400BA800D68002900F0B680334652462046C1
:1016B400D1F80480C047002D76D02B6829461D46FA
:1016C400F0E701F007035A1F012A1BD8002221F07A
:1016D4000701062B276889B2C4E9002209D13B46D9
:1016E40003E0628B013262831B68002BF9D141F065
:1016F40002012046218305F062FD00287AD041F0E2
:10170400200176E0042B0AD121F0070189B220469A
:10171400218305F054FD10B141F020012183218B78
:1017240001F0070AAA454FD00027B946AAE7236962
:1017340021F0070141F00601062DD3F80090218322
:101744002DD1B9F1000F3FD041F00801218388F376
:101754001188BFF36F8F20463949C84729E021F02B
:101764000701236941F0040189B2042DD3F80490E0
:101774002183E6D000274FF0040A3E4682E721F099
:101784000701236941F0050189B2052DD3F80890BA
:101794002183D6D000274FF0050A3E4672E7002782
:1017A4004FF0060A3E466DE72B4687E7B9F1000F76
:1017B400D1D1EFF31188202383F31288BFF36F8F05
:1017C400238B23F008032383258BEA062ED525F0EB
:1017D4001003238305F007056669218B002EBFF6ED
:1017E40070AF00232768C4E9003321F0070141F0FA
:1017F40001012183218B4FF0000901F0070AAA455A
:101804007FF440AF002F9CD041F00801218388F37E
:101814001188BFF36F8F002FC8D03D683946334617
:101824005246204605F0F7FC2F46F4E7AB067FF559
:101834001BAF25F02003238305F0070500E700BF55
:1018440047720000014B03600020704700A40000B1
:1018540070B5104B0D461C68B4B10F4B19680023CA
:101864008B4202DB6FF0010070BD224612F8106B50
:10187400864202D014460133F2E7E06808F098FA91
:1018840028B100202C60EFE76FF00C00ECE76FF05C
:101894001200E9E75020002000A4000010B54368BE
:1018A40088B0029383680C46CDE9033200230A68AA
:1018B400C068CDE90623054901AA059305F035FF63
:1018C400079808B9059B236008B010BD4374000055
:1018D40008B5054805F066FC044805F063FC0448B7
:1018E40005F060FC002008BDABAD0000E3AD0000D6
:1018F40017AE0000014804F0C9BE00BFB4A4000044
:1019040008B50348034A0021121A05F0D5FD08BDA5
:10191400302200209C420520074808B5074A0849A0
:10192400121A05F0CBFDBDE808400648064A0749EF
:10193400121A05F0C3BD00BF402000203022002051
:1019440050B00000002000204020002010B0000013
:1019540030BFFFF7FDBF00BF154B9A6A12F0007F3E
:101964009A6A14BF1E201D2012F0807F9A6A18BF45
:101974001F2012F4801F9A6A18BF022012F4002F4D
:101984009A6A18BF212012F4802F9A6A18BF222065
:1019940012F4003F9A6A18BF232012F4803F9A6A17
:1019A40018BF24206FEA02426FEA12429A6270471B
:1019B40000ED00E010B5194B0246986A9C6A10F4D9
:1019C400805F14BF1720162014F4006F9C6A18BFA0
:1019D4001820A40509D5986B986A000404D51AB197
:1019E4009A6A22F400429A6219200C4B9A6A12F401
:1019F400806F9A6A18BF1A20D2050CD49B6A13F41C
:101A0400005F18BF1C20054A936A43F47F43936226
:101A140000230B7010BD1B20F5E700BF00ED00E0B4
:101A240010B51C4B0246986A9C6A10F0100F14BF44
:101A34001120102014F0080F9C6A18BF1220A4076C
:101A440009D5586B986A000604D51AB19A6A22F02F
:101A540080029A6213200F4B9A6A12F0010F9A6A5D
:101A640018BF142012F0200F9A6A18BF1520D4064C
:101A740058BF9B6A074B9A6A920642BF5A6A22F47D
:101A840000525A629A6A42F0FF029A6200230B7073
:101A940010BD00BF00ED00E0F0B5474B04465B68A5
:101AA40000258BB0C3F3080385F31188BFF36F8F50
:101AB40002F07F40B0F17F4F11D102F00C000828F2
:101AC4000DD010074CBF0C4601250022033B8DF8B6
:101AD4000720032B05D8DFE803F02462665F2C4659
:101AE400F3E700239DF80720CAB902AE04F12007EA
:101AF400324620686168083403C2BC421646F7D1F6
:101B0400099A002D53D0C2F3080121B96FEA522279
:101B14006FEA42220992184602A905F0D1FC0BB0E3
:101B2400F0BD254BDA6A9107DBD4DA6A002AD8DBE8
:101B3400DA6A5200D5D55A69A16942F480725A61B1
:101B4400BFF34F8FBFF36F8F5A6931F8021C22F431
:101B540080725A61BFF34F8FBFF36F8F4DF60272DD
:101B6400914209D09A6AD2B242B101200DF1070123
:101B7400FFF756FF0346B5E72368B3E79A6A12F402
:101B84007F4F05D001200DF10701FFF713FFF1E7A7
:101B94009B6AB3F5803FA4D3FFF7DEFEEAE700209B
:101BA4000DF10701E4E700200DF10701EDE722F450
:101BB400FF7222F00102ADE700ED00E0064B5A6926
:101BC40042F010025A615A6942F480625A615A69B9
:101BD40022F008025A61704700ED00E0EFF308803C
:101BE400EFF3098101B57246FFF756FF01BD00BF4F
:101BF400002080F31488BFF36F8F002080F30A88DD
:101C040080F30B880F4880F3088802F023FF00203C
:101C14000D490860BFF34F8F00F02CF8202080F3AB
:101C240011880A484FF40061401880F30988EFF3E3
:101C340014800221084380F31488BFF36F8F00F0EF
:101C4400A5F80000A072052094ED00E0A042052054
:101C5400002318460649D1F89020C2F30722934284
:101C640000DB7047C1F89830C1F8A0000133F6E7F3
:101C740000ED00E010B572B6002484F31388FFF77A
:101C8400E7FF23464FF0FF300C4A03F120010133F4
:101C9400102B42F82100F8D100234FF0FF30074AFF
:101CA40003F160010133102B42F82100F8D162B630
:101CB400BFF34F8FBFF36F8F10BD00BF00E100E093
:101CC4001EF0040F0CBFEFF30880EFF30980816965
:101CD40011F8021C0229FFD001B5724605F0F6FB8B
:101CE40001BD00BF40B2002807DB01234109034ABC
:101CF40000F01F00834042F82130704700E100E00B
:101D040040B200280CDB01220649430900F01F0001
:101D14008240203341F82320BFF34F8FBFF36F8FEE
:101D2400704700BF00E100E0054B420953F8222050
:101D3400012300F01F0003FA00F01040704700BFB9
:101D440000E100E040B2002801F10101ACBF00F164
:101D54006040064B4FEA4111C9B2ABBF00F5614088
:101D640000F00F0080F800131954704714ED00E0E0
:101D7400044B054A23F07F039360BFF34F8FBFF3F7
:101D84006F8F70470000000000ED00E008B5FFF71A
:101D9400EFFF074AD2F8883023F47003C2F8883082
:101DA400FFF7AEFDFFF7B8FD00F028F804F00AFADB
:101DB40000ED00E0154680B506460C46002282F38D
:101DC4000B880A4FA7F5205888F30B8887F30988F6
:101DD400002004498847204629461A46B04702484D
:101DE4008047FEE7F1740000FF740000A072052034
:101DF4001022014B1A61704700ED00E000232021FE
:101E04000348C2180133452B82F80013F9D17047F7
:101E140000E100E008B5EFF30583064A103B02EB4E
:101E2400C30152F8330049688847BDE8084005F00B
:101E340058BB00BFC0A000000121024B024A034866
:101E440000F0ECB80000072000200020BCA4000033
:101E540010B50C7A0B6804F01F0223F01F031A4319
:101E6400CB68640923F01F03054943EA440343F0A4
:101E74000103C1F89800C1F89C20C1F8A03010BD3E
:101E840000ED00E010B5074BD3F89030C3F30723FF
:101E9400013B984202D8FFF7DBFF10BD6FF015003D
:101EA400FBE700BF00ED00E02DE9F04F0F461446BC
:101EB40006464FF000084D4D85B0B84580F292803B
:101EC400D6F80490B9F1000F36D0B9F11F0F40F2E3
:101ED400878019F01F0F40F08380D6F800A01AF015
:101EE4001F0F7DD1504605F02CFB834609EB0A00F9
:101EF400013805F026FB834572D11BF1160F6FD014
:101F04005C456DDDC5F898B0D5F89C10C5F898B05F
:101F1400D5F8A03021F01F0143F01F0AD6E90032A2
:101F24001A44994202F1FF391ED1CA4508D13146FB
:101F34005FFA8BF005F00EFB08F101080C36BCE7E4
:101F44003146C5F898B0D5F89C3022F01F0203F052
:101F54001F031343C5F89C30E0B205F0FBFA10F1FF
:101F6400160F3DD0441CE7E7C5F898B0D5F8A0207B
:101F7400013B23F01F0302F01F021343CA453146FD
:101F8400E0B2C5F8A030E8D005F0E4FA10F1160F7D
:101F940026D0C5F898B0D5F89C209DF808300AF1F1
:101FA400FF3A62F304038DF80830D5F8A0309DF8A9
:101FB40008205B0863F347128DF80820D6E9003245
:101FC4001344009323F01F035344A3EB090301308C
:101FD40023F01F036946C0B20393FFF753FFBEE724
:101FE4006FF01504204605B0BDE8F08F00ED00E069
:101FF4000522044BC3F89420BFF34F8FBFF36F8FB8
:10200400704700BF00ED00E0BFF35F8F0022024B7A
:10201400C3F89420704700BF00ED00E010B5034CF6
:102024002278FFF741FF207010BD00BF82420120DB
:10203400F0B55249524CD1F890302568C3F30723C8
:102044009D4287B000F296800020FFF7DDFF4D4BE4
:10205400C1F8C030854216D14B4C01A82570FFF75A
:10206400F1FB00250646494FAE4213D100202378E8
:102074004249D1F89020C2F30722934274DBFFF760
:10208400B7FF002043E0616801EB0011FFF7E0FEB9
:102094000130DFE70199280101EB0513DA683A40C2
:1020A400B2F5800F42D007D8B2F5801F15D0B2F533
:1020B400001F2ED00135D7E7B2F1006F43D0B2F143
:1020C400805FF7D15A689B680958013B22F01F00D2
:1020D400034423F01F03012032E05A689B68095827
:1020E400013B22F01F0003440120844623F01F0318
:1020F40040EA4C10CDE902218DF8100002A92078A5
:102104000593FFF7BFFE00282ADA6FF0150007B029
:10211400F0BD5A689B680958013B22F01F00034434
:102124004FF0020C012023F01F03E1E75A689B687B
:102134000958013B22F01F000344022023F01F032F
:102144004FF0000CD4E75A689B680958013B22F011
:102154001F0003444FF0030C012023F01F03C7E7C3
:10216400237801332370A5E7C1F89830C1F8A000A3
:1021740001337EE74FF0FF30C9E700BF00ED00E018
:10218400C8A40000AAFF4400824201200000F0FF1E
:1021940008B5024B1B689847002008BDA027012002
:1021A400034B044A1860937843F00203937070471A
:1021B400A02701205420002008B5054804F0F2FFB0
:1021C400002383F31188BFF36F8F0423184602DFC3
:1021D40054AE000008B50649064821F00701C1F1D4
:1021E400005202F5E02204F083FF002008BD00BF86
:1021F400A7720520A4270120054B03EB8000D0F82B
:10220400003223F0E04343F04053C0F800327047FB
:1022140000258450052370B5144D154E2C780134D7
:10222400B4FBF3F303EB8303E41A06F04FF8114A0B
:10223400137823B156F82430C01A072814D94FF064
:102244005023D3F8141141B10021C3F81411D3F869
:1022540014312C700CB9012313702C7806F036F865
:1022640046F82400012070BD0020FCE784420120D0
:10227400B027012083420120012208B50B4B0C49F1
:10228400C3F8002502230020C1F8D036FFF7B4FFBD
:102294001046FFF7B1FFC1F80427C1F80429C1F8BB
:1022A400002BBDE8084000F09DB800BF00100050AE
:1022B4000040005007B500220D4B0E49C3F8A82179
:1022C400C3F8AC204FF48062C3F8B8254FF4006221
:1022D4000948C3F83C250DF1070207F002F900286C
:1022E40003DB9DF8070002F0ABFC03B05DF804FBD0
:1022F40000A002502CA0025028A1025048B1054B66
:10230400054A1B68B3FBF2F35843044B43F0010343
:10231400184770477421002040420F00C0A30000FA
:10232400002170B5104C114D114E000714F8013BFB
:1023340003F01F025B090FD0012B0FD1334603EBCF
:102344008203D3F80022013122F0E042024304293F
:10235400C3F80022EAD170BD2B46F0E70023803297
:1023640053F82230FFDE00BF61AE00000025845028
:10237400002884502DE9F041064601200D46FFF760
:10238400CFFF4FF47F03D3F83021D3F83431072A39
:1023940020D1023B032B02D8114AD35CD3B14FF0B6
:1023A40050244FF0010800270520C4F81886C4F80B
:1023B400147607F061F84046C4F8148607F05CF818
:1023C400C4F81476C4F8187630462B46BDE8F041BC
:1023D400002118474FF050230022C3F81426F3E7D6
:1023E4005DAE00000149024804F038BFF0A40000CB
:1023F400C427012008B54FF0FF323F230348C0E94A
:10240400002302F009FC002008BD00BFE0270120E2
:10241400044BD3F80425D20744BF0022C3F8042593
:10242400704700BF00D00050084B70B5C31A0D466A
:1024340007499B10044659434022064805F0C5F855
:102444002B4601462046BDE870401847FC27012072
:10245400B76DDBB6E09F0000402373B50B4C0093CF
:10246400041B0B460D460A49A41061430646094A5B
:10247400094805F0D5F8011E05DA30462B4602B0AE
:10248400BDE87040184702B070BD00BFFC270120B2
:10249400B76DDBB693760000E09F00002DE9F047AE
:1024A4000022012107460520FFF74CFC124802F0E8
:1024B400E7FB0446D0B902F017FC25464FF01C0A8E
:1024C4004FF00C08DFF834903E6949460AFB05607A
:1024D40004F0C4FE031E0CDB012308FB05661D4447
:1024E400042DB367F0D12046BDE8F0876FF00404F3
:1024F400F9E71C46F7E700BFFD250000FCA4000037
:1025040010B5EFF31184202383F31288BFF36F8F88
:10251400074A136823F00201DB07116002D401208B
:1025240007F00DF884F31188BFF36F8F10BD00BF5F
:102534009C2801200C22104B014602FB0033002092
:1025440030B4D3E91C521867EFF31180202484F3CC
:102554001288BFF36F8F9C6F04F0C00444F0020430
:102564009C6780F31188BFF36F8F1DB12B4630BC7D
:102574000248184730BC7047FC270120E09F000048
:1025840010B4EFF31182202383F31288BFF36F8F0B
:102594001748016841F002040460C80707D482F3B5
:1025A4001188BFF36F8F012010BC06F0B9BF4FF044
:1025B4005021D1F80C04D1F80C14C907EFD5EFF36E
:1025C400118083F31288BFF36F8F0A498B6F03F076
:1025D400C00343F002038B6780F31188BFF36F8F4E
:1025E40082F31188BFF36F8F002010BCFFF7A2BFE6
:1025F4009C280120FC270120092813D8DFE800F0DB
:1026040005101212121212120E0C074B986F10F0D2
:10261400070007D1FFF78EBF0220FBE70320F9E78D
:102624000120F7E7704700BFFC2701202DE9F8439C
:10263400012207463449D1E8EF3FC1E8E02F0028E2
:10264400F9D133B9314932484B60CB608A6004F028
:1026540018FE7B1E012B2DD8012F07D14FF05023DC
:10266400D3F81C3403F00303022B23D007F0C5FB7B
:10267400054608BB274B1B78F3B14FF050230222C9
:102684000646C3F808234FF050244FF00008DFF843
:102694008890D4F81824D4F81834D20315D503F04C
:1026A4000303022B01D0012F0FD135B386F3118818
:1026B400BFF36F8FBDE8F883EFF31186202383F314
:1026C4001288BFF36F8F0125DDE7304604F01DFF4C
:1026D400D4F81835DBB2012BDBD1D4F80421002A5D
:1026E400D7D0C4F80481D4F804210222C4F81825F0
:1026F4002022C9F88021A360CBE74FF050230222A7
:10270400C3F80423D6E700BFF8270120E8270120F7
:10271400182801209B42052000E100E008B5074885
:1027240007F046FB38B10648FFF73AFD0448FEF7C8
:102734005DFF002008BD6FF01200FBE734A000002D
:10274400492700000A2838B50446074D04D1AB6870
:102754000D2128465B689847AB6803485B68E1B283
:102764009847204638BD00BF34A000004FF47F03D3
:10277400D3F83021D3F83431072A05D1023B032B97
:1027840004D8034AD05C704700207047012070478A
:1027940091AE0000024B0B6001231360704700BF31
:1027A400A4A500000048704738A500000268154B36
:1027B400FF2A08BF4FF0FF32C3F824254268FF2ADE
:1027C40008BF4FF0FF32C3F828258268FF2A08BFEC
:1027D4004FF0FF32C3F83025C268FF2A08BF4FF01C
:1027E400FF32C3F834250269FF2A08BF4FF0FF32D5
:1027F400C3F838254269FF2A08BF4FF0FF32C3F8F7
:102804003C25704700B002502DE9F047436890B072
:102814005E6B0546002130460AAA05F09BFA041EA9
:1028240071DB0A9B32681979186800F033FB041EC7
:1028340069DB002201212B20FFF784FA286905F0C7
:1028440040F8D5F804802A694046544903F080F8DA
:10285400041E50DB524E0AAC0FCE0FC496E80300A0
:1028640000230DF104090193C9E90133AB2384E882
:1028740003008DF804304B4B0AA8D3F8242504AE8A
:10288400D2B20492D3F82825D2B20592D3F83025D7
:10289400D2B20692D3F83425D2B20792D3F83825AF
:1028A400D2B20892D3F83C35DBB20993FFF77EFF2E
:1028B400012003F0C5F807463046FFF777FF37BB22
:1028C4003946484604F083FF041E14DB232007F036
:1028D40053FA4FF0030A9F2339460AA8CDE90A7731
:1028E400CDF81090CDF814A08DF828300C9604F093
:1028F4006EFF041E0EDA284604F043FF03F0BCF812
:1029040008B103F0A9F8204610B0BDE8F0876FF0D5
:102914000404F0E75246494608F1300007F0F0FAA3
:102924000446002834D16A68537F023B012B2DD919
:10293400177F023F022F8CBF0027012704F074FF8A
:10294400002828DBC2B2C0F380108742D3D0002312
:10295400012182F040020AA8ADF800300A938DF8F4
:102964000020CDF810D005910C938DF828100B960B
:1029740004F02DFF04460028BDD104F055FF041EC9
:1029840001DBE307F9D404EAE474B4E70127D5E7EB
:102994006FF01204AFE70446ADE700BFA77700006D
:1029A40090A3000000B00250024B0B60012313609F
:1029B400704700BFAC28012000487047ACA5000058
:1029C40010B507F01CF9034C206007F015F960609E
:1029D400002010BDAC2801202DE9F0410D46194618
:1029E400284616461C4605F014F978B314B900209D
:1029F400BDE8F08115F003070CD0C7F10407A74226
:102A040028BF2746314628463A4602F0C9FC3D44D1
:102A14003E44E41B002724F00308B84507EB0500F7
:102A24000FD16FF00302A30802FB03421AB106EBB5
:102A3400080102F0B5FC074AD2F80034DB07FBD5E5
:102A4400D5E7F15902F09CFC0437E6E76FF0150076
:102A5400CEE700BF00900350024B0B6001231360CC
:102A6400704700BFB4A5000000487047BCA5000033
:102A7400B1F5802F30B51ED2C1F5802083421AD81B
:102A840041EA030010F0030015D14FF0FF350B4C61
:102A94002560984206D30A48134401449A4203D15C
:102AA400002030BD0430F4E712F8014B08782040D0
:102AB40001F8010BF2E76FF01500F2E785420120FF
:102AC40089420120B1F5802F104608B51A4609D273
:102AD400C1F580239A4205D8044B194407F0E1F963
:102AE400002008BD6FF01500FBE700BF89420120FC
:102AF40008B54FF48022FF21024807F0F9F90020BD
:102B040008BD00BF89420120B1F5802F38B51DD220
:102B1400C1F580239A4219D841EA0205C5F30B0591
:102B2400A5B90C4B21F47F6121F00F01140B0B4468
:102B3400A54201D1002038BD18464FF48052FF2130
:102B440007F0D6F9013500F58053F1E76FF0150071
:102B5400F1E700BF894201204FF4802301480B6054
:102B6400704700BF89420120F0B545681646A86841
:102B74002A7C01F01F0487B044EA4214002868D07C
:102B8400B6F5001F04D1214607F021F8002051E0DA
:102B94000020B6F5800F01AA0190506037D1B3F13F
:102BA400007F14BF052304238DF804300023CDE9EE
:102BB40004230393EB680DF1030723FA01F111F0E9
:102BC400010139D1B6F1A07F36D104F01F036209A7
:102BD40003F1800326D0012A3ED1214A52F8233042
:102BE400DB0729D43A462146A86806F083FF16304D
:102BF4001AD002972146A86803AA06F047FE0028C7
:102C040018DB01222146A86806F08FFFBEE7B3F166
:102C1400C06F05D0B3F1007F14BF01230223C3E7C3
:102C24000323C1E70F4AD9E73946A86802F082FABC
:102C34000028DEDA07B0F0BD3A462146A86806F05F
:102C440059FF0028D6D19DF80310A86802F068FA4D
:102C5400D0E76FF08500EDE751F82330FFDE00BFC9
:102C640000288450002584504209034670B502D0E0
:102C7400012A17D070BD0D4E326951680029F9D070
:102C8400012503F01F030C689D400029F2D08A68D7
:102C94002A4002D030464B6898472CB1236821461D
:102CA4001C46F2E7024EE7E72346F8E718A00000C7
:102CB400FC9F000038B54568A86890B106F02DFF68
:102CC400014670B9A86802F0F9F9044658B90246F9
:102CD4000649A86806F00BFF224605210D20FFF7E0
:102CE40031F8002038BD6FF00400FBE76D2C0000C4
:102CF4002DE9F04340F206364768D00648BF4FF04E
:102D0400030C3B7C02EA060658BFC2F3401C87B0A2
:102D140001F01F05B6F5837F144645EA43158DF887
:102D240003C044D00DD8062E16D005D8A6B1022E65
:102D34003FD06FF0150037E0B6F5807FF9D101265A
:102D44000AE040F20222964235D0B6F5407F34D0F4
:102D5400B6F5007FEDD102260123220303FA01F127
:102D64002DD57B689960B86880BB05F01F036D0999
:102D74002AD0012D73D13C4A02EB830284F48033C0
:102D8400D2F80012C3F30043C4F3404444EA4304BA
:102D940021F4706144EA8C0421F00F0144EA062313
:102DA4000B43C2F80032002007B0BDE8F0830726C9
:102DB400D2E70426D0E70526CEE70326CCE7630353
:102DC40044BF7B68D960CEE7284AD5E729460DF190
:102DD400020206F08FFE14F4403F80460CD12946CF
:102DE400B86806F0A0FEB8F1000FDCD19DF802101F
:102DF400B86802F095F9D6E74FF0000901ABCDE9C8
:102E04000199CDE90439CDF80C902946B86803AA94
:102E140006F03CFD4845C6DB14F4003314D09DF89D
:102E2400033084F48034C4F300448DF80E308DF8FC
:102E34000C608DF80D404B462946B86803AA06F08D
:102E4400DDFD0028CFDAAEE7CDE904330DF103034D
:102E540003932946B86803AA06F018FDF1E7803306
:102E640050F82330FFDE00BF002884500025845032
:102E7400036803F01F025B09026004D0012B0348BE
:102E840018BF002070470248704700BF00288450D4
:102E9400002584502DE9F04F1546834640F2FF1873
:102EA400DFF8F491DFF8F4A185B000EB8101594516
:102EB40003D1002005B0BDE8F08FDBF80030C3F388
:102EC400C322082AC3F3080400F2DF801B0E444522
:102ED40008BF4FF0FF3419F802704E2B00F2D8806F
:102EE400DFE803F028373F42494F42D6D6D6D661B1
:102EF4008E9194979A9DA0A3D6D6A6B2B5B8D6D6ED
:102F0400D6BBC2C5C8CBCED6D6D6D6D6D6D6D6D6BE
:102F1400D6D6D6D6D6D6D6D6D6D6D6D6D6D6D6D64D
:102F2400D6D6D6D6D6D6D6D6D6D6D6D6D6D6D6D63D
:102F3400D6D65E00C5F80C45621C0FD0012603A846
:102F44000394FFF795FF039B06FA03F3836032466D
:102F540032E0601CC5F8144540F095800BF1040B79
:102F6400A5E7C5F80845E7E7C5F81045661CF5D0A0
:102F74000026002220E0631CC5F80845EED0002698
:102F840004E0C5F80C45601CE8D0012603A80394AE
:102F9400FFF76EFF0122039B02FA03F3C3600BE009
:102FA400C5F81445C8E7C5F80845002FDED1671CED
:102FB400D4D0002606273246DBF80030039403F40D
:102FC4000040002818BF002203A818BF012601935F
:102FD4000092FFF74DFF039C019B00EB8400D0F8A7
:102FE4000042C3F3412C009A3B0243EA8C0313438F
:102FF40004EA0A04234343EA4603C0F80032ADE777
:10300400C5F80C45D1E7C5F86445BCE7C5F8644587
:10301400ACE7C5F86845B6E7C5F86845A6E7C5F85E
:103024006C45A3E7C5F87045ADE7C5F86045AAE768
:10303400C5F86045621CDBF800308FD0C3F3004351
:10304400002B7FF47BAFA0E7C5F86445F2E7C5F831
:103054006845EFE7C5F86C45ECE7C5F82445631C03
:103064003FF47CAF012684E7C5F8284564E7C5F83A
:103074003045F4E7C5F83445F1E7C5F83845EEE7DF
:10308400C5F83C4558E7002661E76FF0150011E7E5
:103094006FF085000EE700BFEFAE0000F0F0FCFF1C
:1030A400684620F007018D4601B5134BD3F804237D
:1030B400D20517D5D3F82021A2B1EFF31182202134
:1030C40081F31288BFF36F8FD3F8201131B100213F
:1030D400C3F82011D3F820110121D96082F311889B
:1030E400BFF36F8F044BD3F8583104F0FAF9BDE8FD
:1030F40001408546704700BF008000502DE9F04133
:1031040004460D46476806F078FE88B14FF0200863
:10311400EFF31186314688F31288BFF36F8F60682E
:1031240004F045FE30BB86F31188BFF36F8FEFE7E1
:103134001D4B1B78002BE9D04FF0200864266068F3
:1031440004F035FE50B9012006F096F9013EF6D19F
:10315400F4E786F31188BFF36F8FEFE7EFF311867F
:10316400314688F31288BFF36F8F606804F01FFE46
:103174000028EED0FB6900201D706368FA691B68A3
:10318400C3F844250122C3F84825C3F82001D3F825
:103194002041C3F85801D3F858019A6081F311888B
:1031A400BFF36F8FBDE8F0819B4205202DE9F04FFE
:1031B40004699846D0F804B094F8653007468A4606
:1031C4009146DBF800C08DB01BB1A36A994200F0B0
:1031D4009380BAF804E01EF4006F40F01B811EF0E7
:1031E400090F40F01181CEF34513082B40F00C81F8
:1031F400DAF800300193019AB74B9A4240F2048105
:10320400B64B9C4507D94FF05022D2F8582512F0FE
:10321400030F18BF9C4602AD0BF104060FCE0FC579
:103224000FCE0FC5019B96E80300634528BF634694
:103234009C46AB4B85E803009C451BD2A74B9C45A1
:1032440018D2A84B9C4515D2A74B9C4500F2C480CC
:10325400A64B9C4500F2C280A54B9C4500F2C08061
:10326400A44B9C4500F2BE80A349A44BA44A8C45C0
:1032740088BF13461EF0020F07930EF0040300F0FC
:10328400B380002B14BF032302238DF82030CEF328
:1032940000138DF821302368D3F808355A1C14D054
:1032A4001EF0020F03F01F004FF001024FEA531308
:1032B400CEF3400140F09E80002B00F099809342B1
:1032C40040F007818F4B8240DA6094F865302BB16F
:1032D400204602F053FE002384F865303B46204626
:1032E400894A02A906F003FD051EC0F28F8001235E
:1032F400C4F828A084F86530012384F86430DBF82E
:103304003C104B1C03D0DBF8380004F0ABFFB9F1E0
:10331400000F40F08280C4F83C900023236404F141
:10332400500204F1400104F13C0004F0E0FDE064CB
:10333400B8F1000F7AD1C4F844800023A36404F1E7
:10334400580204F1480104F1440004F0D0FD0025C2
:1033540004F128062A4601216065A563304604F07D
:10336400FCFD384604F0A1FE2A462B46206C83421D
:1033740064D100231946A56CA94266D19A4238BF8C
:103384001A464FF4FA535A43A36A04F134091B68EA
:10339400B2FBF3F202F1C808C93266D1EFF311802F
:1033A400202383F31288BFF36F8F1D46D9E8AF3F04
:1033B400002B51D00023636380F31188BFF36F8F18
:1033C400A56B15F1740F61D005B30022386911465D
:1033D400283004F0C2FD19E04C4B4BE74C4B49E755
:1033E4004C4B47E74C4B45E7003B18BF01234CE7E8
:1033F4004A4B68E733B1012B40F09280414B824045
:103404009A6062E7454BFAE76FF0150528460DB060
:10341400BDE8F08F6FF08505F8E7D9F80030E36375
:10342400002B3FF47AAFD9F8043077E7D8F80030AE
:103434006364002B81D0D8F804307FE7E16B01EBA3
:10344400C301496801330A4491E7606C00EBC10091
:103454004068013103448FE704F057F8EFF311801B
:1034640085F31288BFF36F8FA0E74FF47A7A06F0E2
:1034740009FD5646A0FB0A030AFB0133C00B40EAD0
:103484004345D9E8AF3F8BB1636BFBB900252046B8
:10349400256602F073FD84F865506FF073013846B9
:1034A40004F0EEFD65636FF07305AFE706F0EAFC28
:1034B400A0FB06030AFB0131C30B43EA41435B1B38
:1034C4009845E1D9012006F057FCDAE7002363634D
:1034D40076E7C960FFDE00BF47E801000024F4007E
:1034E4000048E80100127A00FF083D007F841E00B6
:1034F4003F420F001FA107008FD0030048E80100DE
:1035040090D00300002884506781000000093D002A
:1035140080841E0040420F0020A107000025845033
:1035240000239B60D6E700BF00F01F0240090DD0C6
:1035340001280DD1094B03EB8203D3F80002084A9A
:10354400024042EA8102C3F800227047054BF2E7C9
:103554000023803253F82230FFDE00BF002884505D
:10356400F0F0FCFF002584500123834070B5DC4358
:103574000B4AD2E8EF1F01EA0405C2E8E65F002E19
:10358400F7D14FF4803282400648C0F80823BFF3D5
:103594005F8FBFF36F8F0B4214BF0120002070BDFB
:1035A400DC2801200050015070B40E4922F07F46FF
:1035B400D1E90034D01AC31844F10004C1E900343D
:1035C400A6F50013B3F5400F09D2074B1B681A0A7E
:1035D4001B069C19054B42F10005C3E9004570BC6C
:1035E40002F0EABE40220020E02801204822002008
:1035F400D9B101230D4A8340D2E8EFCF4CEA030C42
:10360400C2E8E1CF0029F7D14FF48033084A834060
:10361400C2F80433074BD3E8AF3FC340DB0742BFD4
:103624004FF40012044BC3F800217047DC2801203A
:1036340000500150D828012000E100E00D4B18682B
:10364400010A0006BFF35F8F0B4BD3F8043518183B
:1036540041F10001B3F5801F0AD2084BD3E90023DE
:10366400904271EB030303D210F1807041F1000129
:10367400704700BFE028012000500150482200207C
:103684002DE9F04F85B016461F4604469DF840A02C
:10369400FFF76AFF0190FFF7D1FFB04271EB070318
:1036A40052D23B4B301A67EB0101984271F1000191
:1036B4004DD2384B03EB0413D3E902239F4208BFD6
:1036C400964258D04FF48038334908FA04F820461B
:1036D40026F07F4BC1F8488304F0ECFD4FF003095A
:1036E400584604F15005AD00ADB205F1502504F57E
:1036F400A87305F580350293029A20F07F4341F8C0
:103704002230C1F84483D1F80435244AC01A03385E
:1037140020F07F4090422ED9286868B1D1F8043552
:10372400A3EB0B0020F07F40B0F5000F039322D9E8
:10373400204604F0BFFD039BBAF1000F07D109EB4B
:10374400030009F10109D7E7BAF1000F09D06FF0BE
:10375400150520460199FFF74BFF284605B0BDE843
:10376400F08F01230E4AA340D2E8EF0F1843C2E8BA
:10377400E10F0029F8D107490E982301C8500F9B87
:1037840001EB04120025C2E902675360E1E700BFC0
:10379400010080003022002000500150FDFF7F0016
:1037A400D82801207FB500254FF0FF304FF0FF31BE
:1037B400194C1A4B0226C4F80833C4F84833184B82
:1037C400C4F80855C3E902014FF480334FF40012E2
:1037D400C4F80433134B0121C4F804631520C3F85F
:1037E40080212A46FEF7AEFA1520FEF77BFA012364
:1037F4000D4AA360236013600C4B0D4A00932846C6
:103804000023CDE90155FFF73BFF3046FEF70EFFDD
:10381400284604B070BD00BF0050015003000F00E3
:103824003022002000E100E0DC280120AD3500005A
:10383400FFFF7F002DE9F7432E4BD3F804239007B5
:103844000BD5D3F8042142B10022C3F804212A4A3B
:10385400D3F80431136801331360264AD2F80433D1
:10386400D90326D5254BD3E8EF1F21F00100C3E887
:10387400E40F002CF7D1CB0702D4D2F84031C3B106
:1038840000251C4CC4F84051D4F84031FFF7D6FE53
:10389400EFF31182202383F31288BFF36F8F184B49
:1038A400D3E90267B042B94106D282F31188BFF36B
:1038B4006F8F03B0BDE8F0834FF0FF38D3E90010F9
:1038C4004FF0FF391D60C3E902894FF48033C4F817
:1038D4004833C4F84051D4F8403182F31188BFF31F
:1038E4006F8F0029E5D0009032463B462846884732
:1038F400DFE700BF00500150E0280120D828012054
:103904003022002030B5431C124C85B005D08442CF
:10391400A8BF0446012CB8BF0124FFF78FFE0E4B4D
:103924000C4DD3E90013401AB0F5000F0FD2221842
:10393400AA4228BF2A46002052180849CDE90100AE
:10394400009143F10003FFF79BFE05B030BD2A460A
:10395400F1E700BFFFFF7F0040220020AD350000EB
:1039640008B5FFF76BFE024B1B68C01A08BD00BF09
:1039740040220020012310B5074C15206360FEF798
:10398400BFF94FF40012054BC4F80833C4F84833A8
:10399400034BC3F8802110BD0050015003000F00F9
:1039A40000E100E040EA0103C3F30D0330B58BB935
:1039B40040F21515094C890BC0F38730994201D1A7
:1039C400002030BDC218D2B202F5C07244F82250B1
:1039D4000133F3E76FF01500F3E700BF0030005048
:1039E4004FF0005318680D4B984210D003F11C534C
:1039F400A3F58B13A3F6CC5398420AD0084B9842F4
:103A040009D0084B98420CBF0420022070470020C4
:103A14007047032070470120704700BFB6B3B4B5A8
:103A24005DCE03F1EC49F2B608B5FFF7D9FF30B12A
:103A3400034806F029FA0022024BC3F8402408BDCB
:103A4400F8210020003000502DE9F0414FF05023C0
:103A540015460122C3F81426002858D0002956D050
:103A64004FF0005302F13642A2F14B12A2F59842F4
:103A7400C3E900204FF408429960DA60FFF7B0FF11
:103A84004FF47F03D3F830210646072AD3F83431A4
:103A94002DD1023B032B02D81E4AD35C3BB34FF01B
:103AA40050244FF0010800270520C4F81886C4F8F4
:103AB400147605F0E1FC4046C4F8148605F0DCFCFD
:103AC400C4F81476C4F81876FDB1134C204606F0F9
:103AD40053F9FFF785FF8642F8D002280F4B0CD12B
:103AE40000226FF00D00C3F84024BDE8F0814FF0D0
:103AF40050230022C3F81426E6E74FF05022012198
:103B0400C2F814160022C3F840240020EDE76FF039
:103B14001500EAE70BAF000040420F0000300050F0
:103B240010220B4B13B5C3F840240022FFF78CFF7F
:103B3400044650B94FF4004200230648CDE900235F
:103B440002F01CFD044806F017F9204602B010BD2F
:103B540000300050F821002040420F001022034B97
:103B6400C3F840240122FFF76FBF00BF00300050AC
:103B7400034B000240F00400C3F80007704700BF85
:103B840000300050012803D111B9024B1868704766
:103B9400014BFBE7DC2201204020002013B5044642
:103BA400104806F005F9B0B1002001A9FEF7D4FFD2
:103BB4000D4B02689A4211D10389C16818444368C5
:103BC400B3F1807F0AD91CB1FFF7C8FF02B010BD62
:103BD400FFF7A6FFFAE76FF01200F7E76FF03C007B
:103BE400F4E700BF88A000003DB8F396F0B585B0B7
:103BF4006E4681680546103921F0070403F018FC6D
:103C040032460A4B03F1100C3746186859680833DA
:103C140003C763453E46F7D110232146284603F0E7
:103C2400D6FB003818BF012005B0F0BD82A8000003
:103C340030B50D46816887B0102302AA10390446B6
:103C440003F0B0FB002802DA012007B030BD1022D7
:103C5400204602A904F0A0FB00283AD110221E49F4
:103C640002A806F04DF900280CBF012302232B7093
:103C7400204604F07DFB012301460DF10702204696
:103C840003F090FB0028DFDB9DF80730204603F0AB
:103C94000F021B096A702B7101220DF1070104F058
:103CA4007BFB10B96B78042B03D901236B700023C1
:103CB4002B71A2682046183A22F00702083AA91C80
:103CC40004F07DFB0028BFD12046E91C04F093FBDF
:103CD400BBE70323CBE700BF82A80000F0B585B0A3
:103CE4006946054604F027FB0128044606D1344BF7
:103CF400694653F8350004F084FB044614B1FF20F0
:103D040005B0F0BD2E4B02A903EBC503586804F0BF
:103D140078FB012837D12A4649212A4803F027FB9A
:103D2400294B8DF80C40029300229DF800609DF809
:103D34000870264C3146207804F020FB50B33946F5
:103D4400607804F01BFB28B3A378042B03D09DF800
:103D5400031099421ED1E378042B03D09DF80B1075
:103D6400994217D12379042B10D16279022A1DD1EB
:103D7400174B18482A46492103F0F9FA6079831E43
:103D8400022BBDD9BBE70028CED0B8E79DF80210BE
:103D94009942EAD00132032A04F10604CAD10E483A
:103DA4002A46492103F0E3FA0120A9E7032A05D0B2
:103DB4000A4B0B49042A08BF0B46DAE7094BD8E73C
:103DC400A0A6000032AF000003010303C7AF000048
:103DD40014AF00007DAF0000A1AF000019AF0000D8
:103DE4002BAF00000FAF0000044B1B685840430882
:103DF4005B4240421843C017704700BFE4280120CB
:103E04008842F0B504D00025084F0438AA4200D1F6
:103E1400F0BD3E6850F8044F5E4024EA060451F8B1
:103E2400256001351E4034430460EFE7E428012097
:103E34002DE9F04F8DB01D46189B8346B3F12A3F00
:103E44008A46179F1A9E059240F08D80394616982F
:103E540004F046FB012838BF0120470900F01F0485
:103E64004FF001097B01502B34BF4B4603230A93C7
:103E740009FA03F30B930A9B059805FA03F306EB7F
:103E84008303069303EB8503079304F005FD4FEAD0
:103E94008508424600210890304606F029F8079B21
:103EA400C6F800900393089B3146CDE90153059B66
:103EB4003046199A009306EB08092B4604F0FDFCE2
:103EC40051464246484605F0ECFF02234946099311
:103ED4000B9B099A934248D142463146584605F015
:103EE400E0FF4FF00009CA46079B5A460393089B1C
:103EF4005946CDE90153059B584600932B4604F0DF
:103F0400DCFC002C47D11F24013F169B0AF1010A57
:103F140053F82730E34003F0010343EA49090A9BBD
:103F2400534503D0002CDFD1002FDDD1189BB3F112
:103F34002A3F32D1424609FB0861069805F0B1FFD9
:103F4400079B59460393089B5846CDE90153059BAB
:103F5400069A00932B4604F0B0FC002CC1D1BFB9E3
:103F64000DB0BDE8F08F00247AE7079B01EB080A47
:103F74000393089B4A46CDE90153059B50460093A1
:103F84002B4604F09AFC099B5146013309939FE7A1
:103F9400A146A246A8E7013CB7E731464FF0000A24
:103FA4000A4B2A4618681B68584080EA090080EAD0
:103FB4000A00FFF719FFC3430698FFF721FF099B87
:103FC4000AF1010A53454144EAD1B9E7E428012042
:103FD400054B01311B680132434022EA03020840C9
:103FE4000243501E00B27047E42801202DE9F04F2F
:103FF400834699B00F46184600211646039304F0F1
:10400400CDFE002800F0898100240125774B30463D
:104014001493039915ABCDE90B45CDE90D45CDE9D5
:104024000F45CDE91145139304F041FEA04228DA6F
:10403400BBF1000F05D1E7B90024204619B0BDE853
:10404400F08F2146584604F0BAFD04460028F2D009
:104054000BA804F001FD0DA804F0FEFC0FA804F069
:10406400FBFC11A804F0F8FC0C2115A800F014FBCB
:10407400E3E73146384604F06DFD04460028E7D1F5
:10408400DAE731460BA804F065FD04460028DFD1C9
:1040940003990DA804F05EFD04460028D8D1F188E8
:1040A4000FA80231ADF83850ADF8305004F0E2FCFE
:1040B40004460028CCD101460FA804F080FD044634
:1040C4000028C5D1F18811A8023104F0D3FC0446BC
:1040D4000028BDD10DA804F09EFD00F01F001F288C
:1040E40073D0C0F11F0319460BA8019304F0B9FD66
:1040F40004460028ACD101990DA804F0B2FD044691
:104104000028A5D1BDF83250BDF83A800DA8A5EB22
:10411400080A4FEA4A19494604F0A3FD0446002858
:1041240096D14FEA8A0A0DA90BA804F0EFFD0028E6
:104134004DDA49460DA804F0B1FD0446002887D1A4
:1041440008F1FF3305939B0005F1FF3A069305F14F
:10415400804508F18043023B013D9B00A5EB080527
:104164000893AB000293059B9A4541D8BBF1000F1D
:104174000DD058460FA904F0EDFC002840F0C9808A
:10418400039AB388928813FB02F3ABF80430002F30
:104194003FF45EAF01990BA804F080FD002840F0C5
:1041A400B880B3880BA93846ADF8303004F0D2FC9F
:1041B4000146002840F0AF80384604F0EFFD0028A7
:1041C4007FF446AF0123BB8042E701949AE70F9A3C
:1041D4000BA952F80A300846013342F80A300DAAF6
:1041E40004F0C1FE044600289DD031E7010003001D
:1041F4000D9B069A04931344DDF82C900793049BBB
:104204004FEA8A089A5859F82A10A8F104030F9D16
:104214000993029B91421D4476D2A8F10400002325
:1042240059F80000FBF794FF002914BF4FF0FF3347
:104234000346BAF1010F2B600EBF002309EB0803FC
:1042440053F8083C1593A8F1040359F80330169366
:1042540059F80830DDF8108017932B6801332B6070
:10426400089B98442B680021013B2B6011A804F0A3
:10427400A6FC00284DD1059B002B48D0D8F800207F
:10428400119B11A91A60079A084612685A602A6895
:1042940004F06DFE00283CD113A911A804F036FDEA
:1042A4000028DFDC2A680DA911A804F060FE80BB99
:1042B400029B11A84FEAC308414604F0D2FC40BB5C
:1042C4000BA9084611AA04F04EFE014618BB0BA820
:1042D40004F064FD002812DA0DA911A804F03AFCD8
:1042E400B8B9414611A804F0BCFC90B90BA9084622
:1042F40011AA04F035FE60B92B68013B2B60029BC8
:104304000AF1FF3A043B2DE74FF0FF3391E7059A9A
:10431400B6E704469CE60C469AE66FF00B048CE67E
:10432400F0B5114C002B14BF9C468C462468002326
:104334004440E443059F03F1040E774502D2BB4297
:1043440009D3F0BDD5585CF80360054026403543D9
:10435400CD507346EFE7D55C1CF80360054026405A
:104364003543CD540133EAE7E42801200928024803
:1043740018BF0020704700BFD9AF000001680E4A83
:104384000346914215D1C169A2F11022A2F1EF12A4
:1043940091420ED18268012A0BD8C26812B1016918
:1043A4008A4206D0586928B19B691B1A5842584161
:1043B40070470120704700BF55AA00FF70B50D4B30
:1043C4009E68A6B13046FFF7D9FF044678B9F36872
:1043D4006BB935690DB9204670BD2846FFF7CEFF8D
:1043E40028B9EB68B34202D12E462D69F2E70124C5
:1043F400F1E700BFE82801202DE9F8433F4F3C686E
:10440400D4B1BC68C4B100284AD0002948D001FB0B
:1044140000F5B5FBF0F0884242D1281D40D8A90729
:104424000DD025F003060436FC6803E06368B3424C
:1044340038D2A469002CF9D12046BDE8F8832E4671
:10444400F2E7FB6041E006F120016318203A5A606C
:104454000022C3E902242A4822691A6160502949CA
:10446400D96102B1D36062695A61A1699961AAB143
:1044740093619A6902B153614FF0010923610023EA
:10448400C4E90169C4E905333B69DB072ED5FFF7AD
:1044940095FF58B31C4B48461B6826E0FB60E8E7D1
:1044A4000024C9E7A3681BB1174B01201B68984778
:1044B400626804F12008921B232AC4D80123A36054
:1044C400D4E90523002ABCD09361A3690BB16269C6
:1044D4005A610023C4E905333B69DA0706D5FFF7BF
:1044E4006DFF18B10120084B1B6898472A4600212C
:1044F4004046444605F0FCFC9EE700BFE828012046
:1045040055AA00FF669911EE6821002070B5054692
:10451400002800F08880444E3368002B00F083802C
:10452400B268002A7FD0834203D872681344984249
:1045340003D33E4B01201B689847A5F12004204675
:10454400FFF71CFF18B1394B01201B68984755F839
:10455400183C012B03D0354B01201B6898470023DE
:1045640045F8183C55F8143C3BB39A682ABB55F8F7
:104574001C2C02F120015A680A445A6055E905329C
:104584001A6155F8145C2B6903B1DD602022002107
:10459400204605F0ADFC286910B18368002B2ED0AD
:1045A40033699B073FD5FFF709FF00283BD0BDE8DF
:1045B40070401E4B01201B68184755F8100C00284A
:1045C4002AD0836843BB4268636813442033636022
:1045D40003692361D4E905239AB9CBB943696361BB
:1045E4008269A261B3B19C61A36903B15C6123696F
:1045F40003B1DC602022002105F07AFCD0E72C46D0
:10460400E1E79361A369002BE8D062695A61E5E7A9
:10461400F360F7E7F460E7E7F36845F8083C03B1B3
:104624005C61F460BCE770BDE828012068210020CB
:1046340038B50C46142200210546134805F058FCF1
:104644001249134800F040F8232C1CD915F0030339
:104654001FBF043CE418C3F10403ED1822460021F3
:10466400284605F045FC084B0A49C3E90054203CA0
:104674009D606C609A6811609A68A1F11021A1F1A3
:10468400EF11D161DA6038BDE8280120114500003E
:10469400FD43000055AA00FF10B50A46044619B1AF
:1046A400024B00211B68984710BD00BF6421002005
:1046B400014B1B68184700BF70210020014B1B6889
:1046C400184700BF6C210020024B1860024B0020E9
:1046D40019607047702100206C210020F8B500F1AA
:1046E40008064768044630460D4604F098FA8742A7
:1046F4004BD16368B3F5806F47D80021304604F08E
:104704004DFB002841DD0021304604F074FAE0B38B
:1047140045B9294604F1100004F040FB002834DDBB
:104724000020F8BD04F120050021284604F036FBE2
:1047340000282ADD0021284604F05DFA28B304F19C
:1047440028050021284604F029FB00281DDD00214E
:10475400284604F050FAC0B1002104F1100004F01E
:104764001DFB002811DD002104F1300004F016FBCC
:1047740000280ADD002104F1380004F00FFB0028B2
:1047840003DD002104F14000C6E70148C9E700BF8A
:1047940080BFFFFF012970B505460E46144601D9B6
:1047A400074870BD03D00020C5E91C64F9E7002A5E
:1047B400F9D01046FFF7DAFD0028F4D1F0E700BF86
:1047C40000BFFFFF70B500210446FFF787FF0546D1
:1047D40010B10E4D284670BD04F10806304604F0B1
:1047E4001AFA7F28F5D910342946204604F003FA32
:1047F4000028EED0204604F00EFA0128E9D931460B
:10480400204604F083FA0028E4DBE2E700BEFFFF61
:10481400F0B50C4685B0002105461646FFF75EFF4D
:10482400002839D102A804F012F921466A6802A8C6
:1048340004F0FBF9044618B102A804F00DF90CE0E9
:1048440005F10804214602A804F060FA002807DBF9
:1048540002A804F001F96FF00304A4F5854418E0FC
:1048640005F1480302A96F680846009305F1100298
:10487400234604F0CCFC04460028DDD13A463146F8
:1048840002A804F0E8F9044602A804F0E5F8002CB4
:10489400E3D1204605B0F0BD004CFAE780BFFFFF2E
:1048A40003460846C1B9C3E910110D4A0D49DFF8A2
:1048B40038C0C3E912120D4A0D49C3E914C20D4AA6
:1048C400C3E916120C4A1A6602F17452A2F52302C5
:1048D400A2F692425A6670476FF07300704700BFA9
:1048E40085AE67BB67E6096A72F36E3C3AF54FA57D
:1048F4007F520E518C68059BABD9831F2DE9F04F75
:104904000446CFB0039100F1480346AD00F16806B8
:104914002A4618685968083303C2B3421546F7D1CA
:10492400DDE94883DDE94B96DDE946154FF0000CDF
:1049340001933E4BDDF834B14A9804AA0293BCF1CA
:104944000F0F5BD8039B53F82C301BBA4FEAF02EA1
:1049540086EA0907DDF808A08EEAB01E07408EEA51
:10496400706E774077445AF804EB936077443B4485
:1049740045EA010E4FEA7137CDF808A087EAB1077E
:104984000EEA080E05EA010A4EEA0A0E87EAB15752
:1049940077440CF1010CDDF804E05B44BCF1400FFA
:1049A4009E44B3463B4402F10402CDF804801ED178
:1049B400CDE94C96CDE94AE0CDE94858CDE94631F8
:1049C400CDE9043745A904F14403643453F8042FB2
:1049D40051F8040FA34202441A60F7D104A84FF41B
:1049E4009471FFF759FE00204FB0BDE8F08FA84640
:1049F4004E460D46814619467046A0E7136852F8A4
:104A040034AC4FEAF34E8EEA734E52F8387C8EEA99
:104A1400932E52F8143C3B444FEABA4787EAFA17FC
:104A2400734487EADA073B4490E700BFB0A600006E
:104A34004FF47F03D3F83021D3F83431072A05D15A
:104A4400023B032B02D8024AD05C70470020704717
:104A5400E4AF000008B5FFF7EBFF58B1644BD3F89F
:104A6400202A3AB90D21C3F8201A0121C3F81C19D0
:104A7400C3F81C290022D30003F57F03D3F80013E5
:104A8400013107D0D3F800130132D3F80433202ABC
:104A94000B60F0D1FFF7CCFF002840F0A080FFF7B7
:104AA400C7FF40B1534B544AC3F830254FF050234D
:104AB4000122C3F858254FF47F03D3F83021D3F8EB
:104AC4003431072A09D1023B032B06D84B4AD35C65
:104AD4001BB100224A4BC3F84C25FFF7A9FF50B184
:104AE4004FF05023D3F80024D10742BF0022C3F86B
:104AF4001421C3F818214FF47F03D3F83021D3F8DD
:104B04003431072A09D14FF05023D3F80024D207B7
:104B140044BF6FF00102C3F80024FFF789FF18B106
:104B24006522334BC3F80C274FF47F03D3F83021AD
:104B3400D3F83431072A16D1314BD3F82034002B63
:104B440011DA4FF050230322C3F8182501229A608A
:104B5400D3F80421002AFBD00022C3F80421012247
:104B6400DA60C3F818254FF47F03D3F83021D3F863
:104B74003431072A23D1023B032B02D8214AD35CC8
:104B8400EBB17E221A4B1B49C3F80C27C3F83C290E
:104B94007F231D4AC2F818310023C1F8043EC1F82E
:104BA400083E01F54821C1F81031C2F82431C2F899
:104BB4002C3102F5FF1202F58052C2F8A032134ADA
:104BC400D2F88C3043F44063C2F88C30104A114B55
:104BD4001168C3F84415D269C3F84C2508BD2922CD
:104BE400034BC3F80C270322C3F83C2757E700BF45
:104BF40000400050009003504400EFBEE0AF0000BE
:104C040000200350DCAF00000020005000ED00E065
:104C14000080FF0000600050014B1860704700BF27
:104C2400FC28012010B5054B1446186804F026FC36
:104C34000028A4BF2070002010BD00BFFC28012064
:104C44000123024A8340C2F80435704700700150C2
:104C5400014B00201B68184700290120014B1B68E9
:104C6400184700BF00290120014B09201B68184781
:104C740000290120014B08201B6818470029012046
:104C840010B5144C237913BB01232371124B002854
:104C9400206018BF184600F037F8D0B923680F48D1
:104CA400002B08BF184600F0B9F890B923680C48E7
:104CB400002B08BF184600F0F9F850B923680948DA
:104CC400002B08BF1846BDE8104000F063B86FF031
:104CD400770010BD00290120554C00006D4C0000E8
:104CE400614C0000794C000008B5064B1B6843B1C9
:104CF4000520FDF719F820B9BDE808400520FCF7A8
:104D0400F1BF08BD00290120074B0246187938B9C4
:104D14001A6001221A714FF05023C3F8142570470A
:104D24006FF07700704700BF082901204FF050232F
:104D34000022C3F80021D3F80021012208491A6097
:104D4400096811B1C3F804237047D3F80021002A7D
:104D5400FBD00022C3F80021D3F80031704700BF14
:104D6400082901204FF05023D3F80423D2070DD58E
:104D7400D3F8002152B10022C3F80021D3F8002156
:104D84000122C3F80823024B1B681847704700BF71
:104D940008290120054B0246187918B91A60012226
:104DA4001A7170476FF07700704700BF1029012017
:104DB4004FF050230022C3F82021D3F820210122F0
:104DC4009A61094A126822B14FF48072C3F804232D
:104DD4007047D3F82021002AFBD00022C3F82021F9
:104DE400D3F82031704700BF102901204FF0502321
:104DF400D3F80423D2050ED5D3F820215AB10022CA
:104E0400C3F82021D3F820214FF48072C3F808237B
:104E1400014B1B681847704710290120074B0246B5
:104E2400187938B91A6001221A714FF05023C3F867
:104E3400802570476FF07700704700BF1829012064
:104E44004FF050230022C3F82421D3F82421012257
:104E54001A62094A126822B14FF40072C3F804239B
:104E64007047D3F82421002AFBD00022C3F8242160
:104E7400D3F82431704700BF182901204FF0502384
:104E8400D3F8042392050ED5D3F824215AB1002275
:104E9400C3F82421D3F824214FF40072C3F8082363
:104EA400014B1B681847704718290120074B02461D
:104EB400187938B91A6001221A714FF05023C3F8D7
:104EC400182570476FF07700704700BF2029012034
:104ED4004FF0502310B5D3F818141E4C11F4803F32
:104EE400D3F818241AD002F00302022A04D0012AAB
:104EF40001D004F094FB01224FF05023C3F818258D
:104F04000022C3F80421D3F8042101229A60226804
:104F14008AB9D3F80421002AFBD014E0D3F814246E
:104F2400D207E8D5D3F81C2402F00302013A012A7F
:104F3400DFD822681AB10222C3F8042310BDD3F8C3
:104F44000421002AFBD00022C3F80421D3F8043141
:104F5400F4E700BF20290120F8B54FF050230125C4
:104F64000026D3F80443184F04F0820404B9F8BDB2
:104F7400B4FA84F0C0F11F00830003F580739BB280
:104F840003F15023196805FA00F224EA0204002907
:104F9400ECD01E601B684FF050230128C3F808238F
:104FA4000ED1D3F81824D3F8182402F00302012AEE
:104FB40006D10221C3F81815C3F804139A60D5E783
:104FC4003B68C0B29847D1E720290120036803F069
:104FD4001F025B09026004D0012B034818BF0020A4
:104FE40070470248704700BF002884500025845051
:104FF400034A4309D35C00F01F001844C0B2704751
:10500400E8AF0000034611F0010010B5CCB20BD19B
:10501400A207C4F340000DD5074A106A5860106215
:10502400003818BF012005E004490A6A1A600A62C0
:10503400002AEDD010BD00BF002884500025845004
:10504400F7B504460846FFF7D3FF06B204EB46065D
:10505400B38A0D46DB072BD5204604F0F4FB294622
:10506400204604F04FFB58B1204604F061FB0022B7
:10507400276800B207EB8003C3F81025C3F8102596
:105084002946204604F07DFB002101A8B182019548
:10509400FFF79CFF019B00EB8300D0F80022064B36
:1050A400134043F00203C0F80032084603B0F0BDD9
:1050B4006FF01500FAE700BFF0F0FCFF70B590F850
:1050C4008C40054690F88D6024BB21466022143044
:1050D40004F00EFF2146114B286853F836608E42C7
:1050E4000ED10024C0F87C41D0F87C3140F3073065
:1050F400FCF7F8FD0123204685F88C30AB6770BDC2
:10510400CBB29B0003F580727C2B04BF8450835880
:105114000131E4E76FF07700F1E700BFB0A70000CA
:1051240090F88D00024B03EB800004F0C1B900BF7E
:105134007821002010B5064B90F88D000C4603EB47
:10514400800004F09BF90028A4BF2070002010BD4B
:10515400782100202DE9F04F814659F804BB90F8DE
:105164008D40DBF804136B4BC9B2804653F83420EE
:1051740058468BB041F0004104F03EFB051E36DA80
:105184000023CDE90833634B08A803EBC4035B6831
:1051940019460193FFF736FF042303EBC40303937B
:1051A4005D4B0DF1200A02930023029A009312F83A
:1051B400013B58490292039A02EBD3028A5C03F042
:1051C400070322FA03F3DA0719D4009B0AF1040A4D
:1051D4009BB14FF000410022584604F00DFB0199A9
:1051E40008A8FFF70FFF0028DAD125F000450124B5
:1051F400002D78D10BB0BDE8F08F0123D5E7009BDB
:10520400464A13440493DAF800100029DDD091FAD9
:10521400A1F1B1FA81F1049B1C7841EA44142046BF
:10522400FFF7E6FE08EB4000878AC808BB08059331
:1052340001231AF8002001F0070103FA01F122EA20
:1052440001020AF8002007A80794FFF7BFFE079A97
:10525400059B803250F82220C7F382065B0737464D
:10526400C2F3014223D54846D6B221463A4604F059
:1052740069FA07A80794FFF7A9FE079B803350F843
:105284002330C3F301439E4207D10021204604F09A
:105294002AFA3146204604F026FA07A80794FFF7B5
:1052A40095FE0122079B02FA03F30362ABE7022A8D
:1052B4000DD10321204604F016FA06F00503012B54
:1052C400EBD13A462146484604F03CFAE5E7022190
:1052D4002046059204F007FA032EF2D0059A032A19
:1052E400DBD1022EECE795FAA5F3B3FA83F304FAC3
:1052F40003F225EA020503F5A2725BF8222008EB0B
:1053040043034846B3F87C10C2F3014204F01AFA8E
:105314006EE700BFB0A70000F8AF0000F8AF0000D0
:105324000022034BC3F88425C3F80425704700BF4B
:1053340000900350044AD2F80834DB07FBD501601F
:10534400BFF35F8F704700BF0090035008B5C0F3F0
:105354000B0383B90222094BC3F88425C3F804253F
:105364004FF0FF320260D3F80024D207FBD5FFF7D9
:10537400D7FF002008BD6FF00C00FBE7009003503E
:10538400012208B5054BC3F88425C3F80425FFF7AB
:10539400D1FFBDE80840FFF7C3BF00BF0090035032
:1053A4002DE9F843154601221D4B0446C3F8842514
:1053B400C3F8042510F003030E4610D0C3F104070C
:1053C400AF4228BF2F463A46A0EB030804F003FC83
:1053D40001464046FFF7AEFFED1B3C443E443746D2
:1053E40025F00308B044A4EB0609B84511D115F023
:1053F40003020AD025F003052C447119204604F059
:10540400EAFB01462046FFF795FFBDE8F843FFF7A6
:1054140087BF09EB070057F8041BFFF78BFFE4E78E
:105424000090035000220121054B83F83820054BDE
:10543400C3F808131961C3F80025C3F800217047A5
:105444002829012000B002504FF47F03D3F8302103
:10545400D3F83431072A13D1023B032B02D80A4A6A
:10546400D05C80B14FF05023D3F8B825920709D10E
:10547400D3F8580500F00300013818BF0120704725
:105484000020704701207047FAAF000070B5114D3D
:105494006C6BA4B14FF47A735C430A23B4FBF3F44A
:1054A4000D4ED6F800316BB995F8393053B90A204E
:1054B40003F0E2FF013CF4D16FF0730070BD4CF2D5
:1054C4005034EDE795F8393003F0FF00002BF5D0A8
:1054D400F2E700BF2829012000B0025010B50022D5
:1054E4000124074BC3F80045C3F800211C6028B110
:1054F400FFF7CCFF18B9034B83F83840002010BDE8
:1055040000B00250282901202DE9F0410646174633
:105514009846FFF799FF002863D106F06043B3F182
:10552400005F61D1B3075FD1324C94F83030012B66
:1055340005D043455BD194F83830002B57D0002375
:105544002D4AB8F1020F0BBFC2F81075C2F80475EA
:10555400C2F81465C2F808650CBFC2F81815C2F881
:105564000C1584F8393023680CBF08250425C3B909
:1055740094F838306BB100221F4B05F1A045C3F8F5
:105584000021012305F52C352B60BDE8F041FFF720
:105594007DBF0120FFF7A2FF10F1740FEBD1BDE82E
:1055A400F081A36823B1E6606161E7610020F6E75A
:1055B400114AA6602161A76184F83080C2F80031E5
:1055C4000123C2F8043394F8382002F0FF0012B922
:1055D400FFF784FFEAE705F1A04505F52C352B60BC
:1055E400E4E74FF0FF30DAE76FF00C00D7E76FF035
:1055F4000F00D4E72829012000B00250084B9A6814
:105604005A621A699A629A69DA62DA689A6032B1FD
:105614005A691A61DA699A610022DA607047704740
:105624002829012000F01F0340090FD001280FD1C1
:105634000A4A02EB8302D2F80002094B034043EA10
:10564400012343F00203C2F800327047054AF0E731
:105654000022803352F82330FFDE00BF002884503C
:10566400F0F0FCFF0025845010B50E4B0238D3F83F
:105674003C26D3F83836072813D8DFE800F0110F9A
:105684000D0B0A080604100EC871100C8871100A5C
:1056940048710A711A0ECA701A0C8A701A0A4A7072
:1056A4000B7010BD00B00250023807281FD8DFE885
:1056B40000F02927251123211F04CB791B068A79A1
:1056C40043EA02434A7943EA02230A7913430E4A1E
:1056D400C2F83C36CB781B068A7843EA02434A7800
:1056E40043EA02230A781343074AC2F8383670475C
:1056F4000023E4E70023E5E70023E6E70023EBE7E4
:105704000023ECE70023EDE700B002500268154BDC
:10571400FF2A08BF4FF0FF32C3F824254268FF2A4E
:1057240008BF4FF0FF32C3F828258268FF2A08BF5C
:105734004FF0FF32C3F83025C268FF2A08BF4FF08C
:10574400FF32C3F834250269FF2A08BF4FF0FF3245
:10575400C3F838254269FF2A08BF4FF0FF32C3F867
:105764003C25704700B0025030B5194D8DB006ACE1
:105774000FCD0FC495E8030084E80300154906A87B
:10578400D1F82435DBB20093D1F82835DBB201938C
:10579400D1F83035DBB20293D1F83435DBB2039360
:1057A400D1F83835DBB20493D1F83C35DBB205933C
:1057B400FFF7ACFF0023C1F8003101230B60D1F8DF
:1057C4000031002BFBD06846FFF7A0FF0DB030BDC1
:1057D400A8A3000000B0025070B590F82930044628
:1057E4001BB190F82A20002A43D16068FF2800F0FA
:1057F400A580A168FF2900F0A180E268FF2A00F0DB
:105804009D8025690E2D40F09980112840F09680E6
:10581400122940F093800D2A40F090806269FF2A9B
:1058240002D00F2A40F08A80A269FF2A02D0102AEF
:1058340040F08480BBB903211120FFF7F3FEA06878
:10584400FFF7F0FEE068FFF7EDFE2069FFF7EAFEE0
:105854006069FF2801D0FFF7E5FEA069FF2802D0A8
:105864000321FFF7DFFE94F82A3013B9201DFFF758
:105874004DFF636A334D344E6B6394F8293085F8D9
:105884003A304FF47F03D3F83021D3F83431072A68
:1058940004D10123C6F80833FFF766FF2368C6F86E
:1058A4004035A37F617F227F9B0143EAC1031343F9
:1058B400E27F43EAC213C6F844354FF47F03D3F8BA
:1058C4003021D3F83431072A13D1023B032B02D8F9
:1058D4001E4AD35C6BB11C4A94F82310D2F84435A9
:1058E40019BB43F44033C2F844354FF4C063C2F8E3
:1058F4004036154994F82030D1F8002622F07F4232
:1059040022F0FF02134394F8212043EA026394F83F
:10591400222043EA426394F8232043EA0273C1F845
:1059240000362B6833B9002070BD23F4003343F4F0
:105934008033D8E72B20FCF7D5F9F4E76FF0150096
:10594400F2E700BF2829012000B00250FEAF00009A
:1059540038B50C4C94F8305085B9C4E9001240B9FC
:1059640000200123C4E9020084F8303084F83800B0
:1059740038BDFFF731FF0028F2D0F9E76FF0770068
:10598400F6E700BF282901202DE9F04104460F461F
:105994001546FFF759FD002848D1DFF89C8098F898
:1059A4003000012845D198F8383093B30123234EB1
:1059B400C6F808334FF47F03D3F83021D3F83431D9
:1059C400072A01D1FFF7D0FE1FB139466078FFF7EF
:1059D4006BFE002788F83970C6F80071A3786278E6
:1059E4001B0343EA022322781343E27843EA423357
:1059F400227943EA8233627943EAC233C6F8343601
:105A0400FFF744FD743008D0C6F800714DB900208A
:105A140005E0FFF763FD7430C8D16FF07300BDE893
:105A2400F08129466078FFF71FFEF0E74FF0FF3062
:105A3400F5E76FF00F00F2E72829012000B00250CB
:105A4400044B93F838300BB9FFF748BD6FF077007B
:105A5400704700BF2829012008B5064B93F8303061
:105A6400012B03D1FFF7DEFC002008BD6FF00F000F
:105A7400FBE700BF28290120034B93F830000038CE
:105A840018BF0120704700BF2829012070B50546C2
:105A9400FFF7DAFC00283AD111F003063AD1204B83
:105AA4001A68C2B193F83040012C36D11D4AC2F8AD
:105AB4001C150421C2F8205583F8396083F830108E
:105AC400C2F80061C2F8044393F83830EBB9FFF729
:105AD40005FD002018E0134CC4F81C15C4F820552B
:105AE40083F8392093F8383043B10023C4F80031E7
:105AF4000123E360BDE87040FFF7C8BC0120FFF755
:105B0400EDFC10F1740FF0D170BDD460E1E74FF0FB
:105B1400FF30F9E76FF00C00F6E76FF00F00F3E7E2
:105B24002829012000B0025010B5224BD3F80021DF
:105B340092B10022204CC3F8002194F8381094F854
:105B4400302071B90121032A84F8381005D0042AC1
:105B540005D0022A00D1996010BD5960FCE7D960D4
:105B6400FAE7032A19D0042A19D0022A04D10123FE
:105B740084F82030FFF742FDA36813B9012384F8A9
:105B8400303094F8393003F0FF0013B9D4E9003110
:105B94009847002384F82030DEE70223E8E7032255
:105BA40084F82020D3F81C256262D3F8203584F8C9
:105BB4002830E1E700B00250282901204FF47F0388
:105BC400D3F83021D3F83431072A05D1023B032B13
:105BD40004D8034AD05C7047002070470120704706
:105BE40002B00000036803F01F025B09026004D0E6
:105BF400012B034818BF002070470248704700BFBC
:105C0400002884500025845070B54B7F04460D460F
:105C14007BB101236426436100220221204604F063
:105C240010F820B9012003F027FC013EF4D1002331
:105C34006B77AB7F5B070AD50021C4F80015FFF72B
:105C4400BDFF20B1024B9C4208BFC4F8041C70BDC8
:105C540000A0005002464B69274883424AD00FD81F
:105C6400264A934246D009D8254A934242D0254A2F
:105C740093420CBF00206FF015007047224AF7E7EB
:105C84002248834236D004D8214A934232D0214A52
:105C9400EEE7214883422AD191F8230020B9126803
:105CA4001E4B9A4207D0704791F8240010BB12682B
:105CB4001A4B9A421FD10B685A1C01D0082B16D1DB
:105CC4004B685A1C01D0092B11D18B685A1C01D086
:105CD4000A2B0CD191F8213023B1CB685A1C01D086
:105CE4000B2B04D1CB695A1C04D00C2BC1E76FF0E9
:105CF400150070470020704780841E0020A1070013
:105D040048E8010090D0030040420F000024F40052
:105D140000093D0000127A000048E80100A000508C
:105D240037B51446421C054618D0012902D1BBB12F
:105D340003F0C5FF01A80195FFF754FF019B0A4A30
:105D440000EB8300D0F80052A30043EA41030B4365
:105D54002A40134343F44073C0F8003203B030BD0B
:105D640003F0B9FFE6E700BFF0F0FCFF2DE9F84FC0
:105D740091F8213007460C46002B00F0968091F8EC
:105D840022806569674B9D4200F0A88000F29880EC
:105D9400654B9D4200F0A58000F28A80634B9D42D2
:105DA40000F0A280624B9D420CBF4FF080654FF023
:105DB400804594F8232097F8223062F3000387F893
:105DC4002230227CDBB262F3410387F8223094F85C
:105DD40023600EBB237E0121012B94BF00230123EA
:105DE40032462068FFF79CFF334632466068FFF76F
:105DF40097FF33463146A27EA068FFF791FF012149
:105E0400237C3246E06883F00103FFF789FF0B46E9
:105E14003246E069FFF784FF94F82130002B6CD000
:105E24004FF0FF337B6294F8211094F812E0207E47
:105E3400627E00296BD0E668217C94F8249094F863
:105E440020C03B68B9F1000F12D1D4E900BAD4F8EC
:105E54000890E469C3F808B5C3F80CA5C3F8109515
:105E6400C3F86C45C3F81465C3F86815C3F86485B2
:105E7400003A18BF01220228C3F8C0E5C3F824552C
:105E840048D0032849D0012801D142F00202C3F8C6
:105E94005425C3F860C57B68002B41D03868BDE841
:105EA400F84F40F30730FBF71DBF4FF0020868E7D7
:105EB400204B9D420CBF4FF080554FF0804578E752
:105EC4001D4B9D4213D01D4B9D4213D01C4B9D4234
:105ED4000CBF4FF000454FF080456AE74FF0005586
:105EE40067E74FF0006564E74FF0007561E74FF036
:105EF40020655EE74FF0A0555BE7E3687B62227C98
:105F040097F8223062F3410387F822308BE74FF091
:105F1400FF3692E742F00402B9E742F00602B6E720
:105F2400BDE8F88F80841E0020A1070048E8010026
:105F340090D0030040420F000024F4000048E80120
:105F440000127A00431C07B512D040F21F13984286
:105F54000ED0019001A8FFF745FE019B00EB8300E2
:105F6400D0F80022044B134043F00203C0F800327F
:105F740003B05DF804FB00BFF0F0FCFF38B5044645
:105F8400006840F30730FBF7BBFE636843B121466A
:105F9400154A51F8043BC3F808232068FFF734FE80
:105FA4002368D3F80805D3F80C15D3F8105594F8E2
:105FB4002230DB0714D4FFF7C5FF2846FFF7C2FFE2
:105FC4000846FFF7BFFF606AFFF7BCFF2368D3F8FA
:105FD4006C05D3F81415FFF7B5FF0846FFF7B2FFB9
:105FE400002384F8203038BD520108002DE9FF4118
:105FF40090F8213004460E461746002B40F0A88046
:1060040043682BB112F0140F04BF012380F8213030
:1060140004F1100596E80F0085E80F00606A421C41
:1060240005D094F822309B0718D503F048FE336856
:10603400256823B103F06043B3F1005F06D1B36870
:106044007BB103F06043B3F1005F0AD000236FF02B
:106054000C0084F8213004B0BDE8F08103F03BFE6D
:10606400E5E717F0010318BF0123C5F8503517F011
:10607400020318BF0123E846C5F8403596E80F002F
:1060840088E80F00039BC5F84405C5F84815C5F812
:106094003425C5F83835002317F01C0FC5F818311E
:1060A400D5F8183131D1D5F80035073B18BF012395
:1060B40094F8222063F3820284F82220FFF77EFD05
:1060C40028B1254B9D4204BF0123C5F8043C072396
:1060D40017F0080FC5F80035636818D101222A614A
:1060E40043B9D5F81831002BFBD04246402128464D
:1060F40003F0A7FD636813BB606A461C12D12846EF
:10610400211DFFF781FD0020A5E70123D0E7B3B9E6
:10611400606A411CF7D094F822309A070CD503F03A
:10612400DAFDF0E794F822309B0702D503F0D3FDA3
:10613400E5E703F0C4FDE2E703F0C1FDE3E7402334
:1061440017F0040F14BFC5F80833C5F80433DAE7B1
:106154006FF00F007FE700BF00A0005038B50A4B76
:1061640053F82040013053F82050A54200D838BDE0
:10617400606830B1037EDB0701D403F001FE08340C
:10618400F3E723689847FAE7C0A70000012208B59F
:106194000A4B03201A70FFF7E1FFFCF78BF8FCF7BA
:1061A40037F903F07DFE0420FFF7D8FFFAF738F93A
:1061B400034A137B23F00103137308BD9B4205209C
:1061C4005022002008B50020FFF7C8FF184B03F544
:1061D400006282F3088883F30A880025E023154CC3
:1061E40084F82230E57725766576A57684F8205004
:1061F400636A43F4E023636284F82350FBF7DEFC14
:10620400FBF7F6FD4FF0FF33A362E362FBF710FFE9
:10621400FBF712FEFCF730F80120FFF79FFF022086
:10622400FFF79CFF2B462A4629460348FBF7C2FD8D
:10623400A042052000ED00E091610000024B1868C7
:10624400984208BF0020704780210020034B1B6840
:106254000BB9FDF785BB0020704700BF64290120FE
:1062640030B570B10B4B5B6898420AD0036843B1F8
:10627400D3E90421D0E90445121941EB0501C3E92E
:106284000421D0E9003213605A600023C0E90033CE
:1062940030BD00BF80210020B3F1FF3F08BFB2F141
:1062A400FF3F2DE9F84F0446994615461F467AD01C
:1062B4008160EFF31188202383F31288BFF36F8F7B
:1062C400B9F1000FDFF8E4A020DBFFF7BFFFDAE944
:1062D4000027013549F100092D1849EBE073064602
:1062E4004FF00109C4E90453AD1843EB0707FFF766
:1062F400A5FF0346DFF8B8E0DEF804A0EBB9C4E973
:1063040000EACAF80040CEF8044028E06FF0010328
:10631400DAE900125B1A4FF0FF3161EB02025B1BFA
:1063240062EB0902012B72F10001BCBF01230022C0
:106334004FF00009C0E90432D9E7D3E9041CD4E9D9
:1063440004208A4270EB0C0B24DA891A5A686CEB2D
:106354000000C3E90410C4E9003214605C60FFF774
:106364006DFF84420ED1134B1B685BB9B9F1000F6A
:1063740002D1FFF76BFF0646304603F044FD0021CF
:10638400FDF7C0FA88F31188BFF36F8F28463946AA
:10639400BDE8F88F521A60EB0C009A45C4E904205A
:1063A400ADD01B68AAE700252F46EFE7D0220020D6
:1063B40080210020642901202DE9F047EFF31185A5
:1063C400202383F31288BFF36F8FDFF89C9000269D
:1063D400C9F800000027FFF731FFDFF89080D9F8F3
:1063E4000030D8E900ECD91750B1D0E90442A342F7
:1063F40071EB020A19DAE41A62EB0102C0E9044201
:10640400002413EB0E034CEB01012046C8E90031D4
:10641400C9F8004003F0F7FC2146FDF773FA85F351
:106424001188BFF36F8FBDE8F08714EB0E024CEBBD
:10643400E473C0E90467C8E90023FFF711FF85F39B
:106444001188BFF36F8F83689847EFF3118520237A
:1064540083F31288BFF36F8FD9F800301B1BC9F880
:106464000030FFF7EBFEBAE764290120D0220020B8
:1064740010B5EFF31184202383F31288BFF36F8FD9
:10648400FFF7E4FE0346054AD2E90001181841EB80
:10649400E37184F31188BFF36F8F10BDD022002005
:1064A400F8B50646EFF31187202383F31288BFF370
:1064B4006F8F026822B187F31188BFF36F8FF8BD25
:1064C400D0E90A54691C44F10003022973F1000362
:1064D40034D3013D44F1FF34002CBCBF15462C4697
:1064E40003F0D0FC013041F10001401944EB0101FB
:1064F400012871F1000136DB03F0C4FC6FF00203E4
:10650400013041F10001401944EB010183426FF075
:1065140000438B412CDB03F0B5FC013041F1000159
:106524006FF00102401944EB01034FF0FF31121ADE
:1065340061EB030330461049FFF7AEFE336B0133C2
:106544003363336A002BB6D087F31188BFF36F8FA0
:106554003046336A9847EFF31187202383F3128878
:10656400BFF36F8FA7E76FF001024FF0FF33E1E74E
:1065740000224FF00043DDE7A56400002DE9F0415F
:1065840005461C4690461F46EFF31186202383F3ED
:106594001288BFF36F8FB4F1FF3F08BFB2F1FF3F22
:1065A40005D186F31188BFF36F8FBDE8F081002C0D
:1065B40009DB012A74F10003BCBF0122002412F19B
:1065C400FF3844F1FF37284603F034FCDDE90601C7
:1065D4000023C5E90A012B6342463B46284602498B
:1065E400FFF75AFEDDE700BFA564000010B50A4CB2
:1065F40023681BB101232360002010BD00F04EF876
:106604000028F7D00138072803D8044B53F820009A
:1066140010BD034810BD00BF68290120D8A70000A1
:10662400FE8FFFFFBFF34F8F0549064BCA6802F484
:10663400E0621343CB60BFF34F8F00BFFDE700BFA1
:1066440000ED00E00400FA0530B44FF0FE320025FE
:106654000B4B0C4C0C494968C3F80024C3F80424C0
:10666400C3F80824C3F80C24C3F81024C3F8142472
:10667400C3F81824C3F81C24C4F8005530BC0847D8
:10668400005084500040845088210020024BD0E9FF
:106694000012C3E9001270478821002008B500F0F9
:1066A40011F830B900F010F838B9054AC2F80C0AEC
:1066B40008BD00F037F8032008BD042008BD00BF62
:1066C400005084500020704710B5114800F048F87D
:1066D40000B110BD0F4800F043F80028F9D10E4C6A
:1066E400204600F03DF80028F3D10C4B0C481C6008
:1066F40000F036F801460028EBD100F02DF80446EE
:1067040008B1204610BD00F03FF82046FAE700BF6C
:10671400A02100209C21002098210020902100200D
:106724009421002008B5084800F024F8074800F038
:1067340021F8074800F01EF8064800F01BF8BDE8F1
:10674400084000F00BB800BFA02100209C210020CD
:10675400982100209421002000207047704700BF3A
:1067640008B5034B02681B6810689847002008BDF1
:10677400B821002008B5034B02685B68106898478D
:10678400002008BDB821002070B5094C094D2069CE
:10679400AB68984718B1084B08485B6898470021D4
:1067A400074AEB6811602069BDE87040184700BFD4
:1067B400A4210020B821002088210020F8A700008F
:1067C4006C29012010B5044650B1636813F0685F6A
:1067D40005D0064A934202D000236260236010BDB4
:1067E400034B04485B689847EFE700BF2C5F5CA944
:1067F4008821002018A80000C8B143680D4A9342BC
:1068040013D013F0685F0ED0012350E8002F19460F
:1068140040E8001C9CF0000FF7D1012AF5D0BFF32B
:106824005F8F0020704704487047044870476FF436
:10683400E04070472C5F5CA9E98FFFFFEA8FFFFF00
:10684400034680B1426809498A420AD012F0685F5F
:1068540005D0BFF35F8F002210461A6070470448CA
:106864007047044870476FF4E04070472C5F5CA9A0
:10687400E98FFFFFEA8FFFFF10B5044620B1002324
:10688400034A2360626010BD0248FFF7DDFEF6E7AD
:106894003A00003A40A800002DE9F04F83781546ED
:1068A40085B007469A07D0F8048040F1B5800026E9
:1068B40091F800B0BBF1000F00F0B080BBF1250FE0
:1068C40005D001F1010A01363946584660E091F8D5
:1068D40001B001F1020ABBF1250FF4D0002401211B
:1068E4001F2C26D8ABF12002102A10D9ABF13002AC
:1068F400092A37D81AF801BBBBF1000FF0D1394689
:106904002520C0470028C0F283800236DCE701FA64
:1069140002F0844B1842EDD1032A64D0ABF130026B
:10692400092AE7D9BBF12A0F11D1043544F0200418
:10693400E0E77F2C16D8ABF13002092ADAD9BBF193
:106944002A0F0CD1630605F10405D3D4EEE7BBF19D
:106954002E0F0AD1600661D444F04004CAE7BBF1AB
:106964002E0FF7D0BBF16C0F2CD0BBF16C0F13D8EA
:10697400BBF1680F2DD0BBF16A0F31D0BBF14C0FC6
:106984002ED0BBF1630F0DD10136394615F8040B37
:10699400C047002836DA3BE0BBF1740FAAD0BBF144
:1069A4007A0FA7D0ABF16402112A00F29080DFE8DD
:1069B40002F0398E8E8E8E398E8E8E8E8E98888EC3
:1069C4008E1C8E72220648BF44F4007444F0800486
:1069D40090E7E30548BF44F4007444F4807489E705
:1069E40044F4207486E7102484E72C684E4B002C72
:1069F40008BF1C46A1464B4619F8010B20B9341BAD
:106A040004351E19514653E73946C0470028F2DAC7
:106A1400BB7843F00403BB704FF0FF36304605B03B
:106A2400BDE8F08F20062DD5A10549BF073555F8DF
:106A3400040B25F0070555F8080B00280DF104098F
:106A44004FF00A02BCBF44F48064404224F01004B6
:106A5400A4B2494603F064FAE206A0EB09094DD555
:106A640039463020C0470028D2DBBBF1000F57D095
:106A7400023639465846C0470028C9DB4C460DF15A
:106A8400040B49E0E20555F8040BD6D5A3054CBF29
:106A940040B200B2D1E724F010040A22A4B22006C6
:106AA40023D5A10549BF073555F8040B25F0070583
:106AB40055F8080B10B924F01004A4B20DF1040920
:106AC400C7E744F0100410224FF0780BE7E74BF0CF
:106AD4002002782A7FF413AFCBF1780242F010023F
:106AE400DDE708224FF0000BD9E7E30555F8040B66
:106AF400E0D5A1054CBFC0B280B2DBE76305BDD5CC
:106B0400013639462D20B6E7013C39461BF804000E
:106B1400C0470028FFF67CAF002CF5D14E4471E746
:106B24000136ABE78128010006B000007047002061
:106B3400704730B500290446154685B011DB8368DB
:106B44008B420ED96368C068194401AA00F0E9FDBC
:106B540028B96268019B9B1A2B60029B6B6005B08D
:106B640030BD6FF02100FAE72DE9F0479AB068468E
:106B7400DDE924570C4692469946229E02F0E1FB39
:106B840000216846FDF78CFE35B1002F04DD3A463E
:106B94002946684602F0DEFB002563892289D4F881
:106BA4000C8013449844A84508D82399684602F0F9
:106BB40010FC684602F0C9FB00240FE0A8EB0507AF
:106BC400B74228BF37464A463B462946504600F05E
:106BD400E9FB044630B1684602F0B7FB20461AB020
:106BE400BDE8F0873A464946684602F0B3FB3D44A7
:106BF400D9E72DE9F7430E4617469946044628B9C6
:106C04004FF0FF38404603B0BDE8F0830029F7D0C9
:106C1400002AF5D0CB680D8938461D440423294643
:106C24000DEB030200F0BEFB80460028E8D146F6D7
:106C34000812BDF804107389914225D1BDF80610DD
:106C44009942DDD1042338460DEB0302294400F0B8
:106C5400A9FB0028D4D146F60713BDF804209A42B4
:106C6400CED1C4E900679DF82830A4F80890A37237
:106C74007389BDF806202B44E360738913442B44C5
:106C8400043563612561BDE7002BE4D0B8E72DE945
:106C9400F3410E4617461D46044620B94FF0FF3017
:106CA40002B0BDE8F0810368002BF7D04368002BE5
:106CB400F4D04FF6FF78D4E904239A4216D223681D
:106CC4005B8923B1E368934204BF04332361042343
:106CD400216960680DEB030200F064FB0028DDD13C
:106CE400A37A2BB1D4E903329A4201D30120D7E726
:106CF4002389BDF80610434501F1040203D0BDF811
:106D040004C09C450BD115B1BDF804302B80236918
:106D1400043333603980236913442361C0E7236952
:106D240013442361C7E748B103683BB143682BB1FF
:106D3400C068884294BF0020012070474FF0FF30A4
:106D4400704703F0DDB8084601F012BB01292DE9B4
:106D5400F3470546174601D900F015FC2C224FF0E5
:106D6400580802FB01F490F8BC3008FB03430344C9
:106D7400D3F82090B9F1000FEED0B3F808A0DB6887
:106D840048469A44042351460DEB030200F00AFBE3
:106D9400064620B10126304602B0BDE8F08795F8DA
:106DA400BC30BDF8042008FB034446F60813254410
:106DB4009A426C891BD1BDF806309C4201D003264F
:106DC400E9E7042348460DEB030204EB0A0100F053
:106DD400E9FA0028DED146F60713BDF804209A42EA
:106DE400EDD1BDF80610214451443960D3E7002C9D
:106DF400F1D0E4E710B528B1BDE81040C02200216D
:106E040003F076B8F9F784FFF6E74FF4C05358431C
:106E14003030704710B412B110BCF9F721BE1046DF
:106E240010BC7047002382681946FFF7F3BF2C2279
:106E340038B55824514390F8BC50034604FB05125E
:106E44000244106A08B900F09EFB05FB04110422F9
:106E54001944BDE8384001F09FBA2DE9F0470446D3
:106E64000D4616464FF000094FF02C08582708FB32
:106E740009FA94F8BC00494617FB00A2224401F029
:106E840029FA012809D194F8BC20334617FB02A241
:106E940049462046224400F08DF838B1B9F1000F7C
:106EA40002D0002D08BF0020BDE8F087B9F1000F23
:106EB400FAD14FF00109DAE702780B789A420FD839
:106EC4000BD342784B789A420AD806D342884B882F
:106ED4009A4205D860EB000070474FF0FF307047CE
:106EE400012070470020704738B504460023582518
:106EF400012B84F8BC3000D938BDE21892F8BD20CB
:106F04006AB905FB0343D86C08B100F04AFA94F857
:106F1400BC3005FB0343186A08B100F042FA94F848
:106F2400BC300133DBB2E3E7F8B50546002458264C
:106F34002027012C85F8BC4001D90020F8BD2B196D
:106F440093F8BD10D9B92046F9F71AFB95F8BC108F
:106F5400C0B216FB01712944FAF77AFC08B100F0BB
:106F640012FB01212046F9F70BFB95F8BC10C0B2C7
:106F740006FB01514C31FAF76BFC0028EFD195F870
:106F8400BC400134E4B2D4E70123036003F10123DC
:106F940043600023C0E9023370474379012B07D1D2
:106FA4000368012B04D10079431E584258417047AD
:106FB4000020704710B5582490F8BC3063432C244B
:106FC40004FB01331844006A08B900F0DCFA2023FA
:106FD400002100F0E7F9003818BF012010BD8368D4
:106FE40000EBC101B3F5004F2CBF51F8220031F87A
:106FF4001200704700EBC1018068B0F5004F2CBF50
:1070040041F8223021F812307047012208B5FFF709
:10701400E6FFD04008BD836800EBC101B3F5004F23
:1070240008D34B681AB143F001034B60704723F057
:107034000103FAE74B881AB143F001034B80704710
:1070440023F00103FAE753000122FFF7D3BF83685B
:10705400481CB3F5004F34BF042308230833A0EBC6
:10706400D300B0FA80F0C0F11F0070472DE9F04161
:107074000D4686680446FFF7C8FFB6F5004F014683
:1070840001D3012832D02046FFF7E1FF04EB800151
:107094000E6996B90122E36882401343E360022239
:1070A4000D612B4629462046FFF7A4FF03222946FB
:1070B4002046BDE8F041FFF79DBF0222314620463D
:1070C400FFF78DFF0746034629462046FFF792FF48
:1070D4000322334629462046FFF78CFF39462B46C8
:1070E4002046FFF787FF02223146E1E7BDE8F08141
:1070F400B2F5802F2CBF082304232DE9F04100268C
:10710400D21A8C18CD1D25F0070524F00704641B42
:10711400E408056021462846AC60EE60FFF797FF5F
:10712400421D9200013002F107074FEAD7073146AA
:10713400A2F1100205F11000B8BF324602F0D8FEE9
:107144003A4631462846FFF77EFF334632463146FB
:107154002846FFF74FFFA4EB0708284631460122D3
:10716400FFF759FF42463946FFF76DFF3B4632466B
:1071740039462846FFF73EFF21462846FFF763FFBE
:107184004346324621462846FFF734FF2146284627
:107194000122FFF740FF3946BDE8F041FFF766BF23
:1071A400002070470FB407B504A951F8040B0191EE
:1071B400FAF722FA03B05DF804EB04B07047038BCE
:1071C40013F0070305D10368002B0CBF0020032034
:1071D4007047022B05D1408BB0FA80F04009800043
:1071E4007047012B05D10368002B0CBF002005203C
:1071F40070470020704710B50C4600B111B96FF00C
:10720400150010BD081D00F093F80028F9D1A368FB
:10721400032BF6D9F3E72DE9F0410D46074619464D
:10722400281D90461E4600F094F8044638B13346B3
:10723400424629463846A446BDE8F0416047BDE8C9
:10724400F08110B4EFF31182202484F31288BFF389
:107254006F8F416110BC0121FAF7E6B938B50C46CD
:10726400054658B151B10B6843B14B6833B11C2288
:10727400002102F03DFE00202C6138BD6FF01500A6
:10728400FBE770B505460E46FFF7B5FF041E14DB99
:10729400EFF31182202383F31288BFF36F8F4FF62D
:1072A400FF716B8B2C8B8B4204F0070407D182F3A4
:1072B4001188BFF36F8F6FF00A04204670BD022C53
:1072C4000CD101336B8382F31188BFF36F8F0023DA
:1072D400224631462846FFF79EFFEEE7062C14D8D7
:1072E400DFE804F004131313041A040000233360CA
:1072F4006B683BB9C5E90066ACB902212846FAF7C8
:1073040093F9DAE71E606E60F6E782F31188BFF343
:107314006F8F6FF00404D0E782F31188BFF36F8F8F
:107324006FF08504C9E782F31188BFF36F8FC4E758
:10733400034658B1426802F00302012A03D0032A2B
:1073440004D1026812B10020986070476FF01500F4
:1073540070474268034602F00302032A4FF000021A
:10736400816014BF104600685A60704770470FB4BC
:1073740007B504A951F8040B0191FAF73DF903B0DC
:107384005DF804EB04B07047002908DB806888428C
:1073940005D9401A904234BF0020012070470020D4
:1073A4007047704770B516461A4605460C46FFF7F7
:1073B400EBFF48B16968E868214482681468324682
:1073C400A446BDE8704060476FF0150070BD70B50D
:1073D40016461A4605460C46FFF7D6FF48B16968BB
:1073E400E8682144826854683246A446BDE8704087
:1073F40060476FF0150070BD10B50B460446FFF7EB
:10740400C3FF40B16168E068194483689B682BB18D
:10741400BDE8104018476FF0150010BD6FF057001D
:10742400FBE708B5C0688368DB689847006808BD57
:1074340008B5C0688368DB689847407908BD70B5B3
:107444004C680368A34201D2012070BD8A682244BB
:10745400934201D30020F8E74E69D1E90325B542F0
:1074640003D36FF00B038B61F4E71B1B42F8353039
:107474004368086902EBC00253600B6901330B6176
:10748400E2E737B50C46C0B201A91546FAF7E0F9B0
:1074940000280CDB019850B121462A46FAF7FEF980
:1074A40004460198FFF77DFF204603B030BD6FF01E
:1074B4001504F9E7FEE7704702F01ABD02F0F1BCCB
:1074C400012801D1EFF3058302F088BC014600686E
:1074D400FFF7F6BF08B5FAF73BFABDE8084000F03D
:1074E40000B8704700210120FFF7EABF61B662B619
:1074F40080F31188BFF36F8F7047EFF3118020235F
:1075040083F31288BFF36F8F704710B5044672B6C9
:10751400002383F31188BFF36F8FFAF77BFE50B11A
:10752400BFF34F8F20BF00BF00BF00BF00BF00BF2D
:1075340000BF00BF00BF84F31188BFF36F8F62B632
:1075440010BD40E800F313F4803FD8B208BF6FF0D9
:107554001500704730B50C684B6885B00A894D89B1
:107564000094013B24F01F04234402F01F0242EA6A
:10757400451223F01F0369468DF808200393FAF798
:1075840081FC05B030BD08B5FAF716FE08B5FAF768
:10759400FFFD002008BD4FF05023012270B50C46BA
:1075A4000546C3F814260020FAF7BAFE28462346F7
:1075B400BDE87040002118470C220369C9B201FBE1
:1075C4000233986F00F00700704770B5C9B20369C1
:1075D400EFF31185202484F31288BFF36F8F0C26F8
:1075E40006FB0134A46F14F0C00408D0A24206D0F4
:1075F40085F31188BFF36F8F4FF0FF3070BD012208
:1076040071430B449A6785F31188BFF36F8F436806
:107614000B445B6898470020F0E78022FFF7D5BF52
:10762400F8B5069F0469C9B2EFF31186202585F3E6
:107634001288BFF36F8F0C2569430C44A56F05F0C6
:10764400070CBCF1010F0BD1A76786F31188BFF3B8
:107654006F8FC4E91C2343685B5898470020F8BD2A
:1076640005F0C005AF4286F31188BFF36F8F0CBFDE
:107674006FF077004FF0FF30F1E713B580240094EA
:10768400FFF7CEFF02B010BD6FF08500704710B455
:107694001C240069CBB203FB0400002110BC10477A
:1076A400032001F03DBF022001F03ABF032001F0A6
:1076B40046BF022001F043BF01F0CABFFDF708BC7A
:1076C400F7B51C460023164682682360A3600D4666
:1076D4005369694601AA9847019B5A1E01921BB936
:1076E4006FF0150003B0F0BD0098A26847682168E8
:1076F400676085B9B31AD0F800C0634528BF6346F4
:1077040003FB07111A442160A26002689A4206D85A
:1077140008300090E0E76B1AB3FBF7F3EBE70020C7
:10772400E0E713460022FFF7CBBF2DE9F047002422
:10773400836886B0884691465B6902AA01A9984786
:10774400A2462546029BAB4202D806B0BDE8F087AC
:107754000026019F07EBC5077B6804933A680AEB90
:107764000603B24202D89A460135EBE74946039430
:10777400059303A8C0470028E7D0049B01361C44A6
:10778400ECE74FF05021022310B5C1F8B835046975
:10779400FAF7ECFF20B1237A03F00303C1F858355C
:1077A40010BD08B901230B7070474FF40002002389
:1077B4000020C1E90023704708B503695B682BB951
:1077C400FFF7DFFFBDE80840FEF746B908BD37B54F
:1077D4000D464168F9B1D1E900138468ECB1D4E9EC
:1077E4000024DCB1D3B19C421BD10133092B18D83E
:1077F4008DF8013040F20113ADF802300023007817
:107804008DF804308DF8000068468DF80550FEF7B9
:10781400BBF803B030BD0B46DFE7224601332344F7
:10782400E4E76FF01500F4E77FB5FF238DF803302C
:107834000DF10303002101930123CDE90231052356
:1078440003A88DF80C3001AB04910593FFF7BFFF3B
:107854000028A8BF9DF8030007B05DF804FB1FB51E
:10786400002188420CBF0623042301A8CDE901119D
:1078740003918DF80430FFF7AAFF002818BF6FF0BA
:10788400040005B05DF804FB38B5044679B9EFF39C
:107894001180202383F31288BFF36F8F1D46237852
:1078A40033B10023237080F31188BFF36F8F38BD89
:1078B400FFF72BFEEFF3118085F31288BFF36F8F70
:1078C400EDE708B50146FAF751FF48B14FF05022F1
:1078D400D2F8583503F003030B720123C2F858356C
:1078E4004FF050230022C3F8B8250720BDE8084014
:1078F40002F042BA43680BB9FFF7E3BF70472DE9C2
:10790400F04F81460F461C46164685B0002A00F00B
:107914008280002B7BD000297DDB4268CB18D26AA1
:10792400934278D87D4205F003050069FFF7E2FF32
:10793400A54228BF2546734203F0030306F0030B58
:1079440058BFC3F1000BCBF1000B0BF0030BA345A5
:1079540028BFA346631BA4EB0B0424F0030423F009
:107964000308A045C8BFA04603F0030AC8BFA3EBA1
:10797400040AB8F1000F16D006EB0B034146184673
:107984007A19019302F041F904460146D9F810002E
:10799400FFF77AFFC4BB5D4505D0019B42461946FB
:1079A400701902F08BFAB5B1C5F1040B0421A7EBF1
:1079B4000B0202A802F029F904460146D9F8100086
:1079C400FFF762FF04BB0BF108032A4630460DEBB8
:1079D400030102F066FABAF1000F14D008217A19F3
:1079E4000DEB0100424402F010F904460146D9F8B7
:1079F4001000FFF749FF3CB908EB0500524602A905
:107A0400304402F04EFA00244846FFF7D5FE2046E3
:107A140005B0BDE8F08F6FF01504F8E72DE9F743E2
:107A24000F4606461D4690464168002A71D0002B39
:107A34006FD0042B01D9AB076BD117F0030468D1C5
:107A4400002F66DBCA6A7B19934262D83069FFF75C
:107A540051FF2046FFF703FF044648B10120FFF71A
:107A6400FEFE3046FFF7A8FE204603B0BDE8F083D3
:107A7400032D1DD804213A460DEB010002F0C5F890
:107A8400044601463069FFF7FFFE002CE6D12A4682
:107A9400414601A802F005FA04213A460DEB010023
:107AA40002F0B0F8044601463069FFF7EDFE21E02C
:107AB40008F06043B3F1005F02D118F0030F24D043
:107AC400042DA94628BF4FF0040941464A4601A89F
:107AD40002F0E7F949463A4601A802F093F8044651
:107AE40001463069FFF7D0FE24B9B5EB0905C84457
:107AF4004F44E5D10120FFF7B2FE05463046FFF7BB
:107B04005BFE002C08BF2C46AEE73A4629464046A9
:107B1400C6E76FF01504A7E72DE9F84380460F4642
:107B240016464568C1F30B03002A66D0C2F30B0066
:107B340050EA030461D100295FDB8B18EA6A93429F
:107B44005BD8D8F81000FFF7D5FE2046D8F804908B
:107B5400FFF785FE0446002849D1D9F82C30B342FA
:107B64001AD102F055F8344605462946D8F81000D3
:107B7400FFF78AFE55B92744361BFFF755FE041E4E
:107B840032DB14F00105F8D1002EE6D10120FFF715
:107B940066FE04465DB31AE0B6F5803F09D3BBB276
:107BA400BBB939460120FDF771FF4FF48034054617
:107BB400DBE7B6F5805F0CD26FF01501D8F8100042
:107BC400FFF762FE0120FFF74AFE6FF015052C4611
:107BD4000DE0C7F30B000028EED13946FDF756FF40
:107BE4004FF480540546C0E70120FFF738FE4046B5
:107BF400FFF7E2FD2046BDE8F8836FF01504F9E7CE
:107C040010B50C4601F0F5FF0023C4E90003184643
:107C140010BD38B505460C4601F0EBFF002D07DB1F
:107C2400A84205D9401B84428CBF0020012038BDE6
:107C34000020FCE770B50C46154601F0DDFF29462F
:107C440006462046FFF7E5FFB8B1B4FBF6F306FBA2
:107C5400134393B9B5FBF6F306FB13536BB9AE426A
:107C640001D9002070BD01F0C7FF06462046FDF78C
:107C74006DFBAD1B3444F9D1F3E76FF01500F1E768
:107C840070B50D461946284616461C46FFF7C1FF37
:107C940038B124B122462946304602F002F90020C8
:107CA40070BD6FF01500FBE74FF480220023002025
:107CB400C1E900237047436800205B681B690B60BF
:107CC4007047436802EA01005B6821EA0201986098
:107CD4000020D9607047436800205B689960704752
:107CE400436800205B68D960704743685A685368EA
:107CF40021EA03000B4090600020D360704710B568
:107D040003695868F8B1884219D19C680868A1428F
:107D1400586000D19860002008602AB15A680A604F
:107D24009A68596002B99960002010E0814206D136
:107D34000868206098688142EDD19C60EBE70446B6
:107D440000680028F2D1002AE8D16FF0150010BDB8
:107D5400FDF700BA30B543681360057A446804EB54
:107D6400C504A34202D36FF0010030BD5C798C429C
:107D740001D00833F0E70020F7E743681B68D3F825
:107D84008004C3F88004704742681368D3F8100174
:107D940050B10020126A12780A70C3F81001D3F8A7
:107DA400102101221A6070474FF0FF3070470268BB
:107DB4000346D2F8580140B95B68DB0706D4D2F811
:107DC4002001003818BF012070470120704713B507
:107DD40001AA0446FFF7BEFF002805DB019B2268C9
:107DE40019791868FBF756F802B010BD2DE9F04177
:107DF4000546002201210820F9F7A4FF0820F9F71D
:107E040071FF6C680121E068FFF7E1FF6B68196896
:107E14002369C1F82435A27D637D207D1343228B21
:107E240002431343C1F86C356E68D6E9004313F07E
:107E340001033DD00027D5F8108004F10C01C4F8EB
:107E4400A07108F10802C4F88C7004F5907001F078
:107E540048FB00282ADB98F80800FCF7F1FE082309
:107E6400C4F80035F369C4F844350123C4F84875EF
:107E7400A360D4F85831002BFBD00021C4F80015BE
:107E84006D68E8682C68FFF7A2FF0823C4F8003582
:107E94002A7A52B92B6AC4F834350123C4F8383528
:107EA400C4F81021D4F8102123600020BDE8F0812B
:107EB4000822C4F80025F269C4F84425C4F84835FA
:107EC4000123A360D4F82031002BFBD00023C4F895
:107ED4002031D4F820310123E3604FF48073C4F8D7
:107EE4000433C6E7002201210A20F9F72BBF10B59D
:107EF4000B6813B91846136005E003685C681CB18D
:107F040014600368186810BD083303600B68013BF4
:107F14000B60EDE713B501AA0446FFF71BFF002829
:107F240005DB019B226819791868FAF7B3FF02B0E0
:107F340010BD03460A4619790123006803FA01F1CA
:107F440003691B68194218BF82F0010212B18368E9
:107F5400DB68184783681B69FBE710B504460068B3
:107F6400D0B1037DC3B149B101210830FFF7E1FF6E
:107F740023681869BDE8104001F0FEBE12B9838879
:107F8400DB0409D4006901F0F7FE20680021BDE894
:107F940010400830FFF7CDBF10BD2DE9F843446809
:107FA400012106690546606BFFF7B4FFE16B481CCD
:107FB40019D10127E36A9847F46A0834D6E90B32E9
:107FC40003EBC203A4F10802934216D80122002154
:107FD40006F12800FFF7C1FF6B680021586BFFF71B
:107FE40099FF002007E0A06B00F014F910F1130FC3
:107FF40001D0411DDDD1BDE8F88354F8080C01F02F
:10800400D7FE28B354F8080C14F8041C34F8023CC6
:10801400D0F810E0DA0754BF43F4B01383F4D0135C
:10802400DEF800C023F4801207FA01F8DB074CBF26
:1080340048EA0C032CEA0803D0F80890CEF8003084
:10804400D9F800309847002804F10804B6DAD2E7DA
:108054006FF01200CFE710B50069836A8B4209D133
:1080640090F864404CB9283001222146FFF775FF8F
:10807400204610BD6FF01500FBE76FF00F00F8E726
:1080840030B403699963012103F13402D2E8EF4F5C
:10809400C2E8E51F002DF9D1002283F864200069AD
:1080A400114630BC2830FFF758BFF0B504690646C6
:1080B400226D4568A36D85B06ABB002B4AD02D8E16
:1080C400E06C9D4228BF1D46676D636D53B1A26D80
:1080D40042B107F06042B2F1005F03D0082D28BF1F
:1080E4000825E76EE26C25661AB1226D002A18BFD6
:1080F4002A4601921BB1A36D002B18BF2B4669467B
:1081040000900022204603930297FDF76FFF01467B
:1081140008BB05B0F0BDE16C676D08462D8EABB1B0
:10812400934228BF13469D4228BF1D460029CCD048
:1081340001F06043B3F1005FC7D0082D28BF0825C4
:10814400A06E2A4601F0ADFEA06EBEE7954228BFA0
:108154001546EBE71946304605B0BDE8F040FFF799
:108164008FBF38B502780346002A52D10C69226EBB
:1081740032B9E06D6FF07301BDE83840FFF780BF9E
:10818400606D40B1A16D31B1DB6823B1834202D08F
:10819400E16E01F086FE236D256E9BB19D4211D8E0
:1081A4005B1B23654BBBE36B04F150020833E363B1
:1081B400236C04F14001013B236404F13C00FFF70C
:1081C40096FEE064A36D9BB19D4211D85B1BA36531
:1081D400CBB9636C04F1580208336364A36C04F1F3
:1081E4004801013BA36404F14400FFF780FE60658D
:1081F400E06DBDE83840FFF758BFE36C002BE1D0D9
:108204002B44E364DEE7636D002BF1D02B446365FC
:10821400EEE738BD0123F0B587B08DF802300223B4
:1082240000278DF804306B4403930E4601AB0DF127
:1082340003010546029104930597FCF77BFF041E96
:108244000BDB3146284603AA01F020FB041E07DAA3
:1082540028469DF80310FCF763FF204607B0F0BDE5
:108264003C46FAE7F8B50C46054601F0B2FC00229C
:1082740021460646284601F058FC03212046FBF718
:1082840053F900F023F807462B689B5953B1002695
:108294002146284601F09BFC20460121FBF744F9C6
:1082A4003046F8BD00F012F8C01B0628ECD96FF078
:1082B4007306EDE7002200F150039B009BB203F12B
:1082C400502303F580331A601B68704708B5FBF729
:1082D400B5F908BD01282AD151BB3D2313706FF0B5
:1082E400470353706FF00C0393706FF06903D370FE
:1082F40002235372782353730323084611721171B6
:1083040051719171D17111739373D173117451744B
:108314009174D174117551759175D1751176517629
:108324009176D176117751779177D1777047012083
:10833400704701207047012801BF0323487008716A
:108344000B7005BF00208B700120CB707047012893
:1083540001D1FBF723BC00207047FEF747B908B5ED
:10836400F9F7C8FAFFF7A7F8BDE80840FEF73EB9E9
:108374008068183820F0070010387047042809D0A6
:10838400052803D1481E18BF01207047431A5842DC
:10839400584170470120704738B515460C4661B105
:1083A4005AB1FFF745F82146254411F8013B8342B1
:1083B40003D1A942F9D1012038BD0020FCE738B52A
:1083C4000C460123114622460546FEF7EBFF002822
:1083D4000FDB012221462846FFF7DEFF38B9237858
:1083E400012B14BF022301230020237038BD032373
:1083F400FAE70120FAE78268183A22F00702FFF749
:10840400DEBF13B50C46C0B201A9F9F721FA50B981
:1084140021460198FBF70CFC04460198FEF7C1FFC6
:10842400204602B010BD0124FAE770B504680D1BA4
:10843400002D02DC6FF05F0070BD94F900602378BA
:10844400002E0ADB631C0360237813600368C91AD7
:1084540013688B42EED80020EEE703F07F035C1E26
:10846400032C13D89D42E5DD002414600468013414
:108474000460046815682478013B44EA0524146008
:10848400046804F101040460F3D1DFE76FF06300D2
:10849400D2E770B404680E1B002E07DD26789E42D6
:1084A40008D10134046070BCFFF7BFBF6FF05F00F8
:1084B40070BC70476FF06100FAE773B5022315468C
:1084C40001AA0446FFF7E5FF40B9019E284632465B
:1084D400216800F0AAFB23683344236002B070BD16
:1084E4000139002901DA0020704750F82130002BAF
:1084F400F6D0B3FA83F00131C0EB4110704739B1C3
:1085040001F18041013900EB81018142034600D22F
:1085140070471B680A681BBA12BA40F8042B41F86A
:108524000439F2E72DE9F0411C4613F0030318BFA8
:10853400012303EB94038B4206460D46904613D861
:1085440079B18F003A46002101F0D2FC2CB1381BDE
:1085540022464146304401F0A4FC29463046FFF748
:10856400CEFF0020BDE8F0816FF00700FAE7B3EB1F
:10857400810F70B504464FEA8105104619D95A1B7C
:108584008618002101F0B4FC30462B460021C218A5
:108594008B4210D1002070BD22F00301615802F01B
:1085A4000306F600F140C9B281B90132AA42F3D1FF
:1085B400ECE71A46FAE721F00300205801F003051E
:1085C400ED00E84002F8010D0131E1E76FF007002A
:1085D400E1E7F8B50546500988420C4602F01F064B
:1085E40001D80AD136B12846A2000021BDE8F840DE
:1085F40001F07EBC1F2A02D8F8BD1F2A0FD98200C1
:1086040005EB8003291F05EB8407BB421AD1201A0E
:1086140038BF0022002105EB800001F069FC002E28
:10862400EAD0002205EB8404C6F12000AC42E3D07A
:1086340054F8041C21FA06F3134344F8043D01FAE8
:1086440000F2F3E753F804CB41F804CFDDE71F2A27
:10865400F8B503460D464FEA521402F01F0613D92B
:108664006FF003000A4600FB0430944202F1FF312C
:1086740013D3621BAC4288BF00222A44184600214F
:10868400920001F035FC034636B1002103EB84036C
:10869400C6F12007AC4206D3F8BD50F8212043F8B8
:1086A40021200A46E1E71868013400FA06F20A4379
:1086B40043F8042B20FA07F1ECE7F0B500248446D4
:1086C40020469C4200D1F0BD51F8245052F8247049
:1086D4002E182CBF01250025BF194CF8247045F134
:1086E40000000134EDE7F0B50024064620469C4224
:1086F40000D1F0BD51F824C052F82470ACEB000551
:10870400AF4294BF4FF0000E4FF0010EED1B46F840
:10871400245084452CBF70460EF101000134E6E775
:108724008B4228BF0B462DE9F0479646DE080446E7
:10873400C91A03F0070875460346B4460020089A90
:108744000CF1FF3CBCF1FF3F03F1200305F12005D0
:1087540011D104EB461425460EEB46164FEA880C5D
:1087640006EB880E764540F081806444013980F040
:108774008B80BDE8F08755F8207CA2FB079710EBAF
:10878400090953F8200C47F1000710EB090043F8DE
:10879400200C55F81C0C47F10007A2FB00093F18F8
:1087A40053F81C0C49F10009C01943F81C0C55F886
:1087B400180C49F10009A2FB000719EB000953F852
:1087C400180C47F1000710EB090043F8180C55F892
:1087D400140C47F10007A2FB00093F1853F8140CCE
:1087E40049F10009C01943F8140C55F8100C49F16B
:1087F4000009A2FB000719EB000953F8100C47F11C
:10880400000710EB090043F8100C55F80C0C47F165
:108814000007A2FB00093F1853F80C0C49F10009AA
:10882400C01943F80C0C55F8080C49F10009A2FBD7
:10883400000719EB000953F8080C47F1000710EB87
:10884400090043F8080C55F8040C47F10007A2FB93
:10885400000A17EB000953F8047C4AF1000017EBF7
:10886400090740F1000043F8047C69E756F8043B2B
:10887400A2FB0337C318286847F10007C31847F160
:10888400000045F8043B6DE723681B182CBF01204A
:10889400002044F8043B69E703230168881C400076
:1088A40000F00800084400FB01F2013BC2F102029F
:1088B40002FB00F0F7D1404270472DE9F04F87B03A
:1088C400139D00242E460493109B91460293DDE9E8
:1088D40011834FEAC80283468A462846002104329F
:1088E400059301F005FB08F102030393444515D1F8
:1088F40005EB84012346029A584651F82450FFF7A9
:10890400F2FE6840FBF770FA0A4600235946A600B7
:10891400109607B0BDE8F04FFBF702BD5AF82430BB
:10892400D9F800203768304602FB0377059A03998B
:10893400574300934A46049BFFF7F2FEDDE9022108
:10894400304643460097FFF7EBFE04360134CDE78B
:1089540038B50D460121044600F031F988B9E9889B
:108964002046890100F07DF958B92A46214620465F
:1089740000F02EFB28B92046E988BDE8384000F015
:10898400B8B838BD4901502934BF0122032201235C
:108994009340033358430130704710B586B00B9CA5
:1089A40004940A9C039400240294099C0194089C56
:1089B4000094FBF73DFA06B010BD10B586B00B9CD1
:1089C40004940A9C03944FF02A340294099C019461
:1089D400089C0094FBF72CFA06B010BD30B5054690
:1089E400104600229A4200D130BD51F82240241A88
:1089F40045F8224034BF012000200132F2E703464B
:108A040000EB810100208B4201D1FBF7EDB953F853
:108A1400042B1043F7E71FB5089C00920394069CAF
:108A2400079ACDE90134FFF748FF04B010BD30B513
:108A34001C46012387B00B9D009203950A9D05AA4D
:108A4400CDE901450593FFF738FF07B030BD00229B
:108A54000123C0E90023704710B5044648B10068FB
:108A640018B1E188890000F0DCFB00220123C4E98D
:108A7400002310BD42F21073994270B504460D46AE
:108A840002D96FF00F0070BDC3888B4201D3002060
:108A9400F9E704212846FBF70BFE06460028F0D030
:108AA400216841B1E288920001F0FBF9E188206875
:108AB400890000F0B6FBE5802660E8E738B5044697
:108AC4000D4619B9FFF7C8FF002038BDC2888A4295
:108AD40007D100210068920001F00AFA0123A38063
:108AE400F2E7FFF7B9FF29462046BDE83840FFF713
:108AF400C1BF42F21073994270B50A46054602D9C5
:108B04006FF00F0070BDC3888B4207D8BDE870407A
:108B1400FFF7B0BF296851F8231011B9013B002BAE
:108B2400F8D15C1C944238BF144604212046FBF75C
:108B3400BFFD06460028E3D0296839B1A20001F040
:108B4400B0F9E9882868890000F06BFB0020EC800C
:108B54002E60D7E7884270B505460E4609D0C9880D
:108B6400C28841B92AB1012392008380006801F0D0
:108B7400BFF9002070BD4C1E8CB9B6F90430013425
:108B8400A242AB8012D221462846FFF773FF002889
:108B9400F0D131682868A20001F083F9E9E733686D
:108BA40053F82430002BE8D1013CE5E72868121B78
:108BB4000021920000EB840001F09AF9E9E770B516
:108BC4000C4601210546FFF755FF064688B9EA8899
:108BD40001469200286801F08BF984EAE472A2EB62
:108BE400E472E40FC4EBC4342B68640001341A60EB
:108BF400AC80304670BDC388B1EB431F3FBF0368F0
:108C04004A0953F8220001F01F013ABFC84000F09E
:108C1400010000207047C1880068FFF761BC08B5F7
:108C2400FFF7F9FF0730C00808BD70B50E4612F013
:108C3400030118BF012101EB920105461446FFF719
:108C44003DFF38B923463246E9882868BDE87040BC
:108C5400FFF768BC70BD13460A46C1880068FFF779
:108C640086BC38B504460D46FFF7D5FFE388284493
:108C7400B0EB431F06D820682A46E188FFF7E7FCDB
:108C8400002038BD10F01F0118BF012101EB501165
:108C94002046FFF7EFFE0028EDD0F2E708B50A46BC
:108CA400C18811B10068FFF794FC002008BD10B51D
:108CB400C38823B9CA885AB9ABB1012017E0026846
:108CC40002EB830252F8042C002AF3D1013BF0E7B3
:108CD4000C6804EB820454F8044C0CB9013AEAE73A
:108CE4009342EAD80FD3013B5A1C01D1002010BD96
:108CF400026852F823400A6852F823209442DCD8D0
:108D040003F1FF33F0D24FF0FF30F0E730B5C38802
:108D140023B9CA885AB9002B3DD136E0026802EB68
:108D2400830252F8042C002AF3D1013BF0E70C68CB
:108D340004EB820555F8045C4DBB013AEAE7B1F94E
:108D4400045003D2B1F90400404226E0B0F90420F3
:108D5400002A03DD002D0CDA01201EE0002D08DDC1
:108D64003AB14FF0FF3018E003F1FF330BD2504219
:108D740013E0013B016851F8235054F823108D424D
:108D8400F2D9104609E0591CF4D1002005E0002B6B
:108D9400D8D09342D3D9B0F9040030BD1FB581EACD
:108DA400E173A3EBE17301930123C90FC1EBC1315B
:108DB40049000131ADF80C10ADF80E3002A901AB39
:108DC4000293FFF7A3FF05B05DF804FB90422DE981
:108DD400F04105460F46144602D0884206D1274684
:108DE4000123AB80FC883CB9002003E0FFF7B2FE0E
:108DF4000028F4D0BDE8F0813B684FEA840803EB17
:108E0400840353F8043C0BB9013CECE721462846A3
:108E1400FFF730FE0028EDD12E6823463A6831462C
:108E24003046FFF74AFC074606EB0803002FDBD069
:108E3400EA88661CA24208D831462846FFF71AFE83
:108E44000028D7D12B6803EB84031A683446D2195F
:108E54002CBF0127002743F8042BE7E72DE9F04155
:108E640005460E469046D4883CB9F188A1420ED2FC
:108E74006FF009073846BDE8F081D8F8003003EBFD
:108E8400840353F8043C002BEFD1013CECE7284663
:108E9400FFF7F0FD07460028ECD1F28894420BD28C
:108EA400AE4209D028683168121B920001EB84019C
:108EB40000EB840000F0F5FFEA88F088824207D9CD
:108EC4002B68121A0021920003EB800001F010F8C5
:108ED400D8F80020234631682868FFF704FC0246CE
:108EE40010B90123AB80C5E72968EB8801EB840145
:108EF40008461B1BFFF772FD0028F2D0B8E72DE9E6
:108F0400F843B1F90440B2F804C081461CFB04FCE8
:108F1400664673430D4617461CD511462846FFF78F
:108F2400C6FEB0F100080DDB3A4629464846FFF775
:108F340095FF98B9B8F1000F08BF01240020A9F8E3
:108F440004400BE02A464846FFF788FF30B96442E4
:108F540024B2F3E7FFF73AFF0028EFD0BDE8F88327
:108F64000123FFF7CCBF4FF0FF33FFF7C8BF2DE954
:108F7400F341054688461646CF883FB1D8F80030FD
:108F840003EB870353F8043C3BB146B90021284660
:108F940002B0BDE8F041FFF712BE013FEDE72846FD
:108FA400791CFFF767FD044670B941462846FFF770
:108FB400D1FD044640B9013E00963B46D8F8002056
:108FC400E9882868FFF7ACFB204602B0BDE8F081D1
:108FD40070B504460D46104600211646FFF7DEFE26
:108FE400002824DB2A46334621460020FAF7FEFFF8
:108FF400054638B1284670BD324621462046FFF763
:10900400AFFF90B900212046FFF7C8FE0028F3DB2C
:1090140031462046FFF77AFE0028EBDB3246214634
:109024002046FFF7A0FF0028F2D00546E2E76FF0E4
:109034000905DFE72DE9F04F89B00646DDE912584E
:109044008B462846002191460593FFF7A7FE00288A
:1090540005DC6FF00304204609B0BDE8F08F2B68EF
:109064001B68D907F5D500214846FFF797FE00286D
:10907400EFDB4846FFF7CFFDB0F5005FE9D828469F
:10908400FFF7C9FDB0F5005FE3D8B9F8061031B9B0
:109094000121304609B0BDE8F04FFFF790BDE888E4
:1090A400FFF770FC04218246FBF702FB0746002809
:1090B40000F0AA80002201234FEA8A0ACDE90623A0
:1090C400B8F1000F0DD1294606A8FFF741FC04466C
:1090D40000B35146384600F0A4F806A8FFF7BCFCDC
:1090E400B9E7D8F80030002B6ED106AB18462946F4
:1090F400FFF72EFC06AB044640B15146384600F05B
:1091040090F8D8F80030002BA5D1E6E793E80300E7
:1091140088E8030059463046FFF71CFD0446002842
:1091240067D1012329463046B380FFF7EFFD0028BD
:1091340057DA3046E988FFF79DFC0446002858D1E9
:109144002868FFF7A9FB069B0090029701933168FA
:10915400EB882A6804900846FFF75DFC059B069897
:10916400B9F806203168B3F12A3FEB88CDE902074C
:109174000192D9F80020084600922A6841D1FFF7ED
:109184001CFC049B019700933168EB8808462A680D
:10919400FFF74DFCBBF904B0BBF1FF3F29D1D9F86F
:1091A40000301B68DB0724D5F1883068FFF727FC03
:1091B40001225946FAF70CFF3246B0802946304660
:1091C400FFF7CEFE044614E04046E988FFF752FC60
:1091D4000446002891D198E8030008AB03E9030092
:1091E40098E72A4631463046FFF7F2FE0446002847
:1091F4009FD05146384600F014F8B8F1000F80D1E2
:109204006BE7FFF7CAFBBCE76FF00F0423E713B566
:10921400049CCDE900344FF02A33FFF70BFF02B072
:1092240010BD10B5044608B1FBF736FA2046BDE878
:109234001040FBF743BA00207047704770472DE990
:10924400F8430446DDE90876914698460D4651B93F
:10925400B9F1000F10D1B8F1000F15D1E7B91EBB59
:1092640055BB002006E00830FFF774FC0028EFD05F
:10927400A0F58140BDE8F883494604F12000FFF7DA
:1092840069FC0028E7D0F3E7414604F12800FFF722
:1092940061FC0028E2D0EBE7394604F11800FFF73F
:1092A40059FC0028DBD0E3E7314604F11000FFF756
:1092B40051FC0028D4D0DBE704F10800FFF7AFFC31
:1092C4006060CEE77822002100F012BE406870474B
:1092D40010B50446A0B36030FFF7BEFB04F168008C
:1092E400FFF7BAFB04F14800FFF7B6FB04F11800DE
:1092F400FFF7B2FB04F12800FFF7AEFB04F12000F6
:10930400FFF7AAFB04F11000FFF7A6FB04F1080025
:10931400FFF7A2FB04F15800FFF79EFB04F1500095
:10932400FFF79AFB04F14000FFF796FB04F13800C5
:10933400FFF792FB04F13000BDE81040FFF78CBB4F
:1093440010BD6822002100F0D3BD10B16821FBF7E5
:10935400A3B970472DE9F04105460E4614467AB389
:10936400036C03F03F079B18036422BF436C013373
:1093740043645FB3C7F1400842451CD342463844B6
:1093840000F08FFD29462846FBF7B8FAC8B92744F0
:10939400A7F140043F2C46440BD900272846F11975
:1093A400FBF7ACFA78B94037E31B3F2BF6D81C46E1
:1093B4003E442CB1002722463146E81900F071FDE5
:1093C4000020BDE8F0814FF0FF30FAE73F2AE4D8EF
:1093D400F1E770B50D468021036C044603F03F03AA
:1093E4005A1C382AC154104431D80021C2F1380221
:1093F40000F07EFDD4E910315A0F42EAC102DB00CD
:1094040012BA1BBA21462046A263E363FBF776FA3D
:109414000646B8B9A36C1BBA2B60E36C1BBA6B602D
:10942400236D1BBAAB60636D1BBAEB60A36D1BBAF3
:109434002B61E36D1BBA6B61236E1BBAAB61636E68
:109444001BBAEB612046FFF780FF304670BD002158
:10945400C2F1400200F04CFD21462046FBF74EFAD3
:1094640006460028EED1014638222046C0E70020F7
:10947400704703460020184700F07EBC024610B532
:10948400116891B1B1FA81F3C3F11F000123834044
:1094940021EA0303D2E8EF4F8C4204D1C2E8EC3F47
:1094A400BCF1000FF6D1EBD110BD6FF00B00FBE760
:1094B40010B50368CB40DB0710D401238B4002684E
:1094C40043EA0201D0E8EF4F944204D1C0E8EC1F14
:1094D400BCF1000FF6D1F2D1002010BD6FF01500E1
:1094E400FBE770B5D0F880300646002B0C461546D5
:1094F40013DBD1F88030002B0FDB00210846FBF78B
:1095040091FB48B92B7843F00043C6F880302B78A0
:1095140043F00043C4F8803070BD6FF01500FBE7E2
:1095240003280BD8DFE800F002040608FBF7D0BCE0
:10953400FBF7FCBBFBF784BCFBF73ABC7047032882
:109544000BD8DFE800F00402060800F02EB800F0A3
:109554007FB800F062B800F044B8704708B5FBF774
:1095640001FCFBF7F9FCFBF789FCBDE80840FBF7BD
:109574003DBC38B54FF050240123C4F80833636070
:10958400002342F21075C4F80031D4F80031D4F845
:109594000C24D4F80C34D20306D5DB0704D50120FF
:1095A400FFF76AFF013DF2D138BDFFF7E2BF38B5DE
:1095B4004FF050244FF48073C4F808330123E3615F
:1095C400002342F21075C4F82031D4F82031D4F8C5
:1095D4005434DB0304D50120FFF74EFF013DF6D1DF
:1095E40038BDFFF7E4BF38B54FF050244FF4007393
:1095F400C4F8083301236362002342F21075C4F8EF
:109604002431D4F82431D4F85C34DB0304D50120AC
:10961400FFF732FF013DF6D138BDFFF7E4BF38B59F
:109624004FF050240223C4F808330123E3600023DD
:1096340042F21075C4F80431D4F80431D4F8183463
:10964400DB0304D50120FFF717FF013DF6D138BD38
:10965400FFF7E5BFF7B51646DDE90847019001A815
:109664001D46FBF7B3FC019BB6F1000C18BF4FF08D
:10967400010C00EB83000B1E18BF0123002D43EAED
:109684004C0314BF4FF00C0C4FF0000C002C43EAB9
:109694000C0314BF4FF4706C4FF0000C002F43EA1E
:1096A4000C0314BF4FF4403C4FF0000CD0F80022E0
:1096B40043EA0C0322EA030301B109780EB13678B8
:1096C400760019430DB12D78AD0031430CB12478E7
:1096D400240229430FB13F783F040C433C43C0F8B4
:1096E400004203B0F0BD1FB50DF10F030193002339
:1096F4008DF80F101A4619460093FFF7ABFF05B01B
:109704005DF804FB10B504460846FBF771FC04EB56
:109714004004A08AC0F3401010BD10B504460846AA
:10972400FBF766FC04EB4004A08AC0F3400010BDC4
:1097340010B504460846FBF75BFC04EB4004A08A22
:10974400400B10BD70B5044608461646FBF750FCA6
:10975400083034F810300D46DA0509D5C3F3432335
:1097640004EBC3023146284654F833305268984714
:10977400A3682BB131462846E268BDE8704018471B
:1097840070BD10B504460846FBF732FC00B204EB8A
:109794004000838ADA051DD5C3F3432123F4F8532B
:1097A400838204F1120204F1720032F8023F13F4CE
:1097B400807F03D0C3F3432399420BD08242F4D178
:1097C400002204EBC1035A6004F17800BDE81040A4
:1097D400FFF76EBE10BD10B50446FFF793FF40B10E
:1097E4002046FFF7A5FF00B2800000F5807080B22C
:1097F40010BD4FF4BE70FBE7F0B50446002001270E
:109804000546844695420AD1D4F87C3133B100230D
:10981400C4F87C31D4F87C3140F00040F0BDEBB2A8
:109824009B0003F580769B0807FA03F3194208D0DE
:1098340054F806E0BEF1000F03D044F806C0A65960
:1098440018430135DEE738B504460D46FFF75AFFE5
:10985400B0B12046FFF761FF90B92046FFF768FFDB
:10986400012322688340C2F80833236800B203EB63
:109874008003D3F8102522F00302C3F8102538BD65
:109884002846BDE838400021FFF72DBF2DE9F043FD
:109894001746044685B00846FBF7AAFBD7F80080B4
:1098A4000E460546B8F1000F1FD02046FFF735FFDE
:1098B40018B12046FFF726FF30BB00230DF10F023D
:1098C400CDE900338DF80E308DF80F303046434625
:1098D4000DF10E01FFF7BEFE2AB204EB4202938A99
:1098E40023F0020343F0010393827B68002B34D0FE
:1098F4003146204693F80080D3F80490FFF70DFF1B
:1099040028B1B9F1000F1FD06FF0150028E028B27C
:1099140004EB4000838A23F4604323F02003838212
:10992400B9F1000F10D0B8F1030FEDD87B682168AE
:109934005B6893F800C001EB8C01B8F1000F12D101
:10994400C1F81085C1F810852AB204EB4202938A4B
:1099540023F01C0343EA88039382BB684BBB0020BB
:1099640005B0BDE8F083D1F8102522F00302C1F858
:109974001025226802EB8C03D3F8102522F44F3211
:1099840022F44072C3F810253202D3F8101502F401
:109994007C5242EA08420A43C3F8102504EB4C0304
:1099A400A3F87C60838A43EA4C3343F02003838228
:1099B400CAE73146D3E900782046FFF7E2FE002FDC
:1099C400CDD063689F4206D004F17800FFF756FDBE
:1099D400002804DAC4E7A3689845F5D1002004EB15
:1099E400C003C3E901782DB204EB4505AB8AC0B2CC
:1099F40043EA402343F48073AB82B0E72DE9F0439C
:109A0400054685B0084617461E46FBF7F1FA0C4694
:109A1400804637B32846FFF780FE18B92846FFF77B
:109A240071FE28BB0FFA88F905EB4909B9F814301F
:109A340013F01C0F02D07B78012B19D001238DF871
:109A44000F3000232046CDE900737A1CBB1C0DF1B6
:109A54000F01FFF7FFFDB9F8143043F00303A9F831
:109A64001430002E41D021462846FFF756FE20B977
:109A74006FF0150005B0BDE8F083002237782B683D
:109A84004FEA870C03EB8703C3F81025C3F81025AE
:109A94000FFA88F205EB4202938A23F4604323F021
:109AA40020039382707800B32968B6786144D1F8B2
:109AB4001035000423F4991323F4F853C1F8103536
:109AC400230200F4403003F47C5303433005D1F8FF
:109AD400105500F4801003432B43C1F81035938ACA
:109AE40043EA473343F0200393820020C2E7C0E9EE
:109AF4000312704770B504461546FFF703FE48B1DC
:109B04000846FBF775FA04EB40040020A38A5B0BBC
:109B14002B7070BD6FF01500FBE790F88C000038D7
:109B240018BF01207047FBF78BBA2DE9F3410446B7
:109B34001746FFF7E7FD0D46266800B32046FFF7FA
:109B4400ECFD8046D8B92046FFF7F2FD05B2AD0022
:109B540005F5807246F802802168B2582944D1F88C
:109B6400102542F00102C1F810252FB1012221680D
:109B740002FA00F3C1F8043302B0BDE8F081D6F86C
:109B840004332846002BA4BF4FF00043C6F8043327
:109B9400FBF72EFA04EB4004A38AC3F38203042BDD
:109BA40011D0052B11D001A80195FBF70FFA019BE9
:109BB4000169D94001F001010231284602B0BDE833
:109BC400F041FFF790BD0321F7E70221F5E7FFF726
:109BD4003ABEFFF700BE4FF0FF3307B500F00300B5
:109BE400019301AB184400F05CF9019803B05DF8EF
:109BF40004FB4FF4801070474FF4805070474FF4CB
:109C0400807070470223FBF77FBC0323FBF77CBC07
:109C140000210220FBF73ABF70B50126A2F580743B
:109C2400A40806FA04F4054614EA010008D0A8586A
:109C340030B100213046A950AA581A6822431A604C
:109C440070BD00232DE9F34104460D46019390466F
:109C540001AB4FF4A672FFF7DFFF4FF4827229467F
:109C64002046FFF7D9FF4FF48C7207462946204659
:109C7400FFF7D2FF064630B1B8F1000F1DD017B17F
:109C84003E46D4F83C354FF488722946204601AB51
:109C9400FFF7C2FF30B1B8F1000F03D016B90FB10E
:109CA400D4F83C354FF490722946204601ABFFF7B7
:109CB400B3FF019802B0BDE8F0814646E3E707B57B
:109CC400019001A8FBF78EFF0123019A9340836062
:109CD40003B05DF804FB07B5019001A8FBF782FF10
:109CE4000123019A9340C36003B05DF804FBF8B507
:109CF4001D4690F82030044616469BB941B9C0E988
:109D040001250020012384F8210084F82030F8BDC7
:109D1400FBF7A0FF0028FAD12046C4E90165FCF74F
:109D240025F8EEE76FF07700F1E7024670B552F8D8
:109D3400105B044640212846FFF783FFD8B1606AD0
:109D4400421C05D094F822309B0711D5FFF7C3FFBE
:109D540094F821301BB12846211DFBF755FF2046FE
:109D6400002300F80C3FD4E90131BDE870401847E6
:109D7400FFF7A5FFECE770BD08B1F8F7BFBA70476D
:109D840010B5436904463BB90020E2684042537869
:109D940043F00103537010BD98470028F4D0002805
:109DA400B8BF4042FF28A8BFFF20E3681870ECE763
:109DB40040B1C368587810F001001EBF1878B0FA9B
:109DC40080F040097047EFF31183202383F3128856
:109DD400BFF36F8FFEE708B5FFF7F5FF10B5EFF39C
:109DE4001184202383F31288BFF36F8FFFF7F3FFEF
:109DF40084F31188BFF36F8F10BDEFF30580003833
:109E040018BF0120704708B50246FCF717FA70B175
:109E1400D0E904319B1A61EBE272B3F1004F72F1A5
:109E2400000104DA002AACBF1846002008BD6FF018
:109E34000040FBE7024638B5EFF31185202383F396
:109E44001288BFF36F8F0368CBB1FCF7F7F90446B0
:109E54001046FCF705FA00224FF000438442C0E9A3
:109E6400042306D1FCF7F2F9FFF7CDFF0021F9F73F
:109E740049FD002085F31188BFF36F8F38BD6FF063
:109E84001500F7E7FCF7F4BA10B50446FFF7D2FF64
:109E940028B9636A1BB12046BDE81040184710BDBD
:109EA40070470A44431E914200D1704710B511F81F
:109EB400014B914203F8014FF9D110BD884210B50E
:109EC40001EB020402D98442234607D8431EA1426F
:109ED40008D011F8012B03F8012FF8E702440146DA
:109EE4008A4200D110BD13F8014D02F8014DF7E785
:109EF40002440346934200D1704703F8011BF9E77B
:109F04000139024410B5904201D1002005E00378E4
:109F140011F8014FA34201D0181B10BD0130F2E724
:109F2400F0B5C2F13705044602F01F020846EDB24F
:109F34002746B4FBF2F602FB16413446CBB209299C
:109F440084BF5B19DBB2BA4203F1300300F8013B72
:049F5400EED9F0BD95
:089F58003062FF7F01000000F0
:109F6000F92300000000000000000000E09F000056
:109F70000000000018A0000000000000FC9F00008E
:109F80005F830000000000000000000034A000001B
:109F90002127000000000000A93700000000000099
:109FA000D9210000000000006383000000000000D1
:109FB00073940000000000000000000050A00000AA
:109FC0000000000088A0000000000000A4A0000025
:109FD000000000006CA00000D51800000000000088
:109FE00065AE000008A500005CA30000E821002089
:109FF000FC270120A124000000000000D7AE0000D3
:10A00000C4A5000030A30000F0210020B4280120E6
:10A01000B92C000000000000E3AE0000D8A500004D
:10A0200030A30000F2210020C0280120B92C00003C
:10A0300000000000F8AE0000ECA5000078A30000CE
:10A04000F4210020CC280120F17D00000000000058
:10A0500095AE000040A5000018A30000EA210020F2
:10A06000A02801200D28000000000000A2AE000082
:10A0700000000000E8A20000EC2100200000000029
:10A08000C529000000000000B9AE0000000000007B
:10A0900000A30000EE21002000000000F52A0000CF
:10A0A0000000000002AF000034A6000054A300002E
:10A0B000F6210020F42000209F7F00000000000017
:10A0C00000000000E974000000000000E9740000D6
:10A0D00000000000E974000000000000E9740000C6
:10A0E00000000000E9740000619500007794000012
:10A0F00000000000E974000000000000E9740000A6
:10A1000000000000E974000000000000E974000095
:10A11000F42000202F9D000000000000E9740000E2
:10A1200000000000E974000064200020557D00005C
:10A1300000000000E974000000000000E974000065
:10A1400000000000E974000000000000E974000055
:10A1500000000000E974000000000000E974000045
:10A1600000000000E9740000000000003938000021
:10A1700000000000E974000000000000E974000025
:10A1800000000000E974000000000000E974000015
:10A1900000000000E974000000000000E974000005
:10A1A00000000000E974000000000000E9740000F5
:10A1B00000000000E974000000000000E9740000E5
:10A1C00000000000E974000000000000E9740000D5
:10A1D00000000000E974000000000000E9740000C5
:10A1E00000000000E974000000000000E9740000B5
:10A1F00000000000E974000000000000E9740000A5
:10A2000000000000E974000000000000E974000094
:10A2100000000000E97400002D5B0000779400004E
:10A2200000000000E974000000000000E974000074
:10A2300000000000E974000000000000E974000064
:10A2400000000000E974000000000000E974000054
:10A2500000000000E974000000000000E974000044
:10A2600000000000E974000000000000E974000034
:10A2700000000000E974000000000000E974000024
:10A2800000000000E974000000000000E974000014
:10A2900000000000E974000000000000E974000004
:10A2A00000000000E974000000000000E9740000F4
:10A2B00000000000E974000000000000E9740000E4
:10A2C00000000000E974000000000000E9740000D4
:10A2D00000000000E974000000000000E9740000C4
:08A2E00000000000E974000019
:10A2E800857C0000DD290000397C0000BD290000C4
:10A2F800057C0000AD290000C92A0000752A00006D
:10A308000D2B00006D2A0000AD7C00005D2A0000C6
:10A3180003790000217A00001D7B0000A9270000B6
:08A32800AF7700009927000047
:10A33000F52C0000BB7C0000C77C0000DB7C00002B
:10A34000E57C0000EF7C00006D2B0000037D000029
:04A350000000000009
:08A35400B13100005B80000044
:10A35C008D7600001F7600007F7600000000000064
:0CA36C00BD7500000000000000000000B3
:0CA378008D7D0000013100007F7D0000A1
:08A384008EA900000300000097
:10A39000FF000000FF000000FF000000FF000000C1
:10A3A000FF000000FF000000FF000000FF000000B1
:10A3B000FF000000FF000000FF000000FF000000A1
:10A3C0000338FDD8704700000400000002000000C0
:10A3D0000100000008000000010000009DAC00002A
:10A3E000F4A30000040000000200000001000000CF
:10A3F000080000000E010000008000500090005096
:10A400000B00000000000000000000000000010040
:10A410006CA000000100000000000000000004002B
:10A4200088A00000020000000000000000000E00F4
:10A4300050A0000003000000000001000002000026
:10A440006CA00000040000000000010000000E00ED
:10A450006CA00000050000000002010000FE0D00DD
:10A460006CA00000060000000002010000FE0D00CC
:10A470006CA00000070000000000040000000000C5
:10A4800088A000000800000000000E00000004008A
:10A4900050A000000900000000000F0000000100B3
:10A4A0006CA000000A0000000000120000006E0016
:10A4B00050A0000000000000B9740000002000203F
:10A4C000400000000600010002000000D0A40000CF
:10A4D0000000000045AE000002000000E0FF0F0099
:10A4E000002000204DAE000021000000E0FF06200B
:10A4F000792300009B750000000000005D2400002F
:10A500002D24000000000000852500000525000026
:10A5100070AE0000C1760000BD76000076AE00008F
:10A52000AB760000B77600007CAE0000A576000098
:10A53000B176000086AE00000400000000FF0000BD
:10A54000000000000000000000000000000000000B
:10A5500000000000000000000000000004030000F4
:10A560000000000BF4010000000101000000800069
:10A57000C228170078A5000000B0025084A5000092
:10A58000010000008CA50000060000001118001D4D
:10A590000D18001F0E1800200F180021101800229F
:10A5A0001218001E0008000000100000010000004A
:10A5B00000FF000040000000001000000400000048
:10A5C00000FF0000FFFF00000028845064200020EE
:10A5D0000000000001000000FFFFFFFF0025845085
:10A5E00064200020000000000000000000800050F7
:10A5F000010000000000000010A600000000D601CD
:10A6000000000000000000008A4205208942052069
:10A61000008000501CA600000100000024A60000DD
:10A6200004000000140000001300000216060001E0
:10A63000150600030048E8010000000000000000CB
:10A6400000000000FFFFFFFF0000FF00000000000F
:10A6500000000000FFFFFFFF0200000101000000FA
:10A66000E97E0000FFFF000078A600000000000067
:10A67000FFFFFFFF0000000000A0005084A60000C4
:10A68000010000008CA60000030000002F18000449
:10A690002E1800062D180005FC9F00000C0001007C
:10A6A000040000000200000001000000080000009B
:10A6B000982F8A4291443771CFFBC0B5A5DBB5E92D
:10A6C0005BC25639F111F159A4823F92D55E1CABA1
:10A6D00098AA07D8015B8312BE853124C37D0C552F
:10A6E000745DBE72FEB1DE80A706DC9B74F19BC177
:10A6F000C1699BE48647BEEFC69DC10FCCA10C2467
:10A700006F2CE92DAA84744ADCA9B05CDA88F9764A
:10A7100052513E986DC631A8C82703B0C77F59BFB4
:10A72000F30BE0C64791A7D55163CA0667292914E0
:10A73000850AB72738211B2EFC6D2C4D130D38537D
:10A7400054730A65BB0A6A762EC9C281852C72923F
:10A75000A1E8BFA24B661AA8708B4BC2A3516CC76D
:10A7600019E892D1240699D685350EF470A06A10A6
:10A7700016C1A419086C371E4C774827B5BCB034F5
:10A78000B30C1C394AAAD84E4FCA9C5BF36F2E6893
:10A79000EE828F746F63A5781478C8840802C78C22
:10A7A000FAFFBE90EB6C50A4F7A3F9BEF27871C625
:10A7B0000800000003000000080000000300000083
:10A7C000609F0000689F0000989F0000A09F00000D
:10A7D000D89F0000E09F0000FF8FFFFFFF8FFFFF6B
:10A7E000FE8FFFFFFE8FFFFFFD8FFFFFFC8FFFFF40
:10A7F000FC8FFFFFFB8FFFFF436F756C64206E6F54
:10A8000074206C6F636B20706F7765722073617654
:10A8100065206D75746578006D757465785F667216
:10A8200065652063616C6C65642077697468204E8F
:10A83000554C4C20706172616D657465720000004A
:10A8400043616E277420696E697469616C697A6509
:10A85000206D757465782C20776173204E554C4CB3
:10A860000D0A00000100020010001100120020007B
:10A870002100220023002400300031003200330088
:10A88000FFFF77C295F360D2EF7F3552500F2CB6A1
:10A89000798025633A205374617274696E6720620F
:10A8A0006F6F746C6F616465720A0025633A20559E
:10A8B0006E61626C6520746F2066696E6420626FE1
:10A8C0006F7461626C6520696D6167650A0025635C
:10A8D0003A20426F6F746C6F6164657220636861C7
:10A8E000696E6C6F61642061646472657373206F5C
:10A8F00066667365743A20307825780A0025633AD5
:10A9000020496D6167652076657273696F6E3A20C4
:10A910007625642E25642E25640A0025633A204A94
:10A92000756D70696E6720746F2074686520666944
:10A9300072737420696D61676520736C6F740A00AF
:10A9400025633A2050726F74656374206D6375627D
:10A950006F6F7420666C617368206661696C6564F2
:10A960002C2063616E63656C207374617274757002
:10A970002E0A0025633A204E657665722073686F53
:10A98000756C642067657420686572650A006D6384
:10A9900075626F6F740025633A20696E76616C6929
:10A9A0006420666C6173682049442025643B2065FF
:10A9B000787065637465642025640A0000000000F7
:10A9C000000000007072696D617279007365636FD9
:10A9D0006E646172790025633A20496D6167652074
:10A9E000696E2074686520257320736C6F7420690C
:10A9F00073206E6F742076616C6964210A00256390
:10AA00003A204661696C656420746F2072656164E8
:10AA100020696D616765202564206C6F6164206129
:10AA20006464726573730A0025633A2042696E613B
:10AA3000727920696E207365636F6E64617279202C
:10AA4000736C6F74206F6620696D61676520256483
:10AA5000206973206E6F742064657369676E61741A
:10AA6000656420666F7220746865207072696D611C
:10AA7000727920736C6F740A0025633A2045726105
:10AA800073696E6720696D6167652066726F6D20FE
:10AA90007365636F6E6461727920736C6F740A0002
:10AAA00025633A204661696C656420746F206F707D
:10AAB000656E20666C6173682061726561732C201D
:10AAC00063616E6E6F7420636F6E74696E75650A74
:10AAD0000025633A204661696C6564207265616493
:10AAE000696E6720736563746F72733B20424F4FCA
:10AAF000545F4D41585F494D475F534543544F5252
:10AB0000533D2564202D20746F6F20736D616C6C34
:10AB10003F0A0025633A204661696C6564207265CE
:10AB20006164696E6720696D61676520686561644D
:10AB30006572733B20496D6167653D25750A002587
:10AB4000633A204572617365207365636F6E64615B
:10AB500072793A20696D672025643A2025640A00DD
:10AB600025633A20496D616765202564207570670B
:10AB700072616465207365636F6E646172792073BE
:10AB80006C6F74202D3E207072696D617279207334
:10AB90006C6F740A0025633A2045726173696E67B1
:10ABA00020746865207072696D61727920736C6FB2
:10ABB000740A0025633A20496D6167652025642089
:10ABC000636F7079696E6720746865207365636F61
:10ABD0006E6461727920736C6F7420746F20746876
:10ABE00065207072696D61727920736C6F743A20A0
:10ABF0003078257A782062797465730A0025633A83
:10AC00002070616E6963210A0025633A2043616EFA
:10AC10006E6F7420757067726164653A206D6F7233
:10AC20006520736563746F7273207468616E206150
:10AC30006C6C6F7765640A0025633A2043616E6E21
:10AC40006F7420757067726164653A20736C6F74FD
:10AC5000732068617665206E6F6E2D636F6D706115
:10AC60007469626C6520736563746F72730A002582
:10AC7000633A2043616E6E6F742075706772616411
:10AC8000653A20736C6F747320617265206E6F7407
:10AC900020636F6D70617469626C650A00308201B7
:10ACA0000A0282010100D106081A18442C18E8FB98
:10ACB000FDF70DA34F1FBBEE5EF9AAD24B18D35A76
:10ACC000E96D188019F9F09C341BCBF3BC74DB429E
:10ACD000E78C7F10537E435E0D572C44D167080FDD
:10ACE0000DBB5CEEECB399DFE04D840BAA774160BD
:10ACF000ED152849A701B43C10E6698C2F5FAC41E3
:10AD00004D9E5C14DFF2F8CF3D1E6FE75BBAB4A92D
:10AD1000C8887E473C94C37767544BAA8D3835CAA0
:10AD200062617EB7E115DB7773D4BE7B72218969DE
:10AD300024FBF8656E643EC80ED785D55C4AE453A3
:10AD40000D2FFFB7FDF31339833FA3AED20FA76AD0
:10AD50009DF9FEB8CEFA2ABEAFB8E0FA823754F4B5
:10AD60003EE12BD0D3085818F65E4CC8888131AD2F
:10AD70005FB08217F28A692723F3AB873E931A1DCF
:10AD8000FEE8F81A246659F81CABDCCE681B666432
:10AD900035ECFA0D119DAF5C3AA7D167C647EFB10C
:10ADA0004B2C62E1D1C902030100012A2A2A204268
:10ADB0006F6F74696E67204D79204170706C6963A4
:10ADC0006174696F6E2076322E332E302D64657675
:10ADD0002D653233346666366639316338202A2A67
:10ADE0002A0A002A2A2A205573696E67206E524665
:10ADF00020436F6E6E6563742053444B2076332E70
:10AE0000322E39392D3766653361333661653962E3
:10AE100036202A2A2A0A002A2A2A205573696E67B0
:10AE2000205A6570687972204F532076342E332E65
:10AE300039392D39626139633864313933346120ED
:10AE40002A2A2A0A00464C4153485F300053524197
:10AE50004D5F300061626F727428290A00000000A3
:10AE60000121200B0A636C6F636B4035303030007A
:10AE70006866636C6B006C66636C6B006866636C21
:10AE80006B3139326D006866636C6B617564696F34
:10AE900000000000016D783235723634333566407B
:10AEA0003000666C6173682D636F6E74726F6C6CCA
:10AEB0006572403339303030006E6F726469635FA1
:10AEC00072616D2D666C6173682D636F6E74726F45
:10AED0006C6C65724030006770696F40383432388E
:10AEE0003030006770696F403834323530300000E0
:10AEF000010203040506070B756172744038303097
:10AF00003000737069406130303000000000017023
:10AF100065726D0074657374004255473B20636130
:10AF20006E27742068617070656E00726576657258
:10AF3000740025633A205365636F6E6461727920F3
:10AF4000696D616765206F6620696D616765207056
:10AF5000616972202825642E2920697320756E721C
:10AF60006561636861626C652E205472656174204E
:10AF7000697420617320656D7074790A0025633AE5
:10AF800020496D61676520696E6465783A202564A3
:10AF90002C205377617020747970653A2025730AEC
:10AFA0000025633A20496D61676520696E646578A4
:10AFB0003A2025642C205377617020747970653AAB
:10AFC000206E6F6E650A000401040304020401048C
:10AFD00001040301040304010409204000000001EE
:10AFE000010100000100000000203030303030301E
:10AFF00030303030303030300001000000010001CE
:10B00000010100000001286E756C6C290000000031
:10B010002DE9F041DFF814C0054F86464FF0005887
:10B02000A7EB0C0770460047BDE8F0810020002028
:10B030004020002000000000000000000000000090
:10B040000000000000000000000000000000000000
:10B050000100000001000000FFFFFFFFA5710000DC
:10B0600004A4000000000000917500000000000032
:10B070000000000000D000500000000000000000B0
:10B0800000000000000000000000000000000000C0
:10B0900000000000000000000000000000000000B0
:10B0A00000000000000000000000000000000000A0
:10B0B0000000000000000000000000000000000090
:10B0C0000000000000000000000000000000000080
:10B0D0000000000000000000000000000000000070
:10B0E0000000000000000000000000000000000060
:10B0F0000000000000000000000000000000000050
:10B100000000000000A0005000000000000000004F
:10B11000000000000000000000000000000000002F
:10B12000000000000000000000000000000000001F
:10B1300098A60000010000000000000000000000D0
:10B1400000000000000000000000000000000000FF
:10B1500000000000000000000000000000000000EF
:10B16000A4A00000000000000000000093420520A1
:10B170008B420520F59E00003F92000041920000A6
:10B180003B9200000090D003FF000000FF00000091
:10B19000802100208021002000000000296600009E
:10B1A00098210020B4210020AC210020A8210020FB
:10B1B000A4210020E0210020D8210020D02100205F
:10B1C00000000000C82100207D680000C967000061
:10B1D000FD67000045680000702901203A00003A30
:10B1E000742901203A00003A782901203A00003AF7
:08B1F0007C2901203A00003A1D
:10B1F8000000000000000000000000000000000047
:10B208000000000000000000A5640000000000002D
:10B218000000000000000000102200201022002082
:10B228002D3A0000000000000000000000000000AF
:08B2380000000000000000000E
:04B2400015E015E020
:0400000300001BF5E9
:00000001FF
